Manufacturer,Sensor,Canonical_ID,Marketing_Name,Internal_Code,Aliases,Naming_Status,Resolution_MP,Resolution_Px,Sensor_Size,Pixel_Size_um,Pixel_Binning,FWC,AF,HDR,CFA,Two_Layer_Transistor,Transfer_Gate,Example_Phones,Source_URL,Source_Type,Notes,First_Listed_Year,Sensor_Confidence,Additional_Source_URL,Mapped_Phone_Count,Known_Camera_Roles,First_Known_Phone_Year,Latest_Known_Phone_Year,Phones_With_SoC_Data,Phone,OEM,Camera_Role,Release_Year,SoC,Mapping_Source_URL,Mapping_Source_Type,SoC_Source_URL,Mapping_Confidence,Phone_Canonical_ID,DXOMARK_Match_Status,DXOMARK_Device,DXOMARK_Camera_Score,DXOMARK_Photo_Score,DXOMARK_Video_Score,DXOMARK_Main_Score,DXOMARK_UltraWide_Score,DXOMARK_Tele_Score,DXOMARK_Selfie_Score,DXOMARK_Display_Score,DXOMARK_Battery_Score,DXOMARK_Launch_Price_USD,DXOMARK_Launch_Date,DXOMARK_Camera_Protocol,DXOMARK_Source_URL,DXOMARK_Source_Type,DXOMARK_Checked_Date
BYD,BF2257,BYD:BF2257,BF2257,,,Canonical product name,2,,1/5.00,1.75,,,,,,,,,https://helpix.ru/isensor/,Helpix smartphone sensor index,Added in ultra expansion; mobile-camera sensor index listing.,,Medium,,0,,,,0,,,,,,,,,,,No phone mapping,,,,,,,,,,,,,,,,
BYD,BF2553,BYD:BF2553,BF2553,,,Canonical product name,5,,1/5.00,1.12,,,,,,,,,https://helpix.ru/isensor/,Helpix smartphone sensor index,Added in ultra expansion; mobile-camera sensor index listing.,,Medium,,0,,,,0,,,,,,,,,,,No phone mapping,,,,,,,,,,,,,,,,
GalaxyCore,GC02K0,GALAXYCORE:GC02K0,GC02K0,,,Canonical product name,2,,1/5.00,1.75,,,,,,,,,https://helpix.ru/isensor/,Helpix smartphone sensor index,Added in ultra expansion; mobile-camera sensor index listing.,2020.0,Medium,,0,,,,0,,,,,,,,,,,No phone mapping,,,,,,,,,,,,,,,,
GalaxyCore,GC02M1,GALAXYCORE:GC02M1,GC02M1,,,Canonical product name,2,,1/5.00,1.75,,,,,,,,,https://helpix.ru/isensor/,Helpix smartphone sensor index,Added in ultra expansion; mobile-camera sensor index listing.,2020.0,Medium,,0,,,,0,,,,,,,,,,,No phone mapping,,,,,,,,,,,,,,,,
GalaxyCore,GC02M1B,GALAXYCORE:GC02M1B,GC02M1B,,,Canonical product name,2,,1/5.00,1.75,,,,,,,,,https://helpix.ru/isensor/,Helpix smartphone sensor index,Added in ultra expansion; mobile-camera sensor index listing.,2020.0,Medium,,0,,,,0,,,,,,,,,,,No phone mapping,,,,,,,,,,,,,,,,
GalaxyCore,GC02M2,GALAXYCORE:GC02M2,GC02M2,,,Canonical product name,2,,1/5.00,1.75,,,,,,,,,https://helpix.ru/isensor/,Helpix smartphone sensor index,Added in ultra expansion; mobile-camera sensor index listing.,2020.0,Medium,,0,,,,0,,,,,,,,,,,No phone mapping,,,,,,,,,,,,,,,,
GalaxyCore,GC02M3,GALAXYCORE:GC02M3,GC02M3,,,Canonical product name,2,,1/5.00,1.75,,,,,,,,,https://helpix.ru/isensor/,Helpix smartphone sensor index,Added in ultra expansion; mobile-camera sensor index listing.,2024.0,Medium,,0,,,,0,,,,,,,,,,,No phone mapping,,,,,,,,,,,,,,,,
GalaxyCore,GC02M3B,GALAXYCORE:GC02M3B,GC02M3B,,,Canonical product name,2,,1/5.00,1.75,,,,,,,,,https://helpix.ru/isensor/,Helpix smartphone sensor index,Added in ultra expansion; mobile-camera sensor index listing.,2024.0,Medium,,0,,,,0,,,,,,,,,,,No phone mapping,,,,,,,,,,,,,,,,
GalaxyCore,GC030A,GALAXYCORE:GC030A,GC030A,,,Canonical product name,0.3,,1/10.00,2.25,,,,,,,,,https://helpix.ru/isensor/,Helpix smartphone sensor index,Added in ultra expansion; mobile-camera sensor index listing.,,Medium,,0,,,,0,,,,,,,,,,,No phone mapping,,,,,,,,,,,,,,,,
GalaxyCore,GC0310,GALAXYCORE:GC0310,GC0310,,,Canonical product name,0.3,,1/10.00,2.25,,,,,,,,,https://helpix.ru/isensor/,Helpix smartphone sensor index,Added in ultra expansion; mobile-camera sensor index listing.,,Medium,,0,,,,0,,,,,,,,,,,No phone mapping,,,,,,,,,,,,,,,,
GalaxyCore,GC032A,GALAXYCORE:GC032A,GC032A,,,Canonical product name,0.3,,1/10.00,2.25,,,,,,,,,https://helpix.ru/isensor/,Helpix smartphone sensor index,Added in ultra expansion; mobile-camera sensor index listing.,,Medium,,0,,,,0,,,,,,,,,,,No phone mapping,,,,,,,,,,,,,,,,
GalaxyCore,GC05A2,GALAXYCORE:GC05A2,GC05A2,,,Canonical product name,5,,1/5.00,1.12,,,,,,,,,https://helpix.ru/isensor/,Helpix smartphone sensor index,Added in ultra expansion; mobile-camera sensor index listing.,2024.0,Medium,,0,,,,0,,,,,,,,,,,No phone mapping,,,,,,,,,,,,,,,,
GalaxyCore,GC05A3,GALAXYCORE:GC05A3,GC05A3,,,Canonical product name,5,,,,,,,,,,,,https://helpix.ru/isensor/,Helpix smartphone sensor index,Added in ultra expansion; mobile-camera sensor index listing.,,Medium,,0,,,,0,,,,,,,,,,,No phone mapping,,,,,,,,,,,,,,,,
GalaxyCore,GC08A8,GALAXYCORE:GC08A8,GC08A8,,,Canonical product name,8,,1/4.00,1.12,,,,,,,,,https://helpix.ru/isensor/,Helpix smartphone sensor index,Added in ultra expansion; mobile-camera sensor index listing.,2024.0,Medium,,0,,,,0,,,,,,,,,,,No phone mapping,,,,,,,,,,,,,,,,
GalaxyCore,GC12A2,GALAXYCORE:GC12A2,GC12A2,,,Canonical product name,12,,,,,,,,,,,,https://helpix.ru/isensor/,Helpix smartphone sensor index,Added in ultra expansion; mobile-camera sensor index listing.,2025.0,Medium,,0,,,,0,,,,,,,,,,,No phone mapping,,,,,,,,,,,,,,,,
GalaxyCore,GC13003,GALAXYCORE:GC13003,GC13003,,,Canonical product name,13,,1/3.06,1.12,,,,,,,,,https://helpix.ru/isensor/,Helpix smartphone sensor index,Added in ultra expansion; mobile-camera sensor index listing.,2016.0,Medium,,0,,,,0,,,,,,,,,,,No phone mapping,,,,,,,,,,,,,,,,
GalaxyCore,GC13023,GALAXYCORE:GC13023,GC13023,,,Canonical product name,13,,1/3.06,1.12,,,,,,,,,https://helpix.ru/isensor/,Helpix smartphone sensor index,Added in ultra expansion; mobile-camera sensor index listing.,2018.0,Medium,,0,,,,0,,,,,,,,,,,No phone mapping,,,,,,,,,,,,,,,,
GalaxyCore,GC13033,GALAXYCORE:GC13033,GC13033,,,Canonical product name,13,,1/3.06,1.12,,,,,,,,,https://helpix.ru/isensor/,Helpix smartphone sensor index,Added in ultra expansion; mobile-camera sensor index listing.,2020.0,Medium,,0,,,,0,,,,,,,,,,,No phone mapping,,,,,,,,,,,,,,,,
GalaxyCore,GC13053,GALAXYCORE:GC13053,GC13053,,,Canonical product name,13,,1/3.06,1.12,,,,,,,,,https://helpix.ru/isensor/,Helpix smartphone sensor index,Added in ultra expansion; mobile-camera sensor index listing.,2020.0,Medium,,0,,,,0,,,,,,,,,,,No phone mapping,,,,,,,,,,,,,,,,
GalaxyCore,GC13A0,GALAXYCORE:GC13A0,GC13A0,,,Canonical product name,13,,1/3.10,1.12,,,,,,,,,https://helpix.ru/isensor/,Helpix smartphone sensor index,Added in ultra expansion; mobile-camera sensor index listing.,2023.0,Medium,,0,,,,0,,,,,,,,,,,No phone mapping,,,,,,,,,,,,,,,,
GalaxyCore,GC13A2,GALAXYCORE:GC13A2,GC13A2,,,Canonical product name,13,,1/3.10,1.12,,,,,,,,,https://helpix.ru/isensor/,Helpix smartphone sensor index,Added in ultra expansion; mobile-camera sensor index listing.,2023.0,Medium,,0,,,,0,,,,,,,,,,,No phone mapping,,,,,,,,,,,,,,,,
GalaxyCore,GC16B3 (GC16B3C),GALAXYCORE:GC16B3 (GC16B3C),GC16B3 (GC16B3C),,,Canonical product name,16,,1/3.10,1.0,,,,,,,,,https://helpix.ru/isensor/,Helpix smartphone sensor index,Added in ultra expansion; mobile-camera sensor index listing.,2024.0,Medium,,0,,,,0,,,,,,,,,,,No phone mapping,,,,,,,,,,,,,,,,
GalaxyCore,GC20A3,GALAXYCORE:GC20A3,GC20A3,,,Canonical product name,2,,1/2.90,2.8,,,,,,,,,https://helpix.ru/isensor/,Helpix smartphone sensor index,Added in ultra expansion; mobile-camera sensor index listing.,2020.0,Medium,,0,,,,0,,,,,,,,,,,No phone mapping,,,,,,,,,,,,,,,,
GalaxyCore,GC2335,GALAXYCORE:GC2335,GC2335,,,Canonical product name,2,,1/5.00,,,,,,,,,,https://helpix.ru/isensor/,Helpix smartphone sensor index,Added in ultra expansion; mobile-camera sensor index listing.,,Medium,,0,,,,0,,,,,,,,,,,No phone mapping,,,,,,,,,,,,,,,,
GalaxyCore,GC2355,GALAXYCORE:GC2355,GC2355,,,Canonical product name,2,,1/5.00,1.75,,,,,,,,,https://helpix.ru/isensor/,Helpix smartphone sensor index,Added in ultra expansion; mobile-camera sensor index listing.,,Medium,,0,,,,0,,,,,,,,,,,No phone mapping,,,,,,,,,,,,,,,,
GalaxyCore,GC2365,GALAXYCORE:GC2365,GC2365,,,Canonical product name,2,,1/5.00,1.65,,,,,,,,,https://helpix.ru/isensor/,Helpix smartphone sensor index,Added in ultra expansion; mobile-camera sensor index listing.,2015.0,Medium,,0,,,,0,,,,,,,,,,,No phone mapping,,,,,,,,,,,,,,,,
GalaxyCore,GC2375H,GALAXYCORE:GC2375H,GC2375H,,,Canonical product name,2,,1/5.00,1.75,,,,,,,,,https://helpix.ru/isensor/,Helpix smartphone sensor index,Added in ultra expansion; mobile-camera sensor index listing.,,Medium,,0,,,,0,,,,,,,,,,,No phone mapping,,,,,,,,,,,,,,,,
GalaxyCore,GC2385,GALAXYCORE:GC2385,GC2385,,,Canonical product name,2,,1/5.00,1.65,,,,,,,,,https://helpix.ru/isensor/,Helpix smartphone sensor index,Added in ultra expansion; mobile-camera sensor index listing.,,Medium,,0,,,,0,,,,,,,,,,,No phone mapping,,,,,,,,,,,,,,,,
GalaxyCore,GC2755,GALAXYCORE:GC2755,GC2755,,,Canonical product name,2,,1/5.00,1.6,,,,,,,,,https://helpix.ru/isensor/,Helpix smartphone sensor index,Added in ultra expansion; mobile-camera sensor index listing.,,Medium,,0,,,,0,,,,,,,,,,,No phone mapping,,,,,,,,,,,,,,,,
GalaxyCore,GC32E1,GALAXYCORE:GC32E1,GC32E1,,,Canonical product name,32,,1/3.10,0.7,,,,,,,,,https://helpix.ru/isensor/,Helpix smartphone sensor index,Added in ultra expansion; mobile-camera sensor index listing.,2023.0,Medium,,0,,,,0,,,,,,,,,,,No phone mapping,,,,,,,,,,,,,,,,
GalaxyCore,GC32E2,GALAXYCORE:GC32E2,GC32E2,,,Canonical product name,32,,1/3.10,0.7,,,,,,,,,https://helpix.ru/isensor/,Helpix smartphone sensor index,Added in ultra expansion; mobile-camera sensor index listing.,2024.0,Medium,,0,,,,0,,,,,,,,,,,No phone mapping,,,,,,,,,,,,,,,,
GalaxyCore,GC5005,GALAXYCORE:GC5005,GC5005,,,Canonical product name,5,,1/5.00,1.12,,,,,,,,,https://helpix.ru/isensor/,Helpix smartphone sensor index,Added in ultra expansion; mobile-camera sensor index listing.,2016.0,Medium,,0,,,,0,,,,,,,,,,,No phone mapping,,,,,,,,,,,,,,,,
GalaxyCore,GC5024,GALAXYCORE:GC5024,GC5024,,,Canonical product name,5,,1/4.00,1.4,,,,,,,,,https://helpix.ru/isensor/,Helpix smartphone sensor index,Added in ultra expansion; mobile-camera sensor index listing.,2016.0,Medium,,0,,,,0,,,,,,,,,,,No phone mapping,,,,,,,,,,,,,,,,
GalaxyCore,GC5025,GALAXYCORE:GC5025,GC5025,,,Canonical product name,5,,1/5.00,1.12,,,,,,,,,https://helpix.ru/isensor/,Helpix smartphone sensor index,Added in ultra expansion; mobile-camera sensor index listing.,2017.0,Medium,,0,,,,0,,,,,,,,,,,No phone mapping,,,,,,,,,,,,,,,,
GalaxyCore,GC5035,GALAXYCORE:GC5035,GC5035,,,Canonical product name,5,,1/5.00,1.12,,,,,,,,,https://helpix.ru/isensor/,Helpix smartphone sensor index,Added in ultra expansion; mobile-camera sensor index listing.,2019.0,Medium,,0,,,,0,,,,,,,,,,,No phone mapping,,,,,,,,,,,,,,,,
GalaxyCore,GC50B2,GALAXYCORE:GC50B2,GC50B2,,,Canonical product name,50,,1/1.56,1.0,,,,,,,,,https://helpix.ru/isensor/,Helpix smartphone sensor index,Added in ultra expansion; mobile-camera sensor index listing.,2023.0,Medium,,0,,,,0,,,,,,,,,,,No phone mapping,,,,,,,,,,,,,,,,
GalaxyCore,GC50D1,GALAXYCORE:GC50D1,GC50D1,,,Canonical product name,50,,1/2.00,0.8,,,,,,,,,https://helpix.ru/isensor/,Helpix smartphone sensor index,Added in ultra expansion; mobile-camera sensor index listing.,2025.0,Medium,,0,,,,0,,,,,,,,,,,No phone mapping,,,,,,,,,,,,,,,,
GalaxyCore,GC50E0,GALAXYCORE:GC50E0,GC50E0,,,Canonical product name,50,,1/2.50,0.7,,,,,,,,,https://helpix.ru/isensor/,Helpix smartphone sensor index,Added in ultra expansion; mobile-camera sensor index listing.,2023.0,Medium,,0,,,,0,,,,,,,,,,,No phone mapping,,,,,,,,,,,,,,,,
GalaxyCore,GC50F6,GALAXYCORE:GC50F6,GC50F6,,,Canonical product name,50,,1/2.88,0.61,,,,,,,,,https://helpix.ru/isensor/,Helpix smartphone sensor index,Added in ultra expansion; mobile-camera sensor index listing.,2025.0,Medium,,0,,,,0,,,,,,,,,,,No phone mapping,,,,,,,,,,,,,,,,
GalaxyCore,GC6133,GALAXYCORE:GC6133,GC6133,,,Canonical product name,0.08,,1/13.00,2.5,,,,,,,,,https://helpix.ru/isensor/,Helpix smartphone sensor index,Added in ultra expansion; mobile-camera sensor index listing.,,Medium,,0,,,,0,,,,,,,,,,,No phone mapping,,,,,,,,,,,,,,,,
GalaxyCore,GC6153,GALAXYCORE:GC6153,GC6153,,,Canonical product name,0.08,,1/13.00,2.5,,,,,,,,,https://helpix.ru/isensor/,Helpix smartphone sensor index,Added in ultra expansion; mobile-camera sensor index listing.,,Medium,,0,,,,0,,,,,,,,,,,No phone mapping,,,,,,,,,,,,,,,,
GalaxyCore,GC8024,GALAXYCORE:GC8024,GC8024,,,Canonical product name,8,,1/4.00,1.12,,,,,,,,,https://helpix.ru/isensor/,Helpix smartphone sensor index,Added in ultra expansion; mobile-camera sensor index listing.,2016.0,Medium,,0,,,,0,,,,,,,,,,,No phone mapping,,,,,,,,,,,,,,,,
GalaxyCore,GC8034,GALAXYCORE:GC8034,GC8034,,,Canonical product name,8,,1/4.00,1.12,,,,,,,,,https://helpix.ru/isensor/,Helpix smartphone sensor index,Added in ultra expansion; mobile-camera sensor index listing.,2018.0,Medium,,0,,,,0,,,,,,,,,,,No phone mapping,,,,,,,,,,,,,,,,
GalaxyCore,GC8054,GALAXYCORE:GC8054,GC8054,,,Canonical product name,8,,1/4.00,1.12,,,,,,,,,https://helpix.ru/isensor/,Helpix smartphone sensor index,Added in ultra expansion; mobile-camera sensor index listing.,2020.0,Medium,,0,,,,0,,,,,,,,,,,No phone mapping,,,,,,,,,,,,,,,,
MetaSilicon,MT13F0,METASILICON:MT13F0,MT13F0,,,Canonical product name,13,,1/3.06,1.12,,,,,,,,,https://helpix.ru/isensor/,Helpix smartphone sensor index,Added in ultra expansion; mobile-camera sensor index listing.,2026.0,Medium,,0,,,,0,,,,,,,,,,,No phone mapping,,,,,,,,,,,,,,,,
MetaSilicon,MT510,METASILICON:MT510,MT510,,,Canonical product name,5,,1/5.00,1.12,,,,,,,,,https://helpix.ru/isensor/,Helpix smartphone sensor index,Added in ultra expansion; mobile-camera sensor index listing.,2024.0,Medium,,0,,,,0,,,,,,,,,,,No phone mapping,,,,,,,,,,,,,,,,
MetaSilicon,MT815,METASILICON:MT815,MT815,,,Canonical product name,8,,1/4.00,1.12,,,,,,,,,https://helpix.ru/isensor/,Helpix smartphone sensor index,Added in ultra expansion; mobile-camera sensor index listing.,2024.0,Medium,,0,,,,0,,,,,,,,,,,No phone mapping,,,,,,,,,,,,,,,,
OEM/Branded,Light Fusion 1050L (Hunter 1050L),OEM/BRANDED:Light Fusion 1050L (Hunter 1050L),Light Fusion 1050L (Hunter 1050L),,,Canonical product name,50,,1/0.98,1.6,,,,,,,,,https://helpix.ru/isensor/,Helpix smartphone sensor index,Added in ultra expansion; mobile-camera sensor index listing.,2025.0,Medium,,0,,,,0,,,,,,,,,,,No phone mapping,,,,,,,,,,,,,,,,
OEM/Branded,Light Fusion 400 (Hunter 400),OEM/BRANDED:Light Fusion 400 (Hunter 400),Light Fusion 400 (Hunter 400),,,Canonical product name,50,,1/2.88,0.61,,,,,,,,,https://helpix.ru/isensor/,Helpix smartphone sensor index,Added in ultra expansion; mobile-camera sensor index listing.,2023.0,Medium,,0,,,,0,,,,,,,,,,,No phone mapping,,,,,,,,,,,,,,,,
OEM/Branded,Light Fusion 600 (Hunter 600),OEM/BRANDED:Light Fusion 600 (Hunter 600),Light Fusion 600 (Hunter 600),,,Canonical product name,50,,1/1.95,0.8,,,,,,,,,https://helpix.ru/isensor/,Helpix smartphone sensor index,Added in ultra expansion; mobile-camera sensor index listing.,2026.0,Medium,,0,,,,0,,,,,,,,,,,No phone mapping,,,,,,,,,,,,,,,,
OEM/Branded,Light Fusion 800 (Hunter 800),OEM/BRANDED:Light Fusion 800 (Hunter 800),Light Fusion 800 (Hunter 800),,,Canonical product name,50,,1/1.55,1.0,,,,,,,,,https://helpix.ru/isensor/,Helpix smartphone sensor index,Added in ultra expansion; mobile-camera sensor index listing.,2023.0,Medium,,0,,,,0,,,,,,,,,,,No phone mapping,,,,,,,,,,,,,,,,
OEM/Branded,Light Fusion 900 (Hunter 900),OEM/BRANDED:Light Fusion 900 (Hunter 900),Light Fusion 900 (Hunter 900),,,Canonical product name,50,,1/1.31,1.2,,,,,,,,,https://helpix.ru/isensor/,Helpix smartphone sensor index,Added in ultra expansion; mobile-camera sensor index listing.,2023.0,Medium,,0,,,,0,,,,,,,,,,,No phone mapping,,,,,,,,,,,,,,,,
OEM/Branded,Light Fusion 950 (Hunter 950),OEM/BRANDED:Light Fusion 950 (Hunter 950),Light Fusion 950 (Hunter 950),,,Canonical product name,50,,1/1.31,1.2,,,,,,,,,https://helpix.ru/isensor/,Helpix smartphone sensor index,Added in ultra expansion; mobile-camera sensor index listing.,2025.0,Medium,,0,,,,0,,,,,,,,,,,No phone mapping,,,,,,,,,,,,,,,,
OEM/Branded,Light Fusion 950L (Hunter 950L),OEM/BRANDED:Light Fusion 950L (Hunter 950L),Light Fusion 950L (Hunter 950L),,,Canonical product name,50,,1/1.28,1.22,,,,,,,,,https://helpix.ru/isensor/,Helpix smartphone sensor index,Added in ultra expansion; mobile-camera sensor index listing.,2025.0,Medium,,0,,,,0,,,,,,,,,,,No phone mapping,,,,,,,,,,,,,,,,
OEM/Branded,Light&Shadow Master 990,OEM/BRANDED:Light&Shadow Master 990,Light&Shadow Master 990,,,Canonical product name,50,,1/1.30,1.2,,,,,,,,,https://helpix.ru/isensor/,Helpix smartphone sensor index,Added in ultra expansion; mobile-camera sensor index listing.,2025.0,Medium,,0,,,,0,,,,,,,,,,,No phone mapping,,,,,,,,,,,,,,,,
OmniVision,Light Hunter / Light Fusion 400,OMNIVISION:Light Hunter / Light Fusion 400,Light Hunter / Light Fusion 400,,,Canonical product name,50,,1/2.88,0.6,4-in-1,,PDAF (2x2 ML),Stagger HDR,4-Cell,,,Realme GT8 Pro; OnePlus 15,https://spinformation.info/all/smartphone-image-sensor/,Existing catalog / official + SP information,Branding used by some OEMs.,,High,,2,,,,0,Realme GT8 Pro,Realme,Unknown,2025,Snapdragon 8 Elite Gen 5,https://spinformation.info/all/smartphone-image-sensor/,Existing master Example_Phones,https://helpix.ru/realme/gt8_pro_china/,High,PHONE:REALMEGT8PRO,Not yet matched,,,,,,,,,,,,,,,,
OmniVision,Light Hunter / Light Fusion 800,OMNIVISION:Light Hunter / Light Fusion 800,Light Hunter / Light Fusion 800,,,Canonical product name,50,,1/1.55,1.0,4-in-1,,QPD,Stagger HDR; DCG combined,4-Cell,,,POCO F7; Redmi K80 Pro; Xiaomi 15T Pro,https://spinformation.info/all/smartphone-image-sensor/,Existing catalog / official + SP information,Xiaomi branding; underlying OmniVision family.,,High,,3,,,,0,Redmi K80 Pro,Xiaomi,Rear Main,2024,Snapdragon 8 Elite,https://helpix.ru/isensor/light_hunter_800/,Helpix sensor database,https://helpix.ru/xiaomi/redmi_k80_pro/,High,PHONE:REDMIK80PRO,Not yet matched,,,,,,,,,,,,,,,,
OmniVision,Light Hunter / Light Fusion 900,OMNIVISION:Light Hunter / Light Fusion 900,Light Hunter / Light Fusion 900,,,Canonical product name,50,,1/1.31,1.2,4-in-1,,QPD,Stagger HDR; DCG combined,4-Cell,,,Xiaomi 14; Xiaomi 15; Xiaomi 15 Pro,https://spinformation.info/all/smartphone-image-sensor/,Existing catalog / official + SP information,Xiaomi branding; underlying OmniVision family.,,High,,3,,,,0,Xiaomi 14,Xiaomi,Rear Main,2023,Snapdragon 8 Gen 3,https://www.gsmarena.com/xiaomi_14-review-2672p5.php,review,https://helpix.ru/xiaomi/14/,High,PHONE:14,Verified normalized match,Xiaomi 14,138,137,138,,,,,137,,,Feb 2024,V5,https://www.dxomark.com/smartphones/Xiaomi/14,DXOMARK device page,2026-09-26
OmniVision,Light Hunter / Light Fusion 900,OMNIVISION:Light Hunter / Light Fusion 900,Light Hunter / Light Fusion 900,,,Canonical product name,50,,1/1.31,1.2,4-in-1,,QPD,Stagger HDR; DCG combined,4-Cell,,,Xiaomi 14; Xiaomi 15; Xiaomi 15 Pro,https://spinformation.info/all/smartphone-image-sensor/,Existing catalog / official + SP information,Xiaomi branding; underlying OmniVision family.,,High,,3,,,,0,Xiaomi 15,Xiaomi,Rear Main,2024,Snapdragon 8 Elite,https://helpix.ru/xiaomi/15/,Helpix phone specification,https://helpix.ru/xiaomi/15/,High,PHONE:15,Not yet matched,,,,,,,,,,,,,,,,
OmniVision,Light Hunter / Light Fusion 900,OMNIVISION:Light Hunter / Light Fusion 900,Light Hunter / Light Fusion 900,,,Canonical product name,50,,1/1.31,1.2,4-in-1,,QPD,Stagger HDR; DCG combined,4-Cell,,,Xiaomi 14; Xiaomi 15; Xiaomi 15 Pro,https://spinformation.info/all/smartphone-image-sensor/,Existing catalog / official + SP information,Xiaomi branding; underlying OmniVision family.,,High,,3,,,,0,Xiaomi 15 Pro,Xiaomi,Rear Main,2024,Snapdragon 8 Elite,https://helpix.ru/xiaomi/15_pro/,Helpix phone specification,https://helpix.ru/xiaomi/15_pro/,High,PHONE:15PRO,Not yet matched,,,,,,,,,,,,,,,,
OmniVision,Light Hunter 950,OMNIVISION:Light Hunter 950,Light Hunter 950,,,Canonical product name,50,,1/1.3,1.2,4-in-1,,,,,,,Xiaomi 17T Pro,https://spinformation.info/all/smartphone-image-sensor/,Existing catalog / official + SP information,Xiaomi branding; underlying OmniVision family.,,High,,1,,,,0,Xiaomi 17T Pro,Xiaomi,Rear Main,2026,Dimensity 9500,https://helpix.ru/isensor/light_fusion_950_hunter_950/,Helpix sensor database,https://helpix.ru/xiaomi/17t_pro/,High,PHONE:17TPRO,Not yet matched,,,,,,,,,,,,,,,,
OmniVision,Neo Master 990,OMNIVISION:Neo Master 990,Neo Master 990,,,Canonical product name,50,,1/1.3,1.2,4-in-1,,All-pixel PDAF,,,,,Nubia Z70S Ultra,https://spinformation.info/all/smartphone-image-sensor/,Existing catalog / official + SP information,OEM branding.,,High,,1,,,,0,Nubia Z70S Ultra,nubia,Unknown,2025,Snapdragon 8 Elite,https://spinformation.info/all/smartphone-image-sensor/,Existing master Example_Phones,https://helpix.ru/zte/nubia_z70s_ultra_photographer_edition/,High,PHONE:NUBIAZ70SULTRA,Not yet matched,,,,,,,,,,,,,,,,
OmniVision,OS05A10,OMNIVISION:OS05A10,OS05A10,,,Canonical product name,5,,1/2.70,2.0,,,,,,,,,https://helpix.ru/isensor/,Helpix smartphone sensor index,Added in ultra expansion; mobile-camera sensor index listing.,2017.0,Medium,,0,,,,0,,,,,,,,,,,No phone mapping,,,,,,,,,,,,,,,,
OmniVision,OV02A,OMNIVISION:OV02A,OV02A,,,Canonical product name,2,,1/5.00,1.75,,,,,,,,,https://helpix.ru/isensor/,Helpix smartphone sensor index,Added in ultra expansion; mobile-camera sensor index listing.,2016.0,Medium,,0,,,,0,,,,,,,,,,,No phone mapping,,,,,,,,,,,,,,,,
OmniVision,OV02B,OMNIVISION:OV02B,OV02B,,,Canonical product name,2,,1/5.00,1.75,,,,,,,,,https://helpix.ru/isensor/,Helpix smartphone sensor index,Added in ultra expansion; mobile-camera sensor index listing.,2020.0,Medium,,0,,,,0,,,,,,,,,,,No phone mapping,,,,,,,,,,,,,,,,
OmniVision,OV02B10,OMNIVISION:OV02B10,OV02B10,,,Canonical product name,2,,1/5.0,1.75,---,,,,RGGB,,,OnePlus 12R; POCO X7,https://spinformation.info/all/smartphone-image-sensor/,SP information,,,Medium,,2,,,,1,POCO X7,Xiaomi,Rear Macro,2025,Dimensity 7300-Ultra,https://helpix.ru/isensor/omnivision_ov02b/,Helpix sensor database,https://helpix.ru/xiaomi/poco_x7/,Medium,PHONE:POCOX7,Not yet matched,,,,,,,,,,,,,,,,
OmniVision,OV02B10,OMNIVISION:OV02B10,OV02B10,,,Canonical product name,2,,1/5.0,1.75,---,,,,RGGB,,,OnePlus 12R; POCO X7,https://spinformation.info/all/smartphone-image-sensor/,SP information,,,Medium,,2,,,,1,OnePlus 12R,OnePlus,Rear Macro,2024.0,Snapdragon 8 Gen 2,https://helpix.ru/isensor/omnivision_ov02b/,Helpix sensor database,https://www.oneplus.com/us/12r/specs,Medium,PHONE:ONEPLUS12R,Not yet matched,,,,,,,,,,,,,,,,
OmniVision,OV02F,OMNIVISION:OV02F,OV02F,,,Canonical product name,2,,1/5.0,1.75,---,,,,RGGB,,,Nubia Red Magic 10 Pro+,https://spinformation.info/all/smartphone-image-sensor/,SP information,,2024.0,Medium-High,https://helpix.ru/isensor/,1,,,,0,Nubia Red Magic 10 Pro+,nubia,Rear Macro,2024,Snapdragon 8 Elite,https://helpix.ru/isensor/omnivision_ov02f/,Helpix sensor database,https://helpix.ru/zte/nubia_red_magic_10_pro/,High,PHONE:NUBIAREDMAGIC10PROPLUS,Not yet matched,,,,,,,,,,,,,,,,
OmniVision,OV02K,OMNIVISION:OV02K,OV02K,,,Canonical product name,2,,1/2.80,2.9,,,,,,,,,https://helpix.ru/isensor/,Helpix smartphone sensor index,Added in ultra expansion; mobile-camera sensor index listing.,2019.0,Medium,,0,,,,0,,,,,,,,,,,No phone mapping,,,,,,,,,,,,,,,,
OmniVision,OV05C,OMNIVISION:OV05C,OV05C,,,Canonical product name,5.2,,1/4.70,1.12,,,,,,,,,https://helpix.ru/isensor/,Helpix smartphone sensor index,Added in ultra expansion; mobile-camera sensor index listing.,2023.0,Medium,,0,,,,0,,,,,,,,,,,No phone mapping,,,,,,,,,,,,,,,,
OmniVision,OV08A10,OMNIVISION:OV08A10,OV08A10,,,Canonical product name,8,,1/4.4,1.0,4in1,,PDAF,,RGGB,,,,https://spinformation.info/all/smartphone-image-sensor/,SP information,,2019.0,Medium-High,https://helpix.ru/isensor/,0,,,,0,,,,,,,,,,,No phone mapping,,,,,,,,,,,,,,,,
OmniVision,OV08B,OMNIVISION:OV08B,OV08B,,,Canonical product name,8,,1/4.00,1.12,,,,,,,,,https://helpix.ru/isensor/,Helpix smartphone sensor index,Added in ultra expansion; mobile-camera sensor index listing.,2019.0,Medium,,0,,,,0,,,,,,,,,,,No phone mapping,,,,,,,,,,,,,,,,
OmniVision,OV08B10,OMNIVISION:OV08B10,OV08B10,,,Canonical product name,8,,1/4.0,1.12,4in1,,,,RGGB,,,,https://spinformation.info/all/smartphone-image-sensor/,SP information,,,Medium,,0,,,,0,,,,,,,,,,,No phone mapping,,,,,,,,,,,,,,,,
OmniVision,OV08D10,OMNIVISION:OV08D10,OV08D10,,,Canonical product name,8,,1/4.0,1.12,---,,,,RGGB,,,vivo X200 FE; OnePlus Nord 5,https://spinformation.info/all/smartphone-image-sensor/,SP information,,,Medium,,2,,,,0,OnePlus Nord 5,OnePlus,Rear Ultra-wide,2025,Snapdragon 8s Gen 3,https://helpix.ru/oneplus/nord_5/,Helpix phone specification,https://helpix.ru/oneplus/nord_5/,Medium,PHONE:ONEPLUSNORD5,Not yet matched,,,,,,,,,,,,,,,,
OmniVision,OV08D10,OMNIVISION:OV08D10,OV08D10,,,Canonical product name,8,,1/4.0,1.12,---,,,,RGGB,,,vivo X200 FE; OnePlus Nord 5,https://spinformation.info/all/smartphone-image-sensor/,SP information,,,Medium,,2,,,,0,vivo X200 FE,vivo,Rear Ultra-wide,2025,Dimensity 9300+,https://helpix.ru/vivo/x200_fe/,Helpix phone specification,https://helpix.ru/vivo/x200_fe/,Medium,PHONE:X200FE,Not yet matched,,,,,,,,,,,,,,,,
OmniVision,OV08F,OMNIVISION:OV08F,OV08F,,,Canonical product name,8,,1/4.00,1.12,,,,,RGGB,,,Xiaomi POCO F7; Redmi K80 Ultra,https://spinformation.info/all/smartphone-image-sensor/,SP information,,2025.0,Medium-High,https://helpix.ru/isensor/,2,,,,0,Redmi K80 Ultra,Xiaomi,Unknown,2025,Dimensity 9400+,https://spinformation.info/all/smartphone-image-sensor/,Existing master Example_Phones,https://helpix.ru/xiaomi/redmi_k80_ultra/,Medium-High,PHONE:REDMIK80ULTRA,Not yet matched,,,,,,,,,,,,,,,,
OmniVision,OV08F,OMNIVISION:OV08F,OV08F,,,Canonical product name,8,,1/4.00,1.12,,,,,RGGB,,,Xiaomi POCO F7; Redmi K80 Ultra,https://spinformation.info/all/smartphone-image-sensor/,SP information,,2025.0,Medium-High,https://helpix.ru/isensor/,2,,,,0,Xiaomi POCO F7,Xiaomi,Rear Ultra-wide,2025,Snapdragon 8s Gen 4,https://helpix.ru/xiaomi/poco_f7/,Helpix phone specification,https://helpix.ru/xiaomi/poco_f7/,High,PHONE:POCOF7,Not yet matched,,,,,,,,,,,,,,,,
OmniVision,OV08X,OMNIVISION:OV08X,OV08X,,,Canonical product name,9,,1/5.66,0.7,,,,,,,,,https://helpix.ru/isensor/,Helpix smartphone sensor index,Added in ultra expansion; mobile-camera sensor index listing.,2022.0,Medium,,0,,,,0,,,,,,,,,,,No phone mapping,,,,,,,,,,,,,,,,
OmniVision,OV12830,OMNIVISION:OV12830,OV12830,,,Canonical product name,13,,1/3.20,1.1,,,,,,,,,https://helpix.ru/isensor/,Helpix smartphone sensor index,Added in ultra expansion; mobile-camera sensor index listing.,2012.0,Medium,,0,,,,0,,,,,,,,,,,No phone mapping,,,,,,,,,,,,,,,,
OmniVision,OV12870,OMNIVISION:OV12870,OV12870,,,Canonical product name,12,,1/2.8,1.25,---,,,,RGGB,,,UMIDIGI One Max,https://spinformation.info/all/smartphone-image-sensor/,SP information,,2016.0,Medium-High,https://helpix.ru/isensor/,1,,,,0,UMIDIGI One Max,UMIDIGI,Rear Main,2018,Helio P23,https://helpix.ru/umidigi/one_max/,Helpix phone specification,https://helpix.ru/umidigi/one_max/,High,PHONE:UMIDIGIONEMAX,Not yet matched,,,,,,,,,,,,,,,,
OmniVision,OV12890,OMNIVISION:OV12890,OV12890,,,Canonical product name,12,,1/2.3,1.55,---,,,,RGGB,,,,https://spinformation.info/all/smartphone-image-sensor/,SP information,,,Medium,,0,,,,0,,,,,,,,,,,No phone mapping,,,,,,,,,,,,,,,,
OmniVision,OV12895,OMNIVISION:OV12895,OV12895,,,Canonical product name,12,,1/2.3,1.55,---,,,,RGGB,,,,https://spinformation.info/all/smartphone-image-sensor/,SP information,,,Medium,,0,,,,0,,,,,,,,,,,No phone mapping,,,,,,,,,,,,,,,,
OmniVision,OV12A10,OMNIVISION:OV12A10,OV12A10,,,Canonical product name,12,4096 x 3072,1/2.8,1.242,---,,,,BCFA,,,Redmi 7; Xiaomi Mi A1,https://spinformation.info/all/smartphone-image-sensor/,SP information,,,Medium,,2,,,,0,Redmi 7,Xiaomi,Rear Main,2019,Snapdragon 632,https://helpix.ru/xiaomi/redmi_7/,Helpix phone specification,https://helpix.ru/xiaomi/redmi_7/,High,PHONE:REDMI7,Not yet matched,,,,,,,,,,,,,,,,
OmniVision,OV12A10,OMNIVISION:OV12A10,OV12A10,,,Canonical product name,12,4096 x 3072,1/2.8,1.242,---,,,,BCFA,,,Redmi 7; Xiaomi Mi A1,https://spinformation.info/all/smartphone-image-sensor/,SP information,,,Medium,,2,,,,0,Xiaomi Mi A1,Xiaomi,Rear Main,2017,Snapdragon 625,https://helpix.ru/xiaomi/mi_a1/,Helpix phone specification,https://helpix.ru/xiaomi/mi_a1/,High,PHONE:MIA1,Not yet matched,,,,,,,,,,,,,,,,
OmniVision,OV12D,OMNIVISION:OV12D,OV12D,,,Canonical product name,12,,1/2.43,1.4,,,,,,,,,https://helpix.ru/isensor/,Helpix smartphone sensor index,Added in ultra expansion; mobile-camera sensor index listing.,2019.0,Medium,,0,,,,0,,,,,,,,,,,No phone mapping,,,,,,,,,,,,,,,,
OmniVision,OV12D2Q,OMNIVISION:OV12D2Q,OV12D2Q,,,Canonical product name,12,4608 x 2592,1/2.43,1.4,---,,,4-Cell HDR,4-Cell / RGB,,,HONOR V30 Pro,https://spinformation.info/all/smartphone-image-sensor/,SP information,,,Medium,,1,,,,0,HONOR V30 Pro,HONOR,Rear Ultra-wide,2019,Kirin 990 5G,https://helpix.ru/isensor/omnivision_ov12d/,Helpix sensor database,https://helpix.ru/huawei/honor_v30_pro/,Medium,PHONE:V30PRO,Not yet matched,,,,,,,,,,,,,,,,
OmniVision,OV13853,OMNIVISION:OV13853,OV13853,,,Canonical product name,13,,1/3.06,1.12,,,,,,,,,https://helpix.ru/isensor/,Helpix smartphone sensor index,Added in ultra expansion; mobile-camera sensor index listing.,2015.0,Medium,,0,,,,0,,,,,,,,,,,No phone mapping,,,,,,,,,,,,,,,,
OmniVision,OV13855,OMNIVISION:OV13855,OV13855,,,Canonical product name,13,,1/3.06,1.12,,,,,,,,,https://helpix.ru/isensor/,Helpix smartphone sensor index,Added in ultra expansion; mobile-camera sensor index listing.,2016.0,Medium,,0,,,,0,,,,,,,,,,,No phone mapping,,,,,,,,,,,,,,,,
OmniVision,OV13858,OMNIVISION:OV13858,OV13858,,,Canonical product name,13,,1/3.06,1.12,,,,,,,,,https://helpix.ru/isensor/,Helpix smartphone sensor index,Added in ultra expansion; mobile-camera sensor index listing.,2016.0,Medium,,0,,,,0,,,,,,,,,,,No phone mapping,,,,,,,,,,,,,,,,
OmniVision,OV13880,OMNIVISION:OV13880,OV13880,,,Canonical product name,13,,1/2.40,1.4,,,,,,,,,https://helpix.ru/isensor/,Helpix smartphone sensor index,Added in ultra expansion; mobile-camera sensor index listing.,2015.0,Medium,,0,,,,0,,,,,,,,,,,No phone mapping,,,,,,,,,,,,,,,,
OmniVision,OV13A10,OMNIVISION:OV13A10,OV13A10,,,Canonical product name,13,4224 x 3136,1/3.4,1.0,---,,PDAF,ZigZag HDR,RGGB,,,,https://spinformation.info/all/smartphone-image-sensor/,SP information,,,Medium,,0,,,,0,,,,,,,,,,,No phone mapping,,,,,,,,,,,,,,,,
OmniVision,OV13B,OMNIVISION:OV13B,OV13B,,,Canonical product name,13,,1/3.06,1.12,,,,,,,,,https://helpix.ru/isensor/,Helpix smartphone sensor index,Added in ultra expansion; mobile-camera sensor index listing.,2019.0,Medium,,0,,,,0,,,,,,,,,,,No phone mapping,,,,,,,,,,,,,,,,
OmniVision,OV13B10,OMNIVISION:OV13B10,OV13B10,,,Canonical product name,13,4208 x 3120,1/3.06,1.12,---,,PDAF,,RGGB,,,ASUS Zenfone 12 Ultra; Xiaomi 14T,https://spinformation.info/all/smartphone-image-sensor/,SP information,,,Medium,,2,,,,0,ASUS Zenfone 12 Ultra,ASUS,Rear Ultra-wide,2025,Snapdragon 8 Elite,https://helpix.ru/isensor/omnivision_ov13b/,Helpix sensor database,https://helpix.ru/asus/zenfone_12_ultra/,Medium,PHONE:ASUSZENFONE12ULTRA,Not yet matched,,,,,,,,,,,,,,,,
OmniVision,OV13B10,OMNIVISION:OV13B10,OV13B10,,,Canonical product name,13,4208 x 3120,1/3.06,1.12,---,,PDAF,,RGGB,,,ASUS Zenfone 12 Ultra; Xiaomi 14T,https://spinformation.info/all/smartphone-image-sensor/,SP information,,,Medium,,2,,,,0,Xiaomi 14T,Xiaomi,Rear Ultra-wide,2024,Dimensity 8300 Ultra,https://helpix.ru/isensor/omnivision_ov13b/,Helpix sensor database,https://helpix.ru/xiaomi/14t/,Medium,PHONE:14T,Not yet matched,,,,,,,,,,,,,,,,
OmniVision,OV16825,OMNIVISION:OV16825,OV16825,,,Canonical product name,16,,1/2.30,1.34,,,,,,,,,https://helpix.ru/isensor/,Helpix smartphone sensor index,Added in ultra expansion; mobile-camera sensor index listing.,2012.0,Medium,,0,,,,0,,,,,,,,,,,No phone mapping,,,,,,,,,,,,,,,,
OmniVision,OV16880,OMNIVISION:OV16880,OV16880,,,Canonical product name,16,,1/3.00,1.0,,,,,,,,,https://helpix.ru/isensor/,Helpix smartphone sensor index,Added in ultra expansion; mobile-camera sensor index listing.,2015.0,Medium,,0,,,,0,,,,,,,,,,,No phone mapping,,,,,,,,,,,,,,,,
OmniVision,OV16885,OMNIVISION:OV16885,OV16885,,,Canonical product name,16,,1/3.06,1.0,,,,,,,,,https://helpix.ru/isensor/,Helpix smartphone sensor index,Added in ultra expansion; mobile-camera sensor index listing.,2016.0,Medium,,0,,,,0,,,,,,,,,,,No phone mapping,,,,,,,,,,,,,,,,
OmniVision,OV16A,OMNIVISION:OV16A,OV16A,,,Canonical product name,16,,1/3.06,1.0,,,,,,,,,https://helpix.ru/isensor/,Helpix smartphone sensor index,Added in ultra expansion; mobile-camera sensor index listing.,2019.0,Medium,,0,,,,0,,,,,,,,,,,No phone mapping,,,,,,,,,,,,,,,,
OmniVision,OV16A10,OMNIVISION:OV16A10,OV16A10,,,Canonical product name,16,,1/3.06,1.0,---,,PDAF (2x1 ML),,RGGB,,,Black Shark 5 Pro,https://spinformation.info/all/smartphone-image-sensor/,SP information,,,Medium,,1,,,,0,Black Shark 5 Pro,Black Shark,Front Main,2022,Snapdragon 8 Gen 1,https://helpix.ru/isensor/omnivision_ov16a/,Helpix sensor database,https://helpix.ru/xiaomi/black_shark_5_pro/,Medium,PHONE:BLACKSHARK5PRO,Not yet matched,,,,,,,,,,,,,,,,
OmniVision,OV16A1Q,OMNIVISION:OV16A1Q,OV16A1Q,,,Canonical product name,16,,1/3.06,1.0,---,,PDAF (2x1 ML),,RGGB,,,POCO F5 Pro,https://spinformation.info/all/smartphone-image-sensor/,SP information,,,Medium,,1,,,,0,POCO F5 Pro,Xiaomi,Front Main,2023,Snapdragon 8+ Gen 1,https://helpix.ru/isensor/omnivision_ov16a/,Helpix sensor database,https://helpix.ru/xiaomi/poco_f5_pro/,Medium,PHONE:POCOF5PRO,Not yet matched,,,,,,,,,,,,,,,,
OmniVision,OV16B10,OMNIVISION:OV16B10,OV16B10,,,Canonical product name,16,,1/2.76,1.12,,,,,,,,,https://helpix.ru/isensor/,Helpix smartphone sensor index,Added in ultra expansion; mobile-camera sensor index listing.,2017.0,Medium,,0,,,,0,,,,,,,,,,,No phone mapping,,,,,,,,,,,,,,,,
OmniVision,OV16E,OMNIVISION:OV16E,OV16E,,,Canonical product name,16,,1/2.77,1.12,,,,,,,,,https://helpix.ru/isensor/,Helpix smartphone sensor index,Added in ultra expansion; mobile-camera sensor index listing.,2018.0,Medium,,0,,,,0,,,,,,,,,,,No phone mapping,,,,,,,,,,,,,,,,
OmniVision,OV16E10,OMNIVISION:OV16E10,OV16E10,,,Canonical product name,16,4656 x 3496,1/2.77,1.12,---,,PDAF (2x1 ML),,RGGB,,,Nubia Red Magic 8 Pro,https://spinformation.info/all/smartphone-image-sensor/,SP information,,,Medium,,1,,,,0,Nubia Red Magic 8 Pro,nubia,Front Main,2022,Snapdragon 8 Gen 2,https://helpix.ru/isensor/omnivision_ov16e/,Helpix sensor database,https://helpix.ru/zte/nubia_red_magic_8_pro/,Medium,PHONE:NUBIAREDMAGIC8PRO,Not yet matched,,,,,,,,,,,,,,,,
OmniVision,OV20880,OMNIVISION:OV20880,OV20880,,,Canonical product name,20,,1/2.76,1.0,,,,,,,,,https://helpix.ru/isensor/,Helpix smartphone sensor index,Added in ultra expansion; mobile-camera sensor index listing.,2016.0,Medium,,0,,,,0,,,,,,,,,,,No phone mapping,,,,,,,,,,,,,,,,
OmniVision,OV20B,OMNIVISION:OV20B,OV20B,,,Canonical product name,20,,1/4.00,0.8,,,,,,,,,https://helpix.ru/isensor/,Helpix smartphone sensor index,Added in ultra expansion; mobile-camera sensor index listing.,2023.0,Medium,,0,,,,0,,,,,,,,,,,No phone mapping,,,,,,,,,,,,,,,,
OmniVision,OV24A,OMNIVISION:OV24A,OV24A,,,Canonical product name,24,,1/2.83,0.9,,,,,,,,,https://helpix.ru/isensor/,Helpix smartphone sensor index,Added in ultra expansion; mobile-camera sensor index listing.,2018.0,Medium,,0,,,,0,,,,,,,,,,,No phone mapping,,,,,,,,,,,,,,,,
OmniVision,OV24B,OMNIVISION:OV24B,OV24B,,,Canonical product name,24,,1/2.83,0.9,4-in-1,,PDAF (2x2 ML),4-Cell HDR,4-Cell / RGB,,,TCL Plex; TCL 10 Pro,https://spinformation.info/all/smartphone-image-sensor/,Existing catalog / official + SP information,,2018.0,High,https://helpix.ru/isensor/,2,,,,0,TCL 10 Pro,TCL,Front Main,2020,Snapdragon 675,https://helpix.ru/tcl/10_pro/,Helpix phone specification,https://helpix.ru/tcl/10_pro/,High,PHONE:TCL10PRO,Not yet matched,,,,,,,,,,,,,,,,
OmniVision,OV24B,OMNIVISION:OV24B,OV24B,,,Canonical product name,24,,1/2.83,0.9,4-in-1,,PDAF (2x2 ML),4-Cell HDR,4-Cell / RGB,,,TCL Plex; TCL 10 Pro,https://spinformation.info/all/smartphone-image-sensor/,Existing catalog / official + SP information,,2018.0,High,https://helpix.ru/isensor/,2,,,,0,TCL Plex,TCL,Front Main,2019,Snapdragon 675,https://helpix.ru/tcl/plex/,Helpix phone specification,https://helpix.ru/tcl/plex/,High,PHONE:TCLPLEX,Not yet matched,,,,,,,,,,,,,,,,
OmniVision,OV2643,OMNIVISION:OV2643,OV2643,,,Canonical product name,2,,1/4.00,2.2,,,,,,,,,https://helpix.ru/isensor/,Helpix smartphone sensor index,Added in ultra expansion; mobile-camera sensor index listing.,2010.0,Medium,,0,,,,0,,,,,,,,,,,No phone mapping,,,,,,,,,,,,,,,,
OmniVision,OV2680,OMNIVISION:OV2680,OV2680,,,Canonical product name,2,,1/5.00,1.75,,,,,,,,,https://helpix.ru/isensor/,Helpix smartphone sensor index,Added in ultra expansion; mobile-camera sensor index listing.,2013.0,Medium,,0,,,,0,,,,,,,,,,,No phone mapping,,,,,,,,,,,,,,,,
OmniVision,OV2710,OMNIVISION:OV2710,OV2710,,,Canonical product name,2,,1/2.70,3.0,,,,,,,,,https://helpix.ru/isensor/,Helpix smartphone sensor index,Added in ultra expansion; mobile-camera sensor index listing.,2014.0,Medium,,0,,,,0,,,,,,,,,,,No phone mapping,,,,,,,,,,,,,,,,
OmniVision,OV32A,OMNIVISION:OV32A,OV32A,,,Canonical product name,32,,1/2.75,0.8,4-in-1,,,,4-Cell / RGGB,,,,https://spinformation.info/all/smartphone-image-sensor/,Existing catalog / official + SP information,,2019.0,High,https://helpix.ru/isensor/,0,,,,0,,,,,,,,,,,No phone mapping,,,,,,,,,,,,,,,,
OmniVision,OV32B,OMNIVISION:OV32B,OV32B,,,Canonical product name,32,,1/3,0.7,4-in-1,,PDAF (2x2 ML),Stagger HDR,4-Cell / RGGB,,,Xiaomi 12S; Xiaomi 12S Pro,https://spinformation.info/all/smartphone-image-sensor/,Existing catalog / official + SP information,Sensor_Size per https://www.ovt.com/press-releases/omnivision-brings-32mp-resolution-to-selfie-cameras-in-compact-13-optical-format-with-new-07-micron-pixel-smartphone-image-sensor/.,2021.0,High,https://helpix.ru/isensor/,2,,,,0,Xiaomi 12S,Xiaomi,Unknown,2022,Snapdragon 8+ Gen 1,https://spinformation.info/all/smartphone-image-sensor/,Existing master Example_Phones,https://helpix.ru/xiaomi/12s/,High,PHONE:12S,Not yet matched,,,,,,,,,,,,,,,,
OmniVision,OV32B,OMNIVISION:OV32B,OV32B,,,Canonical product name,32,,1/3,0.7,4-in-1,,PDAF (2x2 ML),Stagger HDR,4-Cell / RGGB,,,Xiaomi 12S; Xiaomi 12S Pro,https://spinformation.info/all/smartphone-image-sensor/,Existing catalog / official + SP information,Sensor_Size per https://www.ovt.com/press-releases/omnivision-brings-32mp-resolution-to-selfie-cameras-in-compact-13-optical-format-with-new-07-micron-pixel-smartphone-image-sensor/.,2021.0,High,https://helpix.ru/isensor/,2,,,,0,Xiaomi 12S Pro,Xiaomi,Unknown,2022,Snapdragon 8+ Gen 1,https://spinformation.info/all/smartphone-image-sensor/,Existing master Example_Phones,https://helpix.ru/xiaomi/12s_pro/,High,PHONE:12SPRO,Not yet matched,,,,,,,,,,,,,,,,
OmniVision,OV32C,OMNIVISION:OV32C,OV32C,,,Canonical product name,32,,1/3.20,0.7,,,,,,,,,https://helpix.ru/isensor/,Helpix smartphone sensor index,Added in ultra expansion; mobile-camera sensor index listing.,2021.0,Medium,,0,,,,0,,,,,,,,,,,No phone mapping,,,,,,,,,,,,,,,,
OmniVision,OV32D,OMNIVISION:OV32D,OV32D,,,Canonical product name,32,,1/3.60,0.61,,,,,,,,,https://helpix.ru/isensor/,Helpix smartphone sensor index,Added in ultra expansion; mobile-camera sensor index listing.,2024.0,Medium,,0,,,,0,,,,,,,,,,,No phone mapping,,,,,,,,,,,,,,,,
OmniVision,OV40A,OMNIVISION:OV40A,OV40A,,,Canonical product name,40,,1/1.7,1.0,4-in-1,,PDAF (4-Cell HS),Stagger HDR,4-Cell / RGGB,,,HUAWEI Pura 70 Ultra,https://spinformation.info/all/smartphone-image-sensor/,Existing catalog / official + SP information,,,High,,1,,,,0,HUAWEI Pura 70 Ultra,Huawei,Unknown,2024,Kirin 9010,https://spinformation.info/all/smartphone-image-sensor/,Existing master Example_Phones,https://helpix.ru/huawei/pura_70_ultra/,High,PHONE:PURA70ULTRA,Verified normalized match,Huawei Pura 70 Ultra,163,,,,,,,,,1499,Apr 2024,V6,https://www.dxomark.com/smartphones/Huawei/Pura-70-Ultra,DXOMARK device page,2026-09-26
OmniVision,OV4688,OMNIVISION:OV4688,OV4688,,,Canonical product name,4,,1/3.00,2.0,,,,,,,,,https://helpix.ru/isensor/,Helpix smartphone sensor index,Added in ultra expansion; mobile-camera sensor index listing.,2015.0,Medium,,0,,,,0,,,,,,,,,,,No phone mapping,,,,,,,,,,,,,,,,
OmniVision,OV48B,OMNIVISION:OV48B,OV48B,,,Canonical product name,48,,1/2.0,0.8,4-in-1,,PDAF (2x2 ML),,4-Cell / Color,,,OPPO A94 5G; Redmi Note 10 5G,https://spinformation.info/all/smartphone-image-sensor/,Existing catalog / official + SP information,,2019.0,High,https://helpix.ru/isensor/,2,,,,0,OPPO A94 5G,OPPO,Unknown,2021,Dimensity 800U,https://spinformation.info/all/smartphone-image-sensor/,Existing master Example_Phones,https://helpix.ru/oppo/a94_5g/,High,PHONE:A945G,Not yet matched,,,,,,,,,,,,,,,,
OmniVision,OV48B,OMNIVISION:OV48B,OV48B,,,Canonical product name,48,,1/2.0,0.8,4-in-1,,PDAF (2x2 ML),,4-Cell / Color,,,OPPO A94 5G; Redmi Note 10 5G,https://spinformation.info/all/smartphone-image-sensor/,Existing catalog / official + SP information,,2019.0,High,https://helpix.ru/isensor/,2,,,,0,Redmi Note 10 5G,Xiaomi,Rear Main,2021,Dimensity 700,https://helpix.ru/xiaomi/redmi_note_10_5g/,Helpix phone specification,https://helpix.ru/xiaomi/redmi_note_10_5g/,Medium,PHONE:REDMINOTE105G,Not yet matched,,,,,,,,,,,,,,,,
OmniVision,OV48C,OMNIVISION:OV48C,OV48C,,,Canonical product name,48,,1/1.32,1.2,4-in-1,,PDAF (4-Cell HS),Stagger HDR; DCG combined,4-Cell / RGGB,,,Xiaomi Mi 10 Ultra,https://spinformation.info/all/smartphone-image-sensor/,Existing catalog / official + SP information,,,High,,1,,,,0,Xiaomi Mi 10 Ultra,Xiaomi,Rear Main,2020,Snapdragon 865,https://helpix.ru/xiaomi/mi_10_ultra/,Helpix phone specification,https://helpix.ru/xiaomi/mi_10_ultra/,High,PHONE:MI10ULTRA,Not yet matched,,,,,,,,,,,,,,,,
OmniVision,OV50A,OMNIVISION:OV50A,OV50A,,,Canonical product name,50,,1/1.55,1.0,4-in-1,,QPD,Stagger HDR,Color,,,Motorola Edge 30; SHARP AQUOS R9,https://spinformation.info/all/smartphone-image-sensor/,Existing catalog / official + SP information,,2021.0,High,https://helpix.ru/isensor/,2,,,,0,Motorola Edge 30,Motorola,Rear Main,2022,Snapdragon 778G+,https://helpix.ru/motorola/edge_30/,Helpix phone specification,https://helpix.ru/motorola/edge_30/,High,PHONE:EDGE30,Not yet matched,,,,,,,,,,,,,,,,
OmniVision,OV50A,OMNIVISION:OV50A,OV50A,,,Canonical product name,50,,1/1.55,1.0,4-in-1,,QPD,Stagger HDR,Color,,,Motorola Edge 30; SHARP AQUOS R9,https://spinformation.info/all/smartphone-image-sensor/,Existing catalog / official + SP information,,2021.0,High,https://helpix.ru/isensor/,2,,,,0,SHARP AQUOS R9,Sharp,Unknown,2024,Snapdragon 7+ Gen 3,https://spinformation.info/all/smartphone-image-sensor/,Existing master Example_Phones,https://helpix.ru/sharp/aquos_r9/,High,PHONE:SHARPAQUOSR9,Not yet matched,,,,,,,,,,,,,,,,
OmniVision,OV50C,OMNIVISION:OV50C,OV50C,,,Canonical product name,50,,,,4-in-1,,,,,,,SHARP AQUOS R9; SHARP AQUOS R9 Pro,https://spinformation.info/all/smartphone-image-sensor/,Existing catalog / official + SP information,,,High,,2,,,,0,SHARP AQUOS R9,Sharp,Unknown,2024,Snapdragon 7+ Gen 3,https://spinformation.info/all/smartphone-image-sensor/,Existing master Example_Phones,https://helpix.ru/sharp/aquos_r9/,High,PHONE:SHARPAQUOSR9,Not yet matched,,,,,,,,,,,,,,,,
OmniVision,OV50C,OMNIVISION:OV50C,OV50C,,,Canonical product name,50,,,,4-in-1,,,,,,,SHARP AQUOS R9; SHARP AQUOS R9 Pro,https://spinformation.info/all/smartphone-image-sensor/,Existing catalog / official + SP information,,,High,,2,,,,0,SHARP AQUOS R9 Pro,Sharp,Unknown,2024,Snapdragon 8s Gen 3,https://spinformation.info/all/smartphone-image-sensor/,Existing master Example_Phones,https://helpix.ru/sharp/aquos_r9_pro/,High,PHONE:SHARPAQUOSR9PRO,Not yet matched,,,,,,,,,,,,,,,,
OmniVision,OV50C40,OMNIVISION:OV50C40,OV50C40,,,Canonical product name,50,,1/2.76,0.64,,,,,,,,,https://helpix.ru/isensor/,Helpix smartphone sensor index,Added in ultra expansion; mobile-camera sensor index listing.,,Medium,,0,,,,0,,,,,,,,,,,No phone mapping,,,,,,,,,,,,,,,,
OmniVision,OV50D,OMNIVISION:OV50D,OV50D,,,Canonical product name,50,,1/2.88,0.6,4-in-1,,PDAF (2x2 ML),Stagger HDR,4-Cell,,,Nubia Z70 Ultra; Nubia RedMagic 10 Pro,https://spinformation.info/all/smartphone-image-sensor/,Existing catalog / official + SP information,,2023.0,High,https://helpix.ru/isensor/,2,,,,0,Nubia RedMagic 10 Pro,nubia,Rear Ultra-wide,2024,Snapdragon 8 Elite,https://helpix.ru/zte/nubia_red_magic_10_pro/,Helpix phone specification,https://helpix.ru/zte/nubia_red_magic_10_pro/,Medium,PHONE:NUBIAREDMAGIC10PRO,Not yet matched,,,,,,,,,,,,,,,,
OmniVision,OV50D,OMNIVISION:OV50D,OV50D,,,Canonical product name,50,,1/2.88,0.6,4-in-1,,PDAF (2x2 ML),Stagger HDR,4-Cell,,,Nubia Z70 Ultra; Nubia RedMagic 10 Pro,https://spinformation.info/all/smartphone-image-sensor/,Existing catalog / official + SP information,,2023.0,High,https://helpix.ru/isensor/,2,,,,0,Nubia Z70 Ultra,nubia,Rear Ultra-wide,2024,Snapdragon 8 Elite,https://helpix.ru/zte/nubia_z70_ultra/,Helpix phone specification,https://helpix.ru/zte/nubia_z70_ultra/,High,PHONE:NUBIAZ70ULTRA,Not yet matched,,,,,,,,,,,,,,,,
OmniVision,OV50E,OMNIVISION:OV50E,OV50E,,,Canonical product name,50,,1/1.55,1.0,4-in-1,,QPD,Stagger HDR; DCG combined,4-Cell,,,HONOR Magic V3; POCO F6 Pro; Nubia Z80 Ultra,https://spinformation.info/all/smartphone-image-sensor/,Existing catalog / official + SP information,,2022.0,High,https://helpix.ru/isensor/,3,,,,0,HONOR Magic V3,HONOR,Unknown,2024,Snapdragon 8 Gen 3,https://spinformation.info/all/smartphone-image-sensor/,Existing master Example_Phones,https://helpix.ru/honor/magic_v3/,High,PHONE:MAGICV3,Verified normalized match,Honor Magic V3,137,137,135,,,,,149,,,Jul 2024,V5,https://www.dxomark.com/smartphones/Honor/Magic-V3,DXOMARK device page,2026-09-26
OmniVision,OV50E,OMNIVISION:OV50E,OV50E,,,Canonical product name,50,,1/1.55,1.0,4-in-1,,QPD,Stagger HDR; DCG combined,4-Cell,,,HONOR Magic V3; POCO F6 Pro; Nubia Z80 Ultra,https://spinformation.info/all/smartphone-image-sensor/,Existing catalog / official + SP information,,2022.0,High,https://helpix.ru/isensor/,3,,,,0,Nubia Z80 Ultra,nubia,Rear Ultra-wide,2025,Snapdragon 8 Elite Gen 5,https://helpix.ru/zte/nubia_z80_ultra/,Helpix phone specification,https://helpix.ru/zte/nubia_z80_ultra/,High,PHONE:NUBIAZ80ULTRA,Not yet matched,,,,,,,,,,,,,,,,
OmniVision,OV50E,OMNIVISION:OV50E,OV50E,,,Canonical product name,50,,1/1.55,1.0,4-in-1,,QPD,Stagger HDR; DCG combined,4-Cell,,,HONOR Magic V3; POCO F6 Pro; Nubia Z80 Ultra,https://spinformation.info/all/smartphone-image-sensor/,Existing catalog / official + SP information,,2022.0,High,https://helpix.ru/isensor/,3,,,,0,POCO F6 Pro,Xiaomi,Unknown,2024,Snapdragon 8 Gen 2,https://spinformation.info/all/smartphone-image-sensor/,Existing master Example_Phones,https://helpix.ru/xiaomi/poco_f6_pro/,High,PHONE:POCOF6PRO,Not yet matched,,,,,,,,,,,,,,,,
OmniVision,OV50H,OMNIVISION:OV50H,OV50H,,,Canonical product name,50,,1/1.3,1.2,4-in-1,,QPD,Stagger HDR; DCG combined,Color,,,vivo X Fold3 Pro; iQOO 12; HONOR 200 Pro; Nothing Phone (3),https://spinformation.info/all/smartphone-image-sensor/,Existing catalog / official + SP information,,,High,,23,Rear Main,2023.0,2025.0,0,HONOR 200 Pro,HONOR,Rear Main,2024,Snapdragon 8s Gen 3,https://www.gsmarena.com/honor_200_pro-review-2710p5.php,review,https://helpix.ru/honor/200_pro/,High,PHONE:200PRO,Verified normalized match,Honor 200 Pro,137,138,134,,,,,151,145,,May 2024,V5,https://www.dxomark.com/smartphones/Honor/200-Pro,DXOMARK device page,2026-09-26
OmniVision,OV50H,OMNIVISION:OV50H,OV50H,,,Canonical product name,50,,1/1.3,1.2,4-in-1,,QPD,Stagger HDR; DCG combined,Color,,,vivo X Fold3 Pro; iQOO 12; HONOR 200 Pro; Nothing Phone (3),https://spinformation.info/all/smartphone-image-sensor/,Existing catalog / official + SP information,,,High,,23,Rear Main,2023.0,2025.0,0,iQOO 12,iQOO,Rear Main,2023,Snapdragon 8 Gen 3,https://helpix.ru/vivo/iqoo_12/,Helpix phone specification,https://helpix.ru/vivo/iqoo_12/,High,PHONE:IQOO12,Not yet matched,,,,,,,,,,,,,,,,
OmniVision,OV50H,OMNIVISION:OV50H,OV50H,,,Canonical product name,50,,1/1.3,1.2,4-in-1,,QPD,Stagger HDR; DCG combined,Color,,,vivo X Fold3 Pro; iQOO 12; HONOR 200 Pro; Nothing Phone (3),https://spinformation.info/all/smartphone-image-sensor/,Existing catalog / official + SP information,,,High,,23,Rear Main,2023.0,2025.0,0,Vivo iQOO 12,vivo,Rear Main,2023.0,Snapdragon 8 Gen 3,https://helpix.ru/isensor/omnivision_ov50h/,Helpix sensor-phone mapping,https://helpix.ru/vivo/iqoo_12/,High,PHONE:IQOO12,Not yet matched,,,,,,,,,,,,,,,,
OmniVision,OV50H,OMNIVISION:OV50H,OV50H,,,Canonical product name,50,,1/1.3,1.2,4-in-1,,QPD,Stagger HDR; DCG combined,Color,,,vivo X Fold3 Pro; iQOO 12; HONOR 200 Pro; Nothing Phone (3),https://spinformation.info/all/smartphone-image-sensor/,Existing catalog / official + SP information,,,High,,23,Rear Main,2023.0,2025.0,0,Vivo iQOO 12 Pro,vivo,Rear Main,2023.0,,https://helpix.ru/isensor/omnivision_ov50h/,Helpix sensor-phone mapping,,High,PHONE:IQOO12PRO,Not yet matched,,,,,,,,,,,,,,,,
OmniVision,OV50H,OMNIVISION:OV50H,OV50H,,,Canonical product name,50,,1/1.3,1.2,4-in-1,,QPD,Stagger HDR; DCG combined,Color,,,vivo X Fold3 Pro; iQOO 12; HONOR 200 Pro; Nothing Phone (3),https://spinformation.info/all/smartphone-image-sensor/,Existing catalog / official + SP information,,,High,,23,Rear Main,2023.0,2025.0,0,Honor Magic7 Pro,HONOR,Rear Main,2024.0,Snapdragon 8 Elite,https://helpix.ru/isensor/omnivision_ov50h/,Helpix sensor-phone mapping,https://helpix.ru/honor/magic7_pro/,High,PHONE:MAGIC7PRO,Not yet matched,,,,,,,,,,,,,,,,
OmniVision,OV50H,OMNIVISION:OV50H,OV50H,,,Canonical product name,50,,1/1.3,1.2,4-in-1,,QPD,Stagger HDR; DCG combined,Color,,,vivo X Fold3 Pro; iQOO 12; HONOR 200 Pro; Nothing Phone (3),https://spinformation.info/all/smartphone-image-sensor/,Existing catalog / official + SP information,,,High,,23,Rear Main,2023.0,2025.0,0,Meizu 21 Pro,Meizu,Rear Main,2024.0,,https://helpix.ru/isensor/omnivision_ov50h/,Helpix sensor-phone mapping,,High,PHONE:MEIZU21PRO,Not yet matched,,,,,,,,,,,,,,,,
OmniVision,OV50H,OMNIVISION:OV50H,OV50H,,,Canonical product name,50,,1/1.3,1.2,4-in-1,,QPD,Stagger HDR; DCG combined,Color,,,vivo X Fold3 Pro; iQOO 12; HONOR 200 Pro; Nothing Phone (3),https://spinformation.info/all/smartphone-image-sensor/,Existing catalog / official + SP information,,,High,,23,Rear Main,2023.0,2025.0,0,Motorola Edge 50 Ultra,Motorola,Rear Main,2024.0,,https://helpix.ru/isensor/omnivision_ov50h/,Helpix sensor-phone mapping,,High,PHONE:EDGE50ULTRA,Verified normalized match,Motorola Edge 50 Ultra,146,150,134,,,,,,,803,May 2024,V5,https://www.dxomark.com/smartphones/Motorola/Edge-50-Ultra,DXOMARK device page,2026-09-26
OmniVision,OV50H,OMNIVISION:OV50H,OV50H,,,Canonical product name,50,,1/1.3,1.2,4-in-1,,QPD,Stagger HDR; DCG combined,Color,,,vivo X Fold3 Pro; iQOO 12; HONOR 200 Pro; Nothing Phone (3),https://spinformation.info/all/smartphone-image-sensor/,Existing catalog / official + SP information,,,High,,23,Rear Main,2023.0,2025.0,0,Motorola Moto X50 Ultra,Motorola,Rear Main,2024.0,,https://helpix.ru/isensor/omnivision_ov50h/,Helpix sensor-phone mapping,,High,PHONE:MOTOX50ULTRA,Not yet matched,,,,,,,,,,,,,,,,
OmniVision,OV50H,OMNIVISION:OV50H,OV50H,,,Canonical product name,50,,1/1.3,1.2,4-in-1,,QPD,Stagger HDR; DCG combined,Color,,,vivo X Fold3 Pro; iQOO 12; HONOR 200 Pro; Nothing Phone (3),https://spinformation.info/all/smartphone-image-sensor/,Existing catalog / official + SP information,,,High,,23,Rear Main,2023.0,2025.0,0,Polestar Phone,Polestar,Rear Main,2024.0,,https://helpix.ru/isensor/omnivision_ov50h/,Helpix sensor-phone mapping,,High,PHONE:POLESTARPHONE,Not yet matched,,,,,,,,,,,,,,,,
OmniVision,OV50H,OMNIVISION:OV50H,OV50H,,,Canonical product name,50,,1/1.3,1.2,4-in-1,,QPD,Stagger HDR; DCG combined,Color,,,vivo X Fold3 Pro; iQOO 12; HONOR 200 Pro; Nothing Phone (3),https://spinformation.info/all/smartphone-image-sensor/,Existing catalog / official + SP information,,,High,,23,Rear Main,2023.0,2025.0,0,Tecno Phantom V Fold2,Tecno,Rear Main,2024.0,,https://helpix.ru/isensor/omnivision_ov50h/,Helpix sensor-phone mapping,,High,PHONE:TECNOPHANTOMVFOLD2,Not yet matched,,,,,,,,,,,,,,,,
OmniVision,OV50H,OMNIVISION:OV50H,OV50H,,,Canonical product name,50,,1/1.3,1.2,4-in-1,,QPD,Stagger HDR; DCG combined,Color,,,vivo X Fold3 Pro; iQOO 12; HONOR 200 Pro; Nothing Phone (3),https://spinformation.info/all/smartphone-image-sensor/,Existing catalog / official + SP information,,,High,,23,Rear Main,2023.0,2025.0,0,Vivo X Fold3 Pro,vivo,Rear Main,2024.0,,https://helpix.ru/isensor/omnivision_ov50h/,Helpix sensor-phone mapping,,High,PHONE:XFOLD3PRO,Not yet matched,,,,,,,,,,,,,,,,
OmniVision,OV50H,OMNIVISION:OV50H,OV50H,,,Canonical product name,50,,1/1.3,1.2,4-in-1,,QPD,Stagger HDR; DCG combined,Color,,,vivo X Fold3 Pro; iQOO 12; HONOR 200 Pro; Nothing Phone (3),https://spinformation.info/all/smartphone-image-sensor/,Existing catalog / official + SP information,,,High,,23,Rear Main,2023.0,2025.0,0,Honor Magic8 Pro,HONOR,Rear Main,2025.0,Snapdragon 8 Elite Gen 5,https://helpix.ru/honor/magic8_pro/,review,https://helpix.ru/honor/magic8_pro/,Medium,PHONE:MAGIC8PRO,Verified normalized match,Honor Magic8 Pro,164,,,,,,,,,1299,Oct 2025,V6,https://www.dxomark.com/smartphones/,DXOMARK ranking,2026-09-26
OmniVision,OV50H,OMNIVISION:OV50H,OV50H,,,Canonical product name,50,,1/1.3,1.2,4-in-1,,QPD,Stagger HDR; DCG combined,Color,,,vivo X Fold3 Pro; iQOO 12; HONOR 200 Pro; Nothing Phone (3),https://spinformation.info/all/smartphone-image-sensor/,Existing catalog / official + SP information,,,High,,23,Rear Main,2023.0,2025.0,0,Meizu 22,Meizu,Rear Main,2025.0,,https://helpix.ru/isensor/omnivision_ov50h/,Helpix sensor-phone mapping,,High,PHONE:MEIZU22,Not yet matched,,,,,,,,,,,,,,,,
OmniVision,OV50H,OMNIVISION:OV50H,OV50H,,,Canonical product name,50,,1/1.3,1.2,4-in-1,,QPD,Stagger HDR; DCG combined,Color,,,vivo X Fold3 Pro; iQOO 12; HONOR 200 Pro; Nothing Phone (3),https://spinformation.info/all/smartphone-image-sensor/,Existing catalog / official + SP information,,,High,,23,Rear Main,2023.0,2025.0,0,Meizu 22 China Flagship,Meizu,Rear Main,2025.0,,https://helpix.ru/isensor/omnivision_ov50h/,Helpix sensor-phone mapping,,High,PHONE:MEIZU22CHINAFLAGSHIP,Not yet matched,,,,,,,,,,,,,,,,
OmniVision,OV50H,OMNIVISION:OV50H,OV50H,,,Canonical product name,50,,1/1.3,1.2,4-in-1,,QPD,Stagger HDR; DCG combined,Color,,,vivo X Fold3 Pro; iQOO 12; HONOR 200 Pro; Nothing Phone (3),https://spinformation.info/all/smartphone-image-sensor/,Existing catalog / official + SP information,,,High,,23,Rear Main,2023.0,2025.0,0,Nothing Phone (3),Nothing,Rear Main,2025.0,,https://helpix.ru/isensor/omnivision_ov50h/,Helpix sensor-phone mapping,,High,PHONE:NOTHINGPHONE3,Not yet matched,,,,,,,,,,,,,,,,
OmniVision,OV50H,OMNIVISION:OV50H,OV50H,,,Canonical product name,50,,1/1.3,1.2,4-in-1,,QPD,Stagger HDR; DCG combined,Color,,,vivo X Fold3 Pro; iQOO 12; HONOR 200 Pro; Nothing Phone (3),https://spinformation.info/all/smartphone-image-sensor/,Existing catalog / official + SP information,,,High,,23,Rear Main,2023.0,2025.0,0,Ulefone Armor 30,Ulefone,Rear Main,2025.0,,https://helpix.ru/isensor/omnivision_ov50h/,Helpix sensor-phone mapping,,High,PHONE:ULEFONEARMOR30,Not yet matched,,,,,,,,,,,,,,,,
OmniVision,OV50H,OMNIVISION:OV50H,OV50H,,,Canonical product name,50,,1/1.3,1.2,4-in-1,,QPD,Stagger HDR; DCG combined,Color,,,vivo X Fold3 Pro; iQOO 12; HONOR 200 Pro; Nothing Phone (3),https://spinformation.info/all/smartphone-image-sensor/,Existing catalog / official + SP information,,,High,,23,Rear Main,2023.0,2025.0,0,Ulefone Armor 30 Pro,Ulefone,Rear Main,2025.0,,https://helpix.ru/isensor/omnivision_ov50h/,Helpix sensor-phone mapping,,High,PHONE:ULEFONEARMOR30PRO,Not yet matched,,,,,,,,,,,,,,,,
OmniVision,OV50H,OMNIVISION:OV50H,OV50H,,,Canonical product name,50,,1/1.3,1.2,4-in-1,,QPD,Stagger HDR; DCG combined,Color,,,vivo X Fold3 Pro; iQOO 12; HONOR 200 Pro; Nothing Phone (3),https://spinformation.info/all/smartphone-image-sensor/,Existing catalog / official + SP information,,,High,,23,Rear Main,2023.0,2025.0,0,Ulefone Armor 33,Ulefone,Rear Main,2025.0,,https://helpix.ru/isensor/omnivision_ov50h/,Helpix sensor-phone mapping,,High,PHONE:ULEFONEARMOR33,Not yet matched,,,,,,,,,,,,,,,,
OmniVision,OV50H,OMNIVISION:OV50H,OV50H,,,Canonical product name,50,,1/1.3,1.2,4-in-1,,QPD,Stagger HDR; DCG combined,Color,,,vivo X Fold3 Pro; iQOO 12; HONOR 200 Pro; Nothing Phone (3),https://spinformation.info/all/smartphone-image-sensor/,Existing catalog / official + SP information,,,High,,23,Rear Main,2023.0,2025.0,0,Ulefone Armor 33 Pro,Ulefone,Rear Main,2025.0,,https://helpix.ru/isensor/omnivision_ov50h/,Helpix sensor-phone mapping,,High,PHONE:ULEFONEARMOR33PRO,Not yet matched,,,,,,,,,,,,,,,,
OmniVision,OV50H,OMNIVISION:OV50H,OV50H,,,Canonical product name,50,,1/1.3,1.2,4-in-1,,QPD,Stagger HDR; DCG combined,Color,,,vivo X Fold3 Pro; iQOO 12; HONOR 200 Pro; Nothing Phone (3),https://spinformation.info/all/smartphone-image-sensor/,Existing catalog / official + SP information,,,High,,23,Rear Main,2023.0,2025.0,0,Ulefone Armor 34,Ulefone,Rear Main,2025.0,,https://helpix.ru/isensor/omnivision_ov50h/,Helpix sensor-phone mapping,,High,PHONE:ULEFONEARMOR34,Not yet matched,,,,,,,,,,,,,,,,
OmniVision,OV50H,OMNIVISION:OV50H,OV50H,,,Canonical product name,50,,1/1.3,1.2,4-in-1,,QPD,Stagger HDR; DCG combined,Color,,,vivo X Fold3 Pro; iQOO 12; HONOR 200 Pro; Nothing Phone (3),https://spinformation.info/all/smartphone-image-sensor/,Existing catalog / official + SP information,,,High,,23,Rear Main,2023.0,2025.0,0,Ulefone Armor 34 Pro,Ulefone,Rear Main,2025.0,,https://helpix.ru/isensor/omnivision_ov50h/,Helpix sensor-phone mapping,,High,PHONE:ULEFONEARMOR34PRO,Not yet matched,,,,,,,,,,,,,,,,
OmniVision,OV50H,OMNIVISION:OV50H,OV50H,,,Canonical product name,50,,1/1.3,1.2,4-in-1,,QPD,Stagger HDR; DCG combined,Color,,,vivo X Fold3 Pro; iQOO 12; HONOR 200 Pro; Nothing Phone (3),https://spinformation.info/all/smartphone-image-sensor/,Existing catalog / official + SP information,,,High,,23,Rear Main,2023.0,2025.0,0,Ulefone Armor 34 Pro+,Ulefone,Rear Main,2025.0,,https://helpix.ru/isensor/omnivision_ov50h/,Helpix sensor-phone mapping,,High,PHONE:ULEFONEARMOR34PROPLUS,Not yet matched,,,,,,,,,,,,,,,,
OmniVision,OV50H,OMNIVISION:OV50H,OV50H,,,Canonical product name,50,,1/1.3,1.2,4-in-1,,QPD,Stagger HDR; DCG combined,Color,,,vivo X Fold3 Pro; iQOO 12; HONOR 200 Pro; Nothing Phone (3),https://spinformation.info/all/smartphone-image-sensor/,Existing catalog / official + SP information,,,High,,23,Rear Main,2023.0,2025.0,0,Ulefone Armor 34+,Ulefone,Rear Main,2025.0,,https://helpix.ru/isensor/omnivision_ov50h/,Helpix sensor-phone mapping,,High,PHONE:ULEFONEARMOR34PLUS,Not yet matched,,,,,,,,,,,,,,,,
OmniVision,OV50K,OMNIVISION:OV50K,OV50K,,,Canonical product name,50,,1/1.3,1.2,4-in-1,,QPD,Stagger HDR; DCG combined,4-Cell,,,HUAWEI Mate 70 Pro; Mate X6,https://spinformation.info/all/smartphone-image-sensor/,Existing catalog / official + SP information,,,High,,2,,,,0,HUAWEI Mate 70 Pro,Huawei,Unknown,2024,Kirin 9020,https://spinformation.info/all/smartphone-image-sensor/,Existing master Example_Phones,https://helpix.ru/huawei/mate_70_pro/,High,PHONE:MATE70PRO,Not yet matched,,,,,,,,,,,,,,,,
OmniVision,OV50K,OMNIVISION:OV50K,OV50K,,,Canonical product name,50,,1/1.3,1.2,4-in-1,,QPD,Stagger HDR; DCG combined,4-Cell,,,HUAWEI Mate 70 Pro; Mate X6,https://spinformation.info/all/smartphone-image-sensor/,Existing catalog / official + SP information,,,High,,2,,,,0,Mate X6,Huawei,Unknown,2024,Kirin 9020,https://spinformation.info/all/smartphone-image-sensor/,Existing master Example_Phones,https://helpix.ru/huawei/mate_x6/,High,PHONE:MATEX6,Not yet matched,,,,,,,,,,,,,,,,
OmniVision,OV50K40,OMNIVISION:OV50K40,OV50K40,,,Canonical product name,50,,1/1.30,1.2,,,,,,,,,https://helpix.ru/isensor/,Helpix smartphone sensor index,Added in ultra expansion; mobile-camera sensor index listing.,2024.0,Medium,,0,,,,0,,,,,,,,,,,No phone mapping,,,,,,,,,,,,,,,,
OmniVision,OV50M,OMNIVISION:OV50M,OV50M,,,Canonical product name,50,,1/2.88,0.61,4-in-1,,PDAF (2x2 ML),Stagger HDR; DAG-HDR,4-Cell,,,POCO F8 Pro,https://spinformation.info/all/smartphone-image-sensor/,Existing catalog / official + SP information,,2024.0,High,https://helpix.ru/isensor/,1,,,,0,POCO F8 Pro,Xiaomi,Rear Telephoto,2025,Snapdragon 8 Elite,https://helpix.ru/xiaomi/poco_f8_pro/,Helpix phone specification,https://helpix.ru/xiaomi/poco_f8_pro/,High,PHONE:POCOF8PRO,Not yet matched,,,,,,,,,,,,,,,,
OmniVision,OV50N,OMNIVISION:OV50N,OV50N,,,Canonical product name,50,,,,4-in-1,,,,,,,,https://spinformation.info/all/smartphone-image-sensor/,Existing catalog / official + SP information,,,High,,0,,,,0,,,,,,,,,,,No phone mapping,,,,,,,,,,,,,,,,
OmniVision,OV50Q,OMNIVISION:OV50Q,OV50Q,,,Canonical product name,50,,1/1.28,1.2,,,,,,,,,https://helpix.ru/isensor/,Helpix smartphone sensor index,Added in ultra expansion; mobile-camera sensor index listing.,2025.0,Medium,,0,,,,0,,,,,,,,,,,No phone mapping,,,,,,,,,,,,,,,,
OmniVision,OV50T,OMNIVISION:OV50T,OV50T,,,Canonical product name,50,,1/1.56,1.0,,,,,,,,,https://helpix.ru/isensor/,Helpix smartphone sensor index,Added in ultra expansion; mobile-camera sensor index listing.,2026.0,Medium,,0,,,,0,,,,,,,,,,,No phone mapping,,,,,,,,,,,,,,,,
OmniVision,OV50X,OMNIVISION:OV50X,OV50X,,,Canonical product name,50,,1/1.00,1.6,4-in-1,,,,,,,,https://spinformation.info/all/smartphone-image-sensor/,Existing catalog / official + SP information,,2025.0,High,https://helpix.ru/isensor/,0,,,,0,,,,,,,,,,,No phone mapping,,,,,,,,,,,,,,,,
OmniVision,OV51A,OMNIVISION:OV51A,OV51A,,,Canonical product name,50,,1/1.95,0.8,,,,,,,,,https://helpix.ru/isensor/,Helpix smartphone sensor index,Added in ultra expansion; mobile-camera sensor index listing.,2026.0,Medium,,0,,,,0,,,,,,,,,,,No phone mapping,,,,,,,,,,,,,,,,
OmniVision,OV52A,OMNIVISION:OV52A,OV52A,,,Canonical product name,200,,1/1.28,0.61,,,,,,,,,https://helpix.ru/isensor/,Helpix smartphone sensor index,Added in ultra expansion; mobile-camera sensor index listing.,2026.0,Medium,,0,,,,0,,,,,,,,,,,No phone mapping,,,,,,,,,,,,,,,,
OmniVision,OV5640,OMNIVISION:OV5640,OV5640,,,Canonical product name,5,,1/4.00,1.4,,,,,,,,,https://helpix.ru/isensor/,Helpix smartphone sensor index,Added in ultra expansion; mobile-camera sensor index listing.,2010.0,Medium,,0,,,,0,,,,,,,,,,,No phone mapping,,,,,,,,,,,,,,,,
OmniVision,OV5650,OMNIVISION:OV5650,OV5650,,,Canonical product name,5,,1/3.20,1.75,,,,,,,,,https://helpix.ru/isensor/,Helpix smartphone sensor index,Added in ultra expansion; mobile-camera sensor index listing.,2010.0,Medium,,0,,,,0,,,,,,,,,,,No phone mapping,,,,,,,,,,,,,,,,
OmniVision,OV5675,OMNIVISION:OV5675,OV5675,,,Canonical product name,5,,1/5.00,1.12,,,,,,,,,https://helpix.ru/isensor/,Helpix smartphone sensor index,Added in ultra expansion; mobile-camera sensor index listing.,2015.0,Medium,,0,,,,0,,,,,,,,,,,No phone mapping,,,,,,,,,,,,,,,,
OmniVision,OV5695,OMNIVISION:OV5695,OV5695,,,Canonical product name,5,,1/4.00,1.4,,,,,,,,,https://helpix.ru/isensor/,Helpix smartphone sensor index,Added in ultra expansion; mobile-camera sensor index listing.,2015.0,Medium,,0,,,,0,,,,,,,,,,,No phone mapping,,,,,,,,,,,,,,,,
OmniVision,OV60A,OMNIVISION:OV60A,OV60A,,,Canonical product name,60,,1/2.8,0.61,4-in-1,,,Stagger HDR,Color,,,,https://spinformation.info/all/smartphone-image-sensor/,Existing catalog / official + SP information,Sensor_Size per https://www.ovt.com/press-releases/omnivision-announces-worlds-first-0-61-%C2%B5m-pixel-high-resolution-4k-image-sensor-for-high-end-mobile-phone-front-facing-rear-facing-cameras/.,2021.0,High,https://helpix.ru/isensor/,0,,,,0,,,,,,,,,,,No phone mapping,,,,,,,,,,,,,,,,
OmniVision,OV64A,OMNIVISION:OV64A,OV64A,,,Canonical product name,64,9248 x 6944,1/1.32,1.0,4in1,,PDAF (4-Cell HS),4-Cell HDR,Color,,,Lenovo Legion Y90; Lenovo Legion 2 Pro,https://spinformation.info/all/smartphone-image-sensor/,SP information,,,Medium,,2,,,,0,Lenovo Legion 2 Pro,Lenovo,Rear Main,2021,Snapdragon 888,https://helpix.ru/lenovo/legion_duel_2/,Helpix phone specification,https://helpix.ru/lenovo/legion_duel_2/,Medium,PHONE:LENOVOLEGION2PRO,Not yet matched,,,,,,,,,,,,,,,,
OmniVision,OV64A,OMNIVISION:OV64A,OV64A,,,Canonical product name,64,9248 x 6944,1/1.32,1.0,4in1,,PDAF (4-Cell HS),4-Cell HDR,Color,,,Lenovo Legion Y90; Lenovo Legion 2 Pro,https://spinformation.info/all/smartphone-image-sensor/,SP information,,,Medium,,2,,,,0,Lenovo Legion Y90,Lenovo,Rear Main,2022,Snapdragon 8 Gen 1,https://helpix.ru/lenovo/legion_y90/,Helpix phone specification,https://helpix.ru/lenovo/legion_y90/,Medium,PHONE:LENOVOLEGIONY90,Not yet matched,,,,,,,,,,,,,,,,
OmniVision,OV64B,OMNIVISION:OV64B,OV64B,,,Canonical product name,64,9248 x 6944,1/2.0,0.7,4in1,4500e-,PDAF (2x2 ML),Stagger HDR,4-Cell / Color,,,Nubia Z80 Ultra; Nubia Z70 Ultra; Redmi K60; POCO F5,https://spinformation.info/all/smartphone-image-sensor/,SP information,,,Medium,,4,,,,0,Nubia Z70 Ultra,nubia,Rear Telephoto,2024,Snapdragon 8 Elite,https://helpix.ru/zte/nubia_z70_ultra/,Helpix phone specification,https://helpix.ru/zte/nubia_z70_ultra/,High,PHONE:NUBIAZ70ULTRA,Not yet matched,,,,,,,,,,,,,,,,
OmniVision,OV64B,OMNIVISION:OV64B,OV64B,,,Canonical product name,64,9248 x 6944,1/2.0,0.7,4in1,4500e-,PDAF (2x2 ML),Stagger HDR,4-Cell / Color,,,Nubia Z80 Ultra; Nubia Z70 Ultra; Redmi K60; POCO F5,https://spinformation.info/all/smartphone-image-sensor/,SP information,,,Medium,,4,,,,0,Nubia Z80 Ultra,nubia,Rear Telephoto,2025,Snapdragon 8 Elite Gen 5,https://helpix.ru/zte/nubia_z80_ultra/,Helpix phone specification,https://helpix.ru/zte/nubia_z80_ultra/,High,PHONE:NUBIAZ80ULTRA,Not yet matched,,,,,,,,,,,,,,,,
OmniVision,OV64B,OMNIVISION:OV64B,OV64B,,,Canonical product name,64,9248 x 6944,1/2.0,0.7,4in1,4500e-,PDAF (2x2 ML),Stagger HDR,4-Cell / Color,,,Nubia Z80 Ultra; Nubia Z70 Ultra; Redmi K60; POCO F5,https://spinformation.info/all/smartphone-image-sensor/,SP information,,,Medium,,4,,,,0,POCO F5,Xiaomi,Rear Main,2023,Snapdragon 7+ Gen 2,https://helpix.ru/xiaomi/poco_f5/,Helpix phone specification,https://helpix.ru/xiaomi/poco_f5/,High,PHONE:POCOF5,Not yet matched,,,,,,,,,,,,,,,,
OmniVision,OV64B,OMNIVISION:OV64B,OV64B,,,Canonical product name,64,9248 x 6944,1/2.0,0.7,4in1,4500e-,PDAF (2x2 ML),Stagger HDR,4-Cell / Color,,,Nubia Z80 Ultra; Nubia Z70 Ultra; Redmi K60; POCO F5,https://spinformation.info/all/smartphone-image-sensor/,SP information,,,Medium,,4,,,,0,Redmi K60,Xiaomi,Rear Main,2022,Snapdragon 8+ Gen 1,https://helpix.ru/xiaomi/redmi_k60/,Helpix phone specification,https://helpix.ru/xiaomi/redmi_k60/,High,PHONE:REDMIK60,Not yet matched,,,,,,,,,,,,,,,,
OmniVision,OV64C,OMNIVISION:OV64C,OV64C,,,Canonical product name,64,,1/1.7,0.8,4-in-1,,PDAF (2x2 ML),Stagger HDR,4-Cell / RGGB,,,,https://spinformation.info/all/smartphone-image-sensor/,Existing catalog / official + SP information,,,High,,0,,,,0,,,,,,,,,,,No phone mapping,,,,,,,,,,,,,,,,
OmniVision,OV64E,OMNIVISION:OV64E,OV64E,,,Canonical product name,50,,1/1.56,1.0,,,,,,,,,https://helpix.ru/isensor/,Helpix smartphone sensor index,Added in ultra expansion; mobile-camera sensor index listing.,2021.0,Medium,,0,,,,0,,,,,,,,,,,No phone mapping,,,,,,,,,,,,,,,,
OmniVision,OV8856,OMNIVISION:OV8856,OV8856,,,Canonical product name,8,,1/4,1.12,,,,iHDR,RGGB,,,China Mobile A3S; Panasonic P9; BQ Aquaris U Lite,https://spinformation.info/all/smartphone-image-sensor/,SP information,,,Medium,,3,,,,0,BQ Aquaris U Lite,BQ,Rear Main,2016,Snapdragon 425,https://helpix.ru/isensor/omnivision_ov8856/,Helpix sensor database,https://helpix.ru/bq/aquaris_u_lite/,High,PHONE:BQAQUARISULITE,Not yet matched,,,,,,,,,,,,,,,,
OmniVision,OV8856,OMNIVISION:OV8856,OV8856,,,Canonical product name,8,,1/4,1.12,,,,iHDR,RGGB,,,China Mobile A3S; Panasonic P9; BQ Aquaris U Lite,https://spinformation.info/all/smartphone-image-sensor/,SP information,,,Medium,,3,,,,0,China Mobile A3S,China Mobile,Unknown,2018,Snapdragon 425,https://spinformation.info/all/smartphone-image-sensor/,Existing master Example_Phones,https://helpix.ru/china/mobile_a3s/,Medium,PHONE:CHINAMOBILEA3S,Not yet matched,,,,,,,,,,,,,,,,
OmniVision,OV8856,OMNIVISION:OV8856,OV8856,,,Canonical product name,8,,1/4,1.12,,,,iHDR,RGGB,,,China Mobile A3S; Panasonic P9; BQ Aquaris U Lite,https://spinformation.info/all/smartphone-image-sensor/,SP information,,,Medium,,3,,,,0,Panasonic P9,Panasonic,Rear Main,2017,MT6737M,https://helpix.ru/isensor/omnivision_ov8856/,Helpix sensor database,https://helpix.ru/panasonic/p9/,High,PHONE:PANASONICP9,Not yet matched,,,,,,,,,,,,,,,,
OmniVision,OV8858,OMNIVISION:OV8858,OV8858,,,Canonical product name,8,,1/4,1.12,,,,Alternate Row HDR,RGGB,,,Blackview A60 Plus; Zopo Color S5.5; ZTE Blade A452,https://spinformation.info/all/smartphone-image-sensor/,SP information,,,Medium,,3,,,,0,Blackview A60 Plus,Blackview,Unknown,2020,,https://spinformation.info/all/smartphone-image-sensor/,Existing master Example_Phones,,Medium,PHONE:BLACKVIEWA60PLUS,Not yet matched,,,,,,,,,,,,,,,,
OmniVision,OV8858,OMNIVISION:OV8858,OV8858,,,Canonical product name,8,,1/4,1.12,,,,Alternate Row HDR,RGGB,,,Blackview A60 Plus; Zopo Color S5.5; ZTE Blade A452,https://spinformation.info/all/smartphone-image-sensor/,SP information,,,Medium,,3,,,,0,ZTE Blade A452,ZTE,Unknown,2016,MT6735P,https://spinformation.info/all/smartphone-image-sensor/,Existing master Example_Phones,https://www.gsmarena.com/zte_blade_a452-8295.php,Medium,PHONE:ZTEBLADEA452,Not yet matched,,,,,,,,,,,,,,,,
OmniVision,OV8858,OMNIVISION:OV8858,OV8858,,,Canonical product name,8,,1/4,1.12,,,,Alternate Row HDR,RGGB,,,Blackview A60 Plus; Zopo Color S5.5; ZTE Blade A452,https://spinformation.info/all/smartphone-image-sensor/,SP information,,,Medium,,3,,,,0,Zopo Color S5.5,Zopo,Rear Main,2015,MT6735,https://helpix.ru/isensor/omnivision_ov8858/,Helpix sensor database,https://zopomobile.in/introducing-the-zopo-color-s5-5/,High,PHONE:ZOPOCOLORS55,Not yet matched,,,,,,,,,,,,,,,,
OmniVision,OV8865,OMNIVISION:OV8865,OV8865,,,Canonical product name,8,,1/3.2,1.4,,,,,RGGB,,,Fairphone 2; Xiaomi Redmi 2; Wileyfox Spark,https://spinformation.info/all/smartphone-image-sensor/,SP information,,,Medium,,3,,,,0,Fairphone 2,Fairphone,Rear Main,2015,Snapdragon 801,https://helpix.ru/isensor/omnivision_ov8865/,Helpix sensor database,https://helpix.ru/fairphone/2/,High,PHONE:FAIRPHONE2,Not yet matched,,,,,,,,,,,,,,,,
OmniVision,OV8865,OMNIVISION:OV8865,OV8865,,,Canonical product name,8,,1/3.2,1.4,,,,,RGGB,,,Fairphone 2; Xiaomi Redmi 2; Wileyfox Spark,https://spinformation.info/all/smartphone-image-sensor/,SP information,,,Medium,,3,,,,0,Wileyfox Spark,Wileyfox,Rear Main,2016,MT6735A,https://helpix.ru/isensor/omnivision_ov8865/,Helpix sensor database,https://helpix.ru/wileyfox/spark/,High,PHONE:WILEYFOXSPARK,Not yet matched,,,,,,,,,,,,,,,,
OmniVision,OV8865,OMNIVISION:OV8865,OV8865,,,Canonical product name,8,,1/3.2,1.4,,,,,RGGB,,,Fairphone 2; Xiaomi Redmi 2; Wileyfox Spark,https://spinformation.info/all/smartphone-image-sensor/,SP information,,,Medium,,3,,,,0,Xiaomi Redmi 2,Xiaomi,Unknown,2015,Snapdragon 410,https://spinformation.info/all/smartphone-image-sensor/,Existing master Example_Phones,https://helpix.ru/xiaomi/redmi_2/,Medium,PHONE:REDMI2,Not yet matched,,,,,,,,,,,,,,,,
OmniVision,OV8D1,OMNIVISION:OV8D1,OV8D1,,,Canonical product name,8,,,,,,,,,,,,https://helpix.ru/isensor/,Helpix smartphone sensor index,Added in ultra expansion; mobile-camera sensor index listing.,2023.0,Medium,,0,,,,0,,,,,,,,,,,No phone mapping,,,,,,,,,,,,,,,,
OmniVision,OV9762,OMNIVISION:OV9762,OV9762,,,Canonical product name,1.3,,1/5.70,1.87,,,,,,,,,https://helpix.ru/isensor/,Helpix smartphone sensor index,Added in ultra expansion; mobile-camera sensor index listing.,2014.0,Medium,,0,,,,0,,,,,,,,,,,No phone mapping,,,,,,,,,,,,,,,,
OmniVision,OV990,OMNIVISION:OV990,OV990,,,Canonical product name,50,,1/1.3,1.2,4-in-1,,All-pixel PDAF,,,,,Nubia Z80 Ultra,https://spinformation.info/all/smartphone-image-sensor/,Existing catalog / official + SP information,,,High,,1,,,,0,Nubia Z80 Ultra,nubia,Rear Main,2025,Snapdragon 8 Elite Gen 5,https://helpix.ru/isensor/light_fusion_990/,Helpix sensor database,https://helpix.ru/zte/nubia_z80_ultra/,Medium,PHONE:NUBIAZ80ULTRA,Not yet matched,,,,,,,,,,,,,,,,
OmniVision,OVA0B,OMNIVISION:OVA0B,OVA0B,,,Canonical product name,100,11584 x 8688,1/1.8,0.6,4in1,,PDAF (2x2 ML),Stagger HDR,Color,,,,https://spinformation.info/all/smartphone-image-sensor/,SP information,,2023.0,Medium-High,https://helpix.ru/isensor/,0,,,,0,,,,,,,,,,,No phone mapping,,,,,,,,,,,,,,,,
OmniVision,OVB0A,OMNIVISION:OVB0A,OVB0A,,,Canonical product name,200,16384 x 12288,1/1.395,0.56,16in1,,All-pixel PDAF (QPD),Stagger HDR,16-Cell / RGGB,,,,https://spinformation.info/all/smartphone-image-sensor/,SP information,,,Medium,,0,,,,0,,,,,,,,,,,No phone mapping,,,,,,,,,,,,,,,,
OmniVision,OVB0B,OMNIVISION:OVB0B,OVB0B,,,Canonical product name,200,16384 x 12288,1/1.28,0.61,16in1,,All-pixel PDAF (QPD),Stagger HDR,4-Cell / Color,,,,https://spinformation.info/all/smartphone-image-sensor/,SP information,,,Medium,,0,,,,0,,,,,,,,,,,No phone mapping,,,,,,,,,,,,,,,,
OmniVision,OVH9000 / OV50H,OMNIVISION:OVH9000 / OV50H,OVH9000 / OV50H,,OVH9000,Canonical product name,50,,1/1.3,1.2,4-in-1,,QPD,DCG combined,,,,HONOR Magic 6; HONOR Magic 7; HONOR Magic 8 Pro,https://spinformation.info/all/smartphone-image-sensor/,Existing catalog / official + SP information,Alias pairing shown in SP information.,,High,,3,,,,0,HONOR Magic 6,HONOR,Unknown,2024,Snapdragon 8 Gen 3,https://spinformation.info/all/smartphone-image-sensor/,Existing master Example_Phones,https://helpix.ru/honor/magic6/,High,PHONE:MAGIC6,Not yet matched,,,,,,,,,,,,,,,,
OmniVision,OVH9000 / OV50H,OMNIVISION:OVH9000 / OV50H,OVH9000 / OV50H,,OVH9000,Canonical product name,50,,1/1.3,1.2,4-in-1,,QPD,DCG combined,,,,HONOR Magic 6; HONOR Magic 7; HONOR Magic 8 Pro,https://spinformation.info/all/smartphone-image-sensor/,Existing catalog / official + SP information,Alias pairing shown in SP information.,,High,,3,,,,0,HONOR Magic 7,HONOR,Unknown,2024,Snapdragon 8 Elite,https://spinformation.info/all/smartphone-image-sensor/,Existing master Example_Phones,https://helpix.ru/honor/magic7/,High,PHONE:MAGIC7,Not yet matched,,,,,,,,,,,,,,,,
OmniVision,OVH9000 / OV50H,OMNIVISION:OVH9000 / OV50H,OVH9000 / OV50H,,OVH9000,Canonical product name,50,,1/1.3,1.2,4-in-1,,QPD,DCG combined,,,,HONOR Magic 6; HONOR Magic 7; HONOR Magic 8 Pro,https://spinformation.info/all/smartphone-image-sensor/,Existing catalog / official + SP information,Alias pairing shown in SP information.,,High,,3,,,,0,HONOR Magic 8 Pro,HONOR,Rear Main,,Snapdragon 8 Elite Gen 5,https://helpix.ru/honor/magic8_pro/,review,https://helpix.ru/honor/magic8_pro/,Medium,PHONE:MAGIC8PRO,Verified normalized match,Honor Magic8 Pro,164,,,,,,,,,1299,Oct 2025,V6,https://www.dxomark.com/smartphones/,DXOMARK ranking,2026-09-26
OmniVision,OVH9800,OMNIVISION:OVH9800,OVH9800,,,Canonical product name,50,,1/1.3,1.2,4-in-1,,QPD,Stagger HDR; DCG combined,4-Cell,,,HONOR Magic 6 RSR; HONOR Magic 6 Ultimate,https://spinformation.info/all/smartphone-image-sensor/,Existing catalog / official + SP information,,,High,,2,,,,0,HONOR Magic 6 RSR,HONOR,Rear Main,2024,Snapdragon 8 Gen 3,https://helpix.ru/isensor/omnivision_ovh9800/,Helpix sensor database,https://helpix.ru/honor/magic6_rsr_porsche_design/,Medium,PHONE:MAGIC6RSR,Not yet matched,,,,,,,,,,,,,,,,
OmniVision,OVH9800,OMNIVISION:OVH9800,OVH9800,,,Canonical product name,50,,1/1.3,1.2,4-in-1,,QPD,Stagger HDR; DCG combined,4-Cell,,,HONOR Magic 6 RSR; HONOR Magic 6 Ultimate,https://spinformation.info/all/smartphone-image-sensor/,Existing catalog / official + SP information,,,High,,2,,,,0,HONOR Magic 6 Ultimate,HONOR,Rear Main,2024,Snapdragon 8 Gen 3,https://helpix.ru/isensor/omnivision_ovh9800/,Helpix sensor database,https://helpix.ru/honor/magic6_ultimate/,High,PHONE:MAGIC6ULTIMATE,Not yet matched,,,,,,,,,,,,,,,,
OmniVision,OVX9000,OMNIVISION:OVX9000,OVX9000,,,Canonical product name,50,,1/1.31,1.2,4-in-1,,QPD,Stagger HDR; DCG combined,Color,,,Xiaomi 15S Pro,https://spinformation.info/all/smartphone-image-sensor/,Existing catalog / official + SP information,,,High,,1,,,,0,Xiaomi 15S Pro,Xiaomi,Rear Main,2025,XRING O1,https://helpix.ru/isensor/light_hunter_900/,review,https://helpix.ru/xiaomi/15s_pro/,Medium,PHONE:15SPRO,Not yet matched,,,,,,,,,,,,,,,,
Panasonic,MN34152,PANASONIC:MN34152,MN34152,,,Canonical product name,13,,,,,,,,,,,,https://helpix.ru/isensor/,Helpix smartphone sensor index,Added in ultra expansion; mobile-camera sensor index listing.,2016.0,Medium,,0,,,,0,,,,,,,,,,,No phone mapping,,,,,,,,,,,,,,,,
Panasonic,MN34153,PANASONIC:MN34153,MN34153,,,Canonical product name,13,,,,,,,,,,,,https://helpix.ru/isensor/,Helpix smartphone sensor index,Added in ultra expansion; mobile-camera sensor index listing.,2016.0,Medium,,0,,,,0,,,,,,,,,,,No phone mapping,,,,,,,,,,,,,,,,
SK hynix,Hi-1332,SK_HYNIX:Hi-1332,Hi-1332,,,Canonical product name,13,,1/3.00,1.12,,,,,,,,,https://helpix.ru/isensor/,Helpix smartphone sensor index,Added in ultra expansion; mobile-camera sensor index listing.,2016.0,Medium,,0,,,,0,,,,,,,,,,,No phone mapping,,,,,,,,,,,,,,,,
SK hynix,Hi-1333,SK_HYNIX:Hi-1333,Hi-1333,,,Canonical product name,13,,1/3.00,1.12,,,,,,,,,https://helpix.ru/isensor/,Helpix smartphone sensor index,Added in ultra expansion; mobile-camera sensor index listing.,2017.0,Medium,,0,,,,0,,,,,,,,,,,No phone mapping,,,,,,,,,,,,,,,,
SK hynix,Hi-1336,SK_HYNIX:Hi-1336,Hi-1336,,,Canonical product name,13,,1/3.00,1.12,,,,,,,,,https://helpix.ru/isensor/,Helpix smartphone sensor index,Added in ultra expansion; mobile-camera sensor index listing.,2019.0,Medium,,0,,,,0,,,,,,,,,,,No phone mapping,,,,,,,,,,,,,,,,
SK hynix,Hi-1337,SK_HYNIX:Hi-1337,Hi-1337,,,Canonical product name,13,,1/3.60,1.0,,,,,,,,,https://helpix.ru/isensor/,Helpix smartphone sensor index,Added in ultra expansion; mobile-camera sensor index listing.,2020.0,High,https://news.skhynix.com/en/everything-about-the-1-0%CE%BCm-black-pearl-sk-hynixs-image-sensor/,0,,,,0,,,,,,,,,,,No phone mapping,,,,,,,,,,,,,,,,
SK hynix,Hi-1339,SK_HYNIX:Hi-1339,Hi-1339,,,Canonical product name,13,,1/3.00,1.12,,,,,,,,,https://helpix.ru/isensor/,Helpix smartphone sensor index,Added in ultra expansion; mobile-camera sensor index listing.,2022.0,Medium,,0,,,,0,,,,,,,,,,,No phone mapping,,,,,,,,,,,,,,,,
SK hynix,Hi-1631Q,SK_HYNIX:Hi-1631Q,Hi-1631Q,,,Canonical product name,16,,1/3.00,1.0,,,,,,,,,https://helpix.ru/isensor/,Helpix smartphone sensor index,Added in ultra expansion; mobile-camera sensor index listing.,2021.0,Medium,,0,,,,0,,,,,,,,,,,No phone mapping,,,,,,,,,,,,,,,,
SK hynix,Hi-1634,SK_HYNIX:Hi-1634,Hi-1634,,,Canonical product name,16,,1/3.00,1.0,,,,,,,,,https://helpix.ru/isensor/,Helpix smartphone sensor index,Added in ultra expansion; mobile-camera sensor index listing.,2019.0,High,https://news.skhynix.com/en/everything-about-the-1-0%CE%BCm-black-pearl-sk-hynixs-image-sensor/,0,,,,0,,,,,,,,,,,No phone mapping,,,,,,,,,,,,,,,,
SK hynix,Hi-2021,SK_HYNIX:Hi-2021,Hi-2021,,,Canonical product name,20,,1/2.00,1.0,,,,,,,,,https://helpix.ru/isensor/,Helpix smartphone sensor index,Added in ultra expansion; mobile-camera sensor index listing.,2020.0,High,https://news.skhynix.com/en/everything-about-the-1-0%CE%BCm-black-pearl-sk-hynixs-image-sensor/,0,,,,0,,,,,,,,,,,No phone mapping,,,,,,,,,,,,,,,,
SK hynix,Hi-259H,SK_HYNIX:Hi-259H,Hi-259H,,,Canonical product name,2,,1/5.00,1.75,,,,,,,,,https://helpix.ru/isensor/,Helpix smartphone sensor index,Added in ultra expansion; mobile-camera sensor index listing.,,Medium,,0,,,,0,,,,,,,,,,,No phone mapping,,,,,,,,,,,,,,,,
SK hynix,Hi-3231Q,SK_HYNIX:Hi-3231Q,Hi-3231Q,,,Canonical product name,32,,1/3.10,0.7,,,,,,,,,https://helpix.ru/isensor/,Helpix smartphone sensor index,Added in ultra expansion; mobile-camera sensor index listing.,2023.0,Medium,,0,,,,0,,,,,,,,,,,No phone mapping,,,,,,,,,,,,,,,,
SK hynix,Hi-5021,SK_HYNIX:Hi-5021,Hi-5021,,,Canonical product name,50,,1/2.55,0.7,,,,,,,,,https://helpix.ru/isensor/,Helpix smartphone sensor index,Added in ultra expansion; mobile-camera sensor index listing.,2021.0,Medium,,0,,,,0,,,,,,,,,,,No phone mapping,,,,,,,,,,,,,,,,
SK hynix,Hi-5022,SK_HYNIX:Hi-5022,Hi-5022,,,Canonical product name,50,,1/2.80,0.64,,,,,,,,,https://helpix.ru/isensor/,Helpix smartphone sensor index,Added in ultra expansion; mobile-camera sensor index listing.,2023.0,Medium,,0,,,,0,,,,,,,,,,,No phone mapping,,,,,,,,,,,,,,,,
SK hynix,Hi-551,SK_HYNIX:Hi-551,Hi-551,,,Canonical product name,5,,1/5.00,1.12,,,,,,,,,https://helpix.ru/isensor/,Helpix smartphone sensor index,Added in ultra expansion; mobile-camera sensor index listing.,2018.0,Medium,,0,,,,0,,,,,,,,,,,No phone mapping,,,,,,,,,,,,,,,,
SK hynix,Hi-552,SK_HYNIX:Hi-552,Hi-552,,,Canonical product name,5,,1/5.00,1.12,,,,,,,,,https://helpix.ru/isensor/,Helpix smartphone sensor index,Added in ultra expansion; mobile-camera sensor index listing.,,Medium,,0,,,,0,,,,,,,,,,,No phone mapping,,,,,,,,,,,,,,,,
SK hynix,Hi-553,SK_HYNIX:Hi-553,Hi-553,,,Canonical product name,5,,1/5.00,1.12,,,,,,,,,https://helpix.ru/isensor/,Helpix smartphone sensor index,Added in ultra expansion; mobile-camera sensor index listing.,2016.0,Medium,,0,,,,0,,,,,,,,,,,No phone mapping,,,,,,,,,,,,,,,,
SK hynix,Hi-556,SK_HYNIX:Hi-556,Hi-556,,,Canonical product name,5,,1/5.00,1.12,,,,,,,,,https://helpix.ru/isensor/,Helpix smartphone sensor index,Added in ultra expansion; mobile-camera sensor index listing.,2016.0,Medium,,0,,,,0,,,,,,,,,,,No phone mapping,,,,,,,,,,,,,,,,
SK hynix,Hi-842,SK_HYNIX:Hi-842,Hi-842,,,Canonical product name,8,,1/4.00,1.12,,,,,,,,,https://helpix.ru/isensor/,Helpix smartphone sensor index,Added in ultra expansion; mobile-camera sensor index listing.,,Medium,,0,,,,0,,,,,,,,,,,No phone mapping,,,,,,,,,,,,,,,,
SK hynix,Hi-843b,SK_HYNIX:Hi-843b,Hi-843b,,,Canonical product name,8,,1/4.00,1.12,,,,,,,,,https://helpix.ru/isensor/,Helpix smartphone sensor index,Added in ultra expansion; mobile-camera sensor index listing.,2015.0,Medium,,0,,,,0,,,,,,,,,,,No phone mapping,,,,,,,,,,,,,,,,
SK hynix,Hi-846,SK_HYNIX:Hi-846,Hi-846,,,Canonical product name,8,,1/4.00,1.12,,,,,,,,,https://helpix.ru/isensor/,Helpix smartphone sensor index,Added in ultra expansion; mobile-camera sensor index listing.,2016.0,Medium,,0,,,,0,,,,,,,,,,,No phone mapping,,,,,,,,,,,,,,,,
SK hynix,Hi-847,SK_HYNIX:Hi-847,Hi-847,,,Canonical product name,8,,1/4.40,1.0,,,,,,,,,https://helpix.ru/isensor/,Helpix smartphone sensor index,Added in ultra expansion; mobile-camera sensor index listing.,2020.0,High,https://news.skhynix.com/en/everything-about-the-1-0%CE%BCm-black-pearl-sk-hynixs-image-sensor/,0,,,,0,,,,,,,,,,,No phone mapping,,,,,,,,,,,,,,,,
Samsung,ISOCELL 2L8,SAMSUNG:2L8,ISOCELL 2L8,S5K2L8,S5K2L8,Marketing+internal mapped,12,,1/2.80,1.28,,,,,,,,,https://helpix.ru/isensor/,Helpix smartphone sensor index,Added in ultra expansion; mobile-camera sensor index listing.,2017.0,Medium,,0,,,,0,,,,,,,,,,,No phone mapping,,,,,,,,,,,,,,,,
Samsung,ISOCELL 2L9,SAMSUNG:2L9,ISOCELL 2L9,S5K2L9,S5K2L9,Marketing+internal mapped,12,,1/2.55,1.4,,,,,,,,,https://helpix.ru/isensor/,Helpix smartphone sensor index,Added in ultra expansion; mobile-camera sensor index listing.,2017.0,Medium,,0,,,,0,,,,,,,,,,,No phone mapping,,,,,,,,,,,,,,,,
Samsung,ISOCELL 2LD,SAMSUNG:2LD,ISOCELL 2LD,S5K2LD,S5K2LD,Marketing+internal mapped,12,,1/1.76,1.8,,,,,,,,,https://helpix.ru/isensor/,Helpix smartphone sensor index,Added in ultra expansion; mobile-camera sensor index listing.,2020.0,Medium,,0,,,,0,,,,,,,,,,,No phone mapping,,,,,,,,,,,,,,,,
Samsung,ISOCELL 2M8,SAMSUNG:2M8,ISOCELL 2M8,S5K2M8,S5K2M8,Marketing+internal mapped,13,,1/2.60,1.34,,,,,,,,,https://helpix.ru/isensor/,Helpix smartphone sensor index,Added in ultra expansion; mobile-camera sensor index listing.,2016.0,Medium,,0,,,,0,,,,,,,,,,,No phone mapping,,,,,,,,,,,,,,,,
Samsung,ISOCELL 2P6,SAMSUNG:2P6,ISOCELL 2P6,S5K2P6,S5K2P6,Marketing+internal mapped,16,,1/2.80,1.12,,,,,,,,,https://helpix.ru/isensor/,Helpix smartphone sensor index,Added in ultra expansion; mobile-camera sensor index listing.,2018.0,Medium,,0,,,,0,,,,,,,,,,,No phone mapping,,,,,,,,,,,,,,,,
Samsung,ISOCELL 2P8,SAMSUNG:2P8,ISOCELL 2P8,S5K2P8,S5K2P8,Marketing+internal mapped,16,,1/2.60,1.12,,,,,,,,,https://helpix.ru/isensor/,Helpix smartphone sensor index,Added in ultra expansion; mobile-camera sensor index listing.,2015.0,Medium,,0,,,,0,,,,,,,,,,,No phone mapping,,,,,,,,,,,,,,,,
Samsung,ISOCELL 2T7,SAMSUNG:2T7,ISOCELL 2T7,S5K2T7,S5K2T7,Marketing+internal mapped,20,,1/2.80,1.0,,,,,,,,,https://helpix.ru/isensor/,Helpix smartphone sensor index,Added in ultra expansion; mobile-camera sensor index listing.,2018.0,Medium,,0,,,,0,,,,,,,,,,,No phone mapping,,,,,,,,,,,,,,,,
Samsung,ISOCELL 2T8,SAMSUNG:2T8,ISOCELL 2T8,S5K2T8,S5K2T8,Marketing+internal mapped,20,,1/2.60,1.1,,,,,,,,,https://helpix.ru/isensor/,Helpix smartphone sensor index,Added in ultra expansion; mobile-camera sensor index listing.,2016.0,Medium,,0,,,,0,,,,,,,,,,,No phone mapping,,,,,,,,,,,,,,,,
Samsung,ISOCELL 2X5,SAMSUNG:2X5,ISOCELL 2X5,S5K2X5,S5K2X5,Marketing+internal mapped,25,,1/2.80,0.9,,,,,,,,,https://helpix.ru/isensor/,Helpix smartphone sensor index,Added in ultra expansion; mobile-camera sensor index listing.,2019.0,Medium,,0,,,,0,,,,,,,,,,,No phone mapping,,,,,,,,,,,,,,,,
Samsung,ISOCELL 3H2,SAMSUNG:3H2,ISOCELL 3H2,S5K3H2,S5K3H2,Canonicalized to ISOCELL name; S5K retained as internal code,8,,1/3.20,1.4,,,,,,,,,https://helpix.ru/isensor/,Helpix smartphone sensor index,Added in ultra expansion; mobile-camera sensor index listing.,2011.0,Medium,,0,,,,0,,,,,,,,,,,No phone mapping,,,,,,,,,,,,,,,,
Samsung,ISOCELL 3H7,SAMSUNG:3H7,ISOCELL 3H7,S5K3H7,S5K3H7,Canonicalized to ISOCELL name; S5K retained as internal code,8,,1/3.20,1.4,,,,,,,,,https://helpix.ru/isensor/,Helpix smartphone sensor index,Added in ultra expansion; mobile-camera sensor index listing.,2012.0,Medium,,0,,,,0,,,,,,,,,,,No phone mapping,,,,,,,,,,,,,,,,
Samsung,ISOCELL 3J1,SAMSUNG:3J1,ISOCELL 3J1,S5K3J1,S5K3J1,Marketing+internal mapped,10.87,3976 x 2736,1/3.00,1.22,,,All-pixel PDAF (Dual Pixel),,RGGB,,,Google Pixel 9 Pro Fold,https://helpix.ru/isensor/; https://spinformation.info/all/smartphone-image-sensor/,Helpix smartphone sensor index,Added in ultra expansion; mobile-camera sensor index listing.; Samsung sensor part number used in mobile devices. Resolution_MP per https://semiconductor.samsung.com/aemapi/semi/prdSpecInfo?siteCode=global&iaId=542&prdId=. Resolution_Px per https://semiconductor.samsung.com/aemapi/semi/prdSpecInfo?siteCode=global&iaId=542&prdId=.,2020.0,High,https://semiconductor.samsung.com/aemapi/semi/prdSpecInfo?siteCode=global&iaId=542&prdId=,1,,,,0,Google Pixel 9 Pro Fold,Google,Unknown,2024,Tensor G4,https://spinformation.info/all/smartphone-image-sensor/,Existing master Example_Phones,https://helpix.ru/google/pixel_9_pro_fold/,High,PHONE:PIXEL9PROFOLD,Not yet matched,,,,,,,,,,,,,,,,
Samsung,ISOCELL 3K1,SAMSUNG:3K1,ISOCELL 3K1,S5K3K1,S5K3K1,Marketing+internal mapped,10,,1/3.94,1.0,,,,,RGGB,,,Galaxy S24; Galaxy S26; Galaxy Z Fold7,https://helpix.ru/isensor/; https://spinformation.info/all/smartphone-image-sensor/,Helpix smartphone sensor index,Added in ultra expansion; mobile-camera sensor index listing.; Samsung sensor part number used in mobile devices.,2022.0,High,,3,,,,0,Galaxy S24,Samsung,Rear Telephoto,2024,Exynos 2400,https://helpix.ru/samsung/galaxy_s24/,Helpix phone specification,https://helpix.ru/samsung/galaxy_s24/,High,PHONE:GALAXYS24,Verified normalized match,Samsung Galaxy S24+ (Exynos),133,134,125,,,,,154,109,,Jan 2024,V5,https://www.dxomark.com/smartphones/Samsung/Galaxy-S24%2B-(Exynos),DXOMARK device page,2026-09-26
Samsung,ISOCELL 3K1,SAMSUNG:3K1,ISOCELL 3K1,S5K3K1,S5K3K1,Marketing+internal mapped,10,,1/3.94,1.0,,,,,RGGB,,,Galaxy S24; Galaxy S26; Galaxy Z Fold7,https://helpix.ru/isensor/; https://spinformation.info/all/smartphone-image-sensor/,Helpix smartphone sensor index,Added in ultra expansion; mobile-camera sensor index listing.; Samsung sensor part number used in mobile devices.,2022.0,High,,3,,,,0,Galaxy S26,Samsung,Rear Telephoto,2026,Snapdragon 8 Elite Gen 5 for Galaxy,https://helpix.ru/samsung/galaxy_s26/,Helpix phone specification,https://helpix.ru/samsung/galaxy_s26/,High,PHONE:GALAXYS26,Verified normalized match,Samsung Galaxy S26,146,,,,,,,,,,Mar 2026,V6,https://www.dxomark.com/smartphones/Samsung/Galaxy-S26,DXOMARK device page,2026-09-26
Samsung,ISOCELL 3K1,SAMSUNG:3K1,ISOCELL 3K1,S5K3K1,S5K3K1,Marketing+internal mapped,10,,1/3.94,1.0,,,,,RGGB,,,Galaxy S24; Galaxy S26; Galaxy Z Fold7,https://helpix.ru/isensor/; https://spinformation.info/all/smartphone-image-sensor/,Helpix smartphone sensor index,Added in ultra expansion; mobile-camera sensor index listing.; Samsung sensor part number used in mobile devices.,2022.0,High,,3,,,,0,Galaxy Z Fold7,Samsung,Rear Telephoto,2025,Snapdragon 8 Elite for Galaxy,https://helpix.ru/samsung/galaxy_z_fold7/,Helpix phone specification,https://helpix.ru/samsung/galaxy_z_fold7/,High,PHONE:GALAXYZFOLD7,Not yet matched,,,,,,,,,,,,,,,,
Samsung,ISOCELL 3L2,SAMSUNG:3L2,ISOCELL 3L2,S5K3L2,S5K3L2,Marketing+internal mapped,13,,1/3.10,1.12,,,,,,,,,https://helpix.ru/isensor/,Helpix smartphone sensor index,Added in ultra expansion; mobile-camera sensor index listing.,2014.0,Medium,,0,,,,0,,,,,,,,,,,No phone mapping,,,,,,,,,,,,,,,,
Samsung,ISOCELL 3L5,SAMSUNG:3L5,ISOCELL 3L5,S5K3L5,S5K3L5,Marketing+internal mapped,13,,,,,,,,,,,,https://helpix.ru/isensor/,Helpix smartphone sensor index,Added in ultra expansion; mobile-camera sensor index listing.,2018.0,Medium,,0,,,,0,,,,,,,,,,,No phone mapping,,,,,,,,,,,,,,,,
Samsung,ISOCELL 3L6,SAMSUNG:3L6,ISOCELL 3L6,S5K3L6,S5K3L6,Marketing+internal mapped,13,,1/3.00,1.12,,,,,,,,,https://helpix.ru/isensor/,Helpix smartphone sensor index,Added in ultra expansion; mobile-camera sensor index listing.,2018.0,Medium,,0,,,,0,,,,,,,,,,,No phone mapping,,,,,,,,,,,,,,,,
Samsung,ISOCELL 3L8,SAMSUNG:3L8,ISOCELL 3L8,S5K3L8,S5K3L8,Marketing+internal mapped,13,,1/3.06,1.12,,,,,,,,,https://helpix.ru/isensor/,Helpix smartphone sensor index,Added in ultra expansion; mobile-camera sensor index listing.,2016.0,Medium,,0,,,,0,,,,,,,,,,,No phone mapping,,,,,,,,,,,,,,,,
Samsung,ISOCELL 3LC,SAMSUNG:3LC,ISOCELL 3LC,S5K3LC,S5K3LC,Marketing+internal mapped,12,,,,,,,,,,,,https://helpix.ru/isensor/,Helpix smartphone sensor index,Added in ultra expansion; mobile-camera sensor index listing.,2025.0,Medium,,0,,,,0,,,,,,,,,,,No phone mapping,,,,,,,,,,,,,,,,
Samsung,ISOCELL 3LD,SAMSUNG:3LD,ISOCELL 3LD,S5K3LD,S5K3LD,Marketing+internal mapped,12,,1/3.20,1.0,,,,,,,,,https://helpix.ru/isensor/,Helpix smartphone sensor index,Added in ultra expansion; mobile-camera sensor index listing.,2026.0,Medium,,0,,,,0,,,,,,,,,,,No phone mapping,,,,,,,,,,,,,,,,
Samsung,ISOCELL 3LU,SAMSUNG:3LU,ISOCELL 3LU,S5K3LU,S5K3LU,Marketing+internal mapped,12,4000 x 3000,1/3.20,1.12,,,All-pixel PDAF (Dual Pixel),,RGGB,,,Google Pixel 9 Pro Fold,https://helpix.ru/isensor/; https://spinformation.info/all/smartphone-image-sensor/,Helpix smartphone sensor index,Added in ultra expansion; mobile-camera sensor index listing.,2023.0,Medium,,1,,,,0,Google Pixel 9 Pro Fold,Google,Unknown,2024,Tensor G4,https://spinformation.info/all/smartphone-image-sensor/,Existing master Example_Phones,https://helpix.ru/google/pixel_9_pro_fold/,Medium,PHONE:PIXEL9PROFOLD,Not yet matched,,,,,,,,,,,,,,,,
Samsung,ISOCELL 3M3,SAMSUNG:3M3,ISOCELL 3M3,S5K3M3,S5K3M3,Marketing+internal mapped,13,,1/3.40,1.0,,,,,,,,,https://helpix.ru/isensor/,Helpix smartphone sensor index,Added in ultra expansion; mobile-camera sensor index listing.,2017.0,Medium,,0,,,,0,,,,,,,,,,,No phone mapping,,,,,,,,,,,,,,,,
Samsung,ISOCELL 3M5,SAMSUNG:3M5,ISOCELL 3M5,S5K3M5,S5K3M5,Marketing+internal mapped,13,,1/3.00,1.0,,,,,,,,,https://helpix.ru/isensor/,Helpix smartphone sensor index,Added in ultra expansion; mobile-camera sensor index listing.,2019.0,Medium,,0,,,,0,,,,,,,,,,,No phone mapping,,,,,,,,,,,,,,,,
Samsung,ISOCELL 3P3,SAMSUNG:3P3,ISOCELL 3P3,S5K3P3,S5K3P3,Marketing+internal mapped,16,,1/3.06,1.0,,,,,,,,,https://helpix.ru/isensor/,Helpix smartphone sensor index,Added in ultra expansion; mobile-camera sensor index listing.,2015.0,Medium,,0,,,,0,,,,,,,,,,,No phone mapping,,,,,,,,,,,,,,,,
Samsung,ISOCELL 3P8,SAMSUNG:3P8,ISOCELL 3P8,S5K3P8,S5K3P8,Marketing+internal mapped,16,,1/3.10,1.0,,,,,,,,,https://helpix.ru/isensor/,Helpix smartphone sensor index,Added in ultra expansion; mobile-camera sensor index listing.,2016.0,Medium,,0,,,,0,,,,,,,,,,,No phone mapping,,,,,,,,,,,,,,,,
Samsung,ISOCELL 3P9,SAMSUNG:3P9,ISOCELL 3P9,S5K3P9,S5K3P9,Marketing+internal mapped,16,,1/3.00,1.0,,,,,,,,,https://helpix.ru/isensor/,Helpix smartphone sensor index,Added in ultra expansion; mobile-camera sensor index listing.,2018.0,Medium,,0,,,,0,,,,,,,,,,,No phone mapping,,,,,,,,,,,,,,,,
Samsung,ISOCELL 3T1,SAMSUNG:3T1,ISOCELL 3T1,S5K3T1,S5K3T1,Marketing+internal mapped,20,,1/3.00,0.9,,,,,,,,,https://helpix.ru/isensor/,Helpix smartphone sensor index,Added in ultra expansion; mobile-camera sensor index listing.,2018.0,Medium,,0,,,,0,,,,,,,,,,,No phone mapping,,,,,,,,,,,,,,,,
Samsung,ISOCELL 3T2,SAMSUNG:3T2,ISOCELL 3T2,S5K3T2,S5K3T2,Marketing+internal mapped,20,5184 x 3880,1/3.4,0.8,4in1,,PDAF,,RGGB,,,Xiaomi Mi 11 Ultra; Xiaomi Mi 11 Pro; Xiaomi Mi 11; Meizu 18,https://spinformation.info/all/smartphone-image-sensor/,SP information,,,Medium,,4,,,,0,Meizu 18,Meizu,Unknown,2021,Snapdragon 888,https://spinformation.info/all/smartphone-image-sensor/,Existing master Example_Phones,https://helpix.ru/meizu/18/,Medium,PHONE:MEIZU18,Not yet matched,,,,,,,,,,,,,,,,
Samsung,ISOCELL 3T2,SAMSUNG:3T2,ISOCELL 3T2,S5K3T2,S5K3T2,Marketing+internal mapped,20,5184 x 3880,1/3.4,0.8,4in1,,PDAF,,RGGB,,,Xiaomi Mi 11 Ultra; Xiaomi Mi 11 Pro; Xiaomi Mi 11; Meizu 18,https://spinformation.info/all/smartphone-image-sensor/,SP information,,,Medium,,4,,,,0,Xiaomi Mi 11,Xiaomi,Front Main,2020,Snapdragon 888,https://helpix.ru/xiaomi/mi_11/,Helpix phone specification,https://helpix.ru/xiaomi/mi_11/,High,PHONE:MI11,Not yet matched,,,,,,,,,,,,,,,,
Samsung,ISOCELL 3T2,SAMSUNG:3T2,ISOCELL 3T2,S5K3T2,S5K3T2,Marketing+internal mapped,20,5184 x 3880,1/3.4,0.8,4in1,,PDAF,,RGGB,,,Xiaomi Mi 11 Ultra; Xiaomi Mi 11 Pro; Xiaomi Mi 11; Meizu 18,https://spinformation.info/all/smartphone-image-sensor/,SP information,,,Medium,,4,,,,0,Xiaomi Mi 11 Pro,Xiaomi,Front Main,2021,Snapdragon 888,https://helpix.ru/xiaomi/mi_11_pro/,Helpix phone specification,https://helpix.ru/xiaomi/mi_11_pro/,High,PHONE:MI11PRO,Not yet matched,,,,,,,,,,,,,,,,
Samsung,ISOCELL 3T2,SAMSUNG:3T2,ISOCELL 3T2,S5K3T2,S5K3T2,Marketing+internal mapped,20,5184 x 3880,1/3.4,0.8,4in1,,PDAF,,RGGB,,,Xiaomi Mi 11 Ultra; Xiaomi Mi 11 Pro; Xiaomi Mi 11; Meizu 18,https://spinformation.info/all/smartphone-image-sensor/,SP information,,,Medium,,4,,,,0,Xiaomi Mi 11 Ultra,Xiaomi,Front Main,2021,Snapdragon 888,https://helpix.ru/xiaomi/mi_11_ultra/,Helpix phone specification,https://helpix.ru/xiaomi/mi_11_ultra/,High,PHONE:MI11ULTRA,Not yet matched,,,,,,,,,,,,,,,,
Samsung,ISOCELL 4E2,SAMSUNG:4E2,ISOCELL 4E2,S5K4E2,S5K4E2,Canonicalized to ISOCELL name; S5K retained as internal code,5,,1/4.00,1.4,,,,,,,,,https://helpix.ru/isensor/,Helpix smartphone sensor index,Added in ultra expansion; mobile-camera sensor index listing.,2010.0,Medium,,0,,,,0,,,,,,,,,,,No phone mapping,,,,,,,,,,,,,,,,
Samsung,ISOCELL 4E6,SAMSUNG:4E6,ISOCELL 4E6,S5K4E6,S5K4E6,Canonicalized to ISOCELL name; S5K retained as internal code,5,,1/4.00,1.34,,,,,,,,,https://helpix.ru/isensor/,Helpix smartphone sensor index,Added in ultra expansion; mobile-camera sensor index listing.,2014.0,Medium,,0,,,,0,,,,,,,,,,,No phone mapping,,,,,,,,,,,,,,,,
Samsung,ISOCELL 4E8,SAMSUNG:4E8,ISOCELL 4E8,S5K4E8,S5K4E8,Canonicalized to ISOCELL name; S5K retained as internal code,5,,1/4.00,1.4,,,,,,,,,https://helpix.ru/isensor/,Helpix smartphone sensor index,Added in ultra expansion; mobile-camera sensor index listing.,2017.0,Medium,,0,,,,0,,,,,,,,,,,No phone mapping,,,,,,,,,,,,,,,,
Samsung,ISOCELL 4H5,SAMSUNG:4H5,ISOCELL 4H5,S5K4H5,S5K4H5,Marketing+internal mapped,8,3268 x 2448,1/4,1.12,,6200e-,Contrast AF,,RGGB,,,Intex Aqua Note 5.5; BlackView A7,https://helpix.ru/isensor/; https://spinformation.info/all/smartphone-image-sensor/,SP information,Added in ultra expansion; mobile-camera sensor index listing.,2015.0,Medium,,2,,,,0,BlackView A7,Blackview,Unknown,2017,MT6580A,https://spinformation.info/all/smartphone-image-sensor/,Existing master Example_Phones,https://helpix.ru/blackview/a7/,Medium,PHONE:BLACKVIEWA7,Not yet matched,,,,,,,,,,,,,,,,
Samsung,ISOCELL 4H5,SAMSUNG:4H5,ISOCELL 4H5,S5K4H5,S5K4H5,Marketing+internal mapped,8,3268 x 2448,1/4,1.12,,6200e-,Contrast AF,,RGGB,,,Intex Aqua Note 5.5; BlackView A7,https://helpix.ru/isensor/; https://spinformation.info/all/smartphone-image-sensor/,SP information,Added in ultra expansion; mobile-camera sensor index listing.,2015.0,Medium,,2,,,,0,Intex Aqua Note 5.5,Intex,Rear Main,2017,MT6737V/W,https://helpix.ru/isensor/samsung_s5k4h5/,Helpix sensor database,https://helpix.ru/intex/aqua_note_5.5/,High,PHONE:INTEXAQUANOTE55,Not yet matched,,,,,,,,,,,,,,,,
Samsung,ISOCELL 4H7,SAMSUNG:4H7,ISOCELL 4H7,S5K4H7,S5K4H7,Marketing+internal mapped,8,3268 x 2448,1/4,1.12,,6200e-,Contrast AF,,RGGB,,,Redmi Note 12T Pro; BlackView A53,https://spinformation.info/all/smartphone-image-sensor/,SP information,,,Medium,,2,,,,0,BlackView A53,Blackview,Unknown,2023,Helio A22,https://spinformation.info/all/smartphone-image-sensor/,Existing master Example_Phones,https://helpix.ru/blackview/a53/,Medium,PHONE:BLACKVIEWA53,Not yet matched,,,,,,,,,,,,,,,,
Samsung,ISOCELL 4H7,SAMSUNG:4H7,ISOCELL 4H7,S5K4H7,S5K4H7,Marketing+internal mapped,8,3268 x 2448,1/4,1.12,,6200e-,Contrast AF,,RGGB,,,Redmi Note 12T Pro; BlackView A53,https://spinformation.info/all/smartphone-image-sensor/,SP information,,,Medium,,2,,,,0,Redmi Note 12T Pro,Xiaomi,Unknown,2023,Dimensity 8200-Ultra,https://spinformation.info/all/smartphone-image-sensor/,Existing master Example_Phones,https://helpix.ru/xiaomi/redmi_note_12t_pro/,Medium,PHONE:REDMINOTE12TPRO,Not yet matched,,,,,,,,,,,,,,,,
Samsung,ISOCELL 4H8,SAMSUNG:4H8,ISOCELL 4H8,S5K4H8,S5K4H8,Marketing+internal mapped,8,3268 x 2448,1/4,1.12,---,6200e-,Contrast AF,,RGGB,,,Doogee S41; BQ Aquaris U2 Lite,https://spinformation.info/all/smartphone-image-sensor/,SP information,,,Medium,,2,,,,0,BQ Aquaris U2 Lite,BQ,Rear Main,2017,Snapdragon 425,https://helpix.ru/isensor/samsung_isocell_4h8/,Helpix sensor database,https://helpix.ru/bq/aquaris_u2_lite/,High,PHONE:BQAQUARISU2LITE,Not yet matched,,,,,,,,,,,,,,,,
Samsung,ISOCELL 4H8,SAMSUNG:4H8,ISOCELL 4H8,S5K4H8,S5K4H8,Marketing+internal mapped,8,3268 x 2448,1/4,1.12,---,6200e-,Contrast AF,,RGGB,,,Doogee S41; BQ Aquaris U2 Lite,https://spinformation.info/all/smartphone-image-sensor/,SP information,,,Medium,,2,,,,0,Doogee S41,Doogee,Rear Main,2022,Helio A22,https://helpix.ru/doogee/s41/,Helpix phone specification,https://helpix.ru/doogee/s41/,High,PHONE:DOOGEES41,Not yet matched,,,,,,,,,,,,,,,,
Samsung,ISOCELL 4HA,SAMSUNG:4HA,ISOCELL 4HA,S5K4HA,S5K4HA,Marketing+internal mapped,8,3268 x 2448,1/4,1.12,,6200e-,Contrast AF,,RGGB,,,,https://spinformation.info/all/smartphone-image-sensor/,SP information,,2019.0,Medium-High,https://helpix.ru/isensor/,0,,,,0,,,,,,,,,,,No phone mapping,,,,,,,,,,,,,,,,
Samsung,ISOCELL 5E2,SAMSUNG:5E2,ISOCELL 5E2,S5K5E2,S5K5E2,Marketing+internal mapped,5,2592 x 1944,1/5,1.12,---,,Contrast AF,,RGGB,,,Motorola Moto E 4G,https://helpix.ru/isensor/; https://spinformation.info/all/smartphone-image-sensor/,SP information,Added in ultra expansion; mobile-camera sensor index listing.,2015.0,Medium,,1,,,,0,Motorola Moto E 4G,Motorola,Unknown,2015,Snapdragon 410,https://spinformation.info/all/smartphone-image-sensor/,Existing master Example_Phones,https://helpix.ru/motorola/moto_e_2nd_gen_lte/,Medium,PHONE:MOTOE4G,Not yet matched,,,,,,,,,,,,,,,,
Samsung,ISOCELL 5E3,SAMSUNG:5E3,ISOCELL 5E3,S5K5E3,S5K5E3,Canonicalized to ISOCELL name; S5K retained as internal code,5,,1/5.00,1.12,,,,,,,,,https://helpix.ru/isensor/,Helpix smartphone sensor index,Added in ultra expansion; mobile-camera sensor index listing.,2015.0,Medium,,0,,,,0,,,,,,,,,,,No phone mapping,,,,,,,,,,,,,,,,
Samsung,ISOCELL 5E8,SAMSUNG:5E8,ISOCELL 5E8,S5K5E8,S5K5E8,Marketing+internal mapped,5,2592 x 1944,1/5,1.12,---,,Contrast AF,,RGGB,,,Intex Aqua Style III,https://helpix.ru/isensor/; https://spinformation.info/all/smartphone-image-sensor/,SP information,Added in ultra expansion; mobile-camera sensor index listing.,2016.0,Medium,,1,,,,0,Intex Aqua Style III,Intex,Unknown,2017,SC9832A,https://spinformation.info/all/smartphone-image-sensor/,Existing master Example_Phones,https://helpix.ru/intex/aqua_style_iii/,Medium,PHONE:INTEXAQUASTYLEIII,Not yet matched,,,,,,,,,,,,,,,,
Samsung,ISOCELL 5E9,SAMSUNG:5E9,ISOCELL 5E9,S5K5E9,S5K5E9,Marketing+internal mapped,5,2592 x 1944,1/5,1.12,---,,Contrast AF,,RGGB,,,Xiaomi 11T; Mi 11,https://spinformation.info/all/smartphone-image-sensor/,SP information,,,Medium,,2,,,,0,Mi 11,Xiaomi,Rear Macro,2020,Snapdragon 888,https://helpix.ru/xiaomi/mi_11/,Helpix phone specification,https://helpix.ru/xiaomi/mi_11/,High,PHONE:MI11,Not yet matched,,,,,,,,,,,,,,,,
Samsung,ISOCELL 5E9,SAMSUNG:5E9,ISOCELL 5E9,S5K5E9,S5K5E9,Marketing+internal mapped,5,2592 x 1944,1/5,1.12,---,,Contrast AF,,RGGB,,,Xiaomi 11T; Mi 11,https://spinformation.info/all/smartphone-image-sensor/,SP information,,,Medium,,2,,,,0,Xiaomi 11T,Xiaomi,Rear Macro,2021,Dimensity 1200,https://helpix.ru/xiaomi/11t/,Helpix phone specification,https://helpix.ru/xiaomi/11t/,High,PHONE:11T,Not yet matched,,,,,,,,,,,,,,,,
Samsung,ISOCELL 5EA,SAMSUNG:5EA,ISOCELL 5EA,S5K5EA,S5K5EA,Marketing+internal mapped,5,2592 x 1944,1/5,1.12,---,,Contrast AF,,RGGB,,,THL t6S,https://spinformation.info/all/smartphone-image-sensor/,SP information,,,Medium,,1,,,,0,THL t6S,THL,Unknown,2014,MT6582M,https://spinformation.info/all/smartphone-image-sensor/,Existing master Example_Phones,https://helpix.ru/thl/t6s/,Medium,PHONE:THLT6S,Not yet matched,,,,,,,,,,,,,,,,
Samsung,ISOCELL 5F1,SAMSUNG:5F1,ISOCELL 5F1,S5K5F1,S5K5F1,Marketing+internal mapped,5.76,2400 x 2400,1/5.27,1.0,---,,Contrast AF,,RGGB,,,,https://spinformation.info/all/smartphone-image-sensor/,SP information,,2018.0,Medium-High,https://helpix.ru/isensor/,0,,,,0,,,,,,,,,,,No phone mapping,,,,,,,,,,,,,,,,
Samsung,ISOCELL 5L8,SAMSUNG:5L8,ISOCELL 5L8,S5K5L8,S5K5L8,Marketing+internal mapped,12.2,,1/2.8,1.29,---,,Contrast AF,,RGGB,,,iLA X,https://spinformation.info/all/smartphone-image-sensor/,SP information,,,Medium,,1,,,,0,iLA X,iLA,Unknown,2018,MT6737,https://spinformation.info/all/smartphone-image-sensor/,Existing master Example_Phones,https://helpix.ru/ila/x/,Medium,PHONE:ILAX,Not yet matched,,,,,,,,,,,,,,,,
Samsung,ISOCELL GD1,SAMSUNG:GD1,ISOCELL GD1,S5KGD1,S5KGD1,Marketing+internal mapped,32,6560 x 4928,1/2.8,0.8,4in1,,PDAF,3D HDR; Tetra HDR,RGGB,,,vivo X70; HUAWEI P30 Pro,https://spinformation.info/all/smartphone-image-sensor/,SP information,,,Medium,,2,,,,0,HUAWEI P30 Pro,Huawei,Front Main,2019,Kirin 980,https://helpix.ru/huawei/p30_pro/,Helpix phone specification,https://helpix.ru/huawei/p30_pro/,High,PHONE:P30PRO,Not yet matched,,,,,,,,,,,,,,,,
Samsung,ISOCELL GD1,SAMSUNG:GD1,ISOCELL GD1,S5KGD1,S5KGD1,Marketing+internal mapped,32,6560 x 4928,1/2.8,0.8,4in1,,PDAF,3D HDR; Tetra HDR,RGGB,,,vivo X70; HUAWEI P30 Pro,https://spinformation.info/all/smartphone-image-sensor/,SP information,,,Medium,,2,,,,0,vivo X70,vivo,Unknown,2021,Dimensity 1200,https://spinformation.info/all/smartphone-image-sensor/,Existing master Example_Phones,https://helpix.ru/vivo/x70/,Medium,PHONE:X70,Not yet matched,,,,,,,,,,,,,,,,
Samsung,ISOCELL GD2,SAMSUNG:GD2,ISOCELL GD2,S5KGD2,S5KGD2,Marketing+internal mapped,32,,1/2.8,0.8,4in1,,PDAF,,RGGB,,,vivo X90; BlackView BV9300,https://spinformation.info/all/smartphone-image-sensor/,SP information,,,Medium,,2,,,,0,BlackView BV9300,Blackview,Front Main,2023,Helio G99,https://helpix.ru/blackview/bv9300/,Helpix phone specification,https://helpix.ru/blackview/bv9300/,High,PHONE:BLACKVIEWBV9300,Not yet matched,,,,,,,,,,,,,,,,
Samsung,ISOCELL GD2,SAMSUNG:GD2,ISOCELL GD2,S5KGD2,S5KGD2,Marketing+internal mapped,32,,1/2.8,0.8,4in1,,PDAF,,RGGB,,,vivo X90; BlackView BV9300,https://spinformation.info/all/smartphone-image-sensor/,SP information,,,Medium,,2,,,,0,vivo X90,vivo,Unknown,2022,Dimensity 9200,https://spinformation.info/all/smartphone-image-sensor/,Existing master Example_Phones,https://helpix.ru/vivo/x90/,Medium,PHONE:X90,Not yet matched,,,,,,,,,,,,,,,,
Samsung,ISOCELL GH1,SAMSUNG:GH1,ISOCELL GH1,S5KGH1,S5KGH1,Marketing+internal mapped,43.7,7968 x 5480,1/2.65,0.7,4in1,,PDAF (Super PD),3D HDR; Tetra HDR,RGGB,,,vivo V21; Galaxy S21 Ultra,https://spinformation.info/all/smartphone-image-sensor/,SP information,,,Medium,,2,,,,0,Galaxy S21 Ultra,Samsung,Front Main,2021,Exynos 2100,https://helpix.ru/samsung/galaxy_s21_ultra/,Helpix phone specification,https://helpix.ru/samsung/galaxy_s21_ultra/,High,PHONE:GALAXYS21ULTRA,Not yet matched,,,,,,,,,,,,,,,,
Samsung,ISOCELL GH1,SAMSUNG:GH1,ISOCELL GH1,S5KGH1,S5KGH1,Marketing+internal mapped,43.7,7968 x 5480,1/2.65,0.7,4in1,,PDAF (Super PD),3D HDR; Tetra HDR,RGGB,,,vivo V21; Galaxy S21 Ultra,https://spinformation.info/all/smartphone-image-sensor/,SP information,,,Medium,,2,,,,0,vivo V21,vivo,Front Main,2021,Dimensity 800U,https://helpix.ru/vivo/v21/,Helpix phone specification,https://helpix.ru/vivo/v21/,High,PHONE:V21,Not yet matched,,,,,,,,,,,,,,,,
Samsung,ISOCELL GM1,SAMSUNG:GM1,ISOCELL GM1,S5KGM1,S5KGM1,Marketing+internal mapped,48,,1/2.0,0.8,4-in-1,,PDAF,Smart WDR,RGGB,,,Redmi Note 8; Galaxy A90 5G,https://spinformation.info/all/smartphone-image-sensor/,Existing catalog / official + SP information,,,High,,2,,,,0,Galaxy A90 5G,Samsung,Rear Main,2019,Snapdragon 855,https://helpix.ru/samsung/galaxy_a90_5g/,Helpix phone specification,https://helpix.ru/samsung/galaxy_a90_5g/,High,PHONE:GALAXYA905G,Not yet matched,,,,,,,,,,,,,,,,
Samsung,ISOCELL GM1,SAMSUNG:GM1,ISOCELL GM1,S5KGM1,S5KGM1,Marketing+internal mapped,48,,1/2.0,0.8,4-in-1,,PDAF,Smart WDR,RGGB,,,Redmi Note 8; Galaxy A90 5G,https://spinformation.info/all/smartphone-image-sensor/,Existing catalog / official + SP information,,,High,,2,,,,0,Redmi Note 8,Xiaomi,Unknown,2019,Snapdragon 665,https://spinformation.info/all/smartphone-image-sensor/,Existing master Example_Phones,https://helpix.ru/xiaomi/redmi_note_8/,High,PHONE:REDMINOTE8,Not yet matched,,,,,,,,,,,,,,,,
Samsung,ISOCELL GM2,SAMSUNG:GM2,ISOCELL GM2,S5KGM2,S5KGM2,Marketing+internal mapped,48,,1/2.0,0.8,4-in-1,,SuperPD,Smart WDR,RGGB,,,Redmi Note 9 Pro; Galaxy A42 5G,https://spinformation.info/all/smartphone-image-sensor/,Existing catalog / official + SP information,,,High,,2,,,,0,Galaxy A42 5G,Samsung,Rear Main,2020,Snapdragon 750G,https://helpix.ru/samsung/galaxy_a42_5g/,Helpix phone specification,https://helpix.ru/samsung/galaxy_a42_5g/,Medium,PHONE:GALAXYA425G,Not yet matched,,,,,,,,,,,,,,,,
Samsung,ISOCELL GM2,SAMSUNG:GM2,ISOCELL GM2,S5KGM2,S5KGM2,Marketing+internal mapped,48,,1/2.0,0.8,4-in-1,,SuperPD,Smart WDR,RGGB,,,Redmi Note 9 Pro; Galaxy A42 5G,https://spinformation.info/all/smartphone-image-sensor/,Existing catalog / official + SP information,,,High,,2,,,,0,Redmi Note 9 Pro,Xiaomi,Rear Main,2020,Snapdragon 720G,https://helpix.ru/xiaomi/redmi_note_9_pro/,Helpix phone specification,https://helpix.ru/xiaomi/redmi_note_9_pro/,Medium,PHONE:REDMINOTE9PRO,Not yet matched,,,,,,,,,,,,,,,,
Samsung,ISOCELL GM5,SAMSUNG:GM5,ISOCELL GM5,S5KGM5,S5KGM5,Marketing+internal mapped,48,,1/2.55,0.7,4-in-1,,SuperPD,Staggered HDR,RGGB,,,,https://spinformation.info/all/smartphone-image-sensor/,Existing catalog / official + SP information,,2020.0,High,https://helpix.ru/isensor/,0,,,,0,,,,,,,,,,,No phone mapping,,,,,,,,,,,,,,,,
Samsung,ISOCELL GN1,SAMSUNG:GN1,ISOCELL GN1,S5KGN1,S5KGN1,Marketing+internal mapped,50,,1/1.31,1.2,4-in-1,,Dual Pixel,3D-HDR; Tetra HDR,RGGB,,,Google Pixel 6; Pixel 7; vivo X70 Pro+,https://spinformation.info/all/smartphone-image-sensor/,Existing catalog / official + SP information,,,High,,3,,,,0,Google Pixel 6,Google,Rear Main,2021,Tensor,https://helpix.ru/google/pixel_6/,Helpix phone specification,https://helpix.ru/google/pixel_6/,High,PHONE:PIXEL6,Not yet matched,,,,,,,,,,,,,,,,
Samsung,ISOCELL GN1,SAMSUNG:GN1,ISOCELL GN1,S5KGN1,S5KGN1,Marketing+internal mapped,50,,1/1.31,1.2,4-in-1,,Dual Pixel,3D-HDR; Tetra HDR,RGGB,,,Google Pixel 6; Pixel 7; vivo X70 Pro+,https://spinformation.info/all/smartphone-image-sensor/,Existing catalog / official + SP information,,,High,,3,,,,0,Pixel 7,Google,Rear Main,2022,Tensor G2,https://helpix.ru/google/pixel_7/,Helpix phone specification,https://helpix.ru/google/pixel_7/,High,PHONE:PIXEL7,Verified normalized match,Google Pixel 7,140,145,143,,,,138,,98,309,Oct 2022,V5,https://www.dxomark.com/smartphones/Google/Pixel-7,DXOMARK device page,2026-09-26
Samsung,ISOCELL GN1,SAMSUNG:GN1,ISOCELL GN1,S5KGN1,S5KGN1,Marketing+internal mapped,50,,1/1.31,1.2,4-in-1,,Dual Pixel,3D-HDR; Tetra HDR,RGGB,,,Google Pixel 6; Pixel 7; vivo X70 Pro+,https://spinformation.info/all/smartphone-image-sensor/,Existing catalog / official + SP information,,,High,,3,,,,0,vivo X70 Pro+,vivo,Rear Main,2021,Snapdragon 888+,https://helpix.ru/vivo/x70_pro_plus/,Helpix phone specification,https://helpix.ru/vivo/x70_pro_plus/,High,PHONE:X70PROPLUS,Not yet matched,,,,,,,,,,,,,,,,
Samsung,ISOCELL GN2,SAMSUNG:GN2,ISOCELL GN2,S5KGN2,S5KGN2,Marketing+internal mapped,50,,1/1.12,1.4,4-in-1,,Dual Pixel Pro,Smart-ISO Pro; Staggered HDR,RGGB,,,Xiaomi Mi 11 Ultra; HONOR Magic 5 Pro,https://spinformation.info/all/smartphone-image-sensor/,Existing catalog / official + SP information,,,High,,2,,,,0,HONOR Magic 5 Pro,HONOR,Unknown,2023,Snapdragon 8 Gen 2,https://spinformation.info/all/smartphone-image-sensor/,Existing master Example_Phones,https://helpix.ru/honor/magic5_pro_5g/,High,PHONE:MAGIC5PRO,Not yet matched,,,,,,,,,,,,,,,,
Samsung,ISOCELL GN2,SAMSUNG:GN2,ISOCELL GN2,S5KGN2,S5KGN2,Marketing+internal mapped,50,,1/1.12,1.4,4-in-1,,Dual Pixel Pro,Smart-ISO Pro; Staggered HDR,RGGB,,,Xiaomi Mi 11 Ultra; HONOR Magic 5 Pro,https://spinformation.info/all/smartphone-image-sensor/,Existing catalog / official + SP information,,,High,,2,,,,0,Xiaomi Mi 11 Ultra,Xiaomi,Rear Main,2021,Snapdragon 888,https://helpix.ru/xiaomi/mi_11_ultra/,Helpix phone specification,https://helpix.ru/xiaomi/mi_11_ultra/,High,PHONE:MI11ULTRA,Not yet matched,,,,,,,,,,,,,,,,
Samsung,ISOCELL GN3,SAMSUNG:GN3,ISOCELL GN3,S5KGN3,S5KGN3,Marketing+internal mapped,50.3,,1/1.57,1.0,4-in-1,,Dual Pixel,Smart-ISO Pro; Staggered HDR,RGGB,,,Galaxy S23; Galaxy S24; Galaxy S26,https://spinformation.info/all/smartphone-image-sensor/,Existing catalog / official + SP information,,,High,,3,,,,0,Galaxy S23,Samsung,Rear Main,2023,Snapdragon 8 Gen 2 for Galaxy,https://helpix.ru/samsung/galaxy_s23/,Helpix phone specification,https://helpix.ru/samsung/galaxy_s23/,High,PHONE:GALAXYS23,Not yet matched,,,,,,,,,,,,,,,,
Samsung,ISOCELL GN3,SAMSUNG:GN3,ISOCELL GN3,S5KGN3,S5KGN3,Marketing+internal mapped,50.3,,1/1.57,1.0,4-in-1,,Dual Pixel,Smart-ISO Pro; Staggered HDR,RGGB,,,Galaxy S23; Galaxy S24; Galaxy S26,https://spinformation.info/all/smartphone-image-sensor/,Existing catalog / official + SP information,,,High,,3,,,,0,Galaxy S24,Samsung,Rear Main,2024,Exynos 2400,https://helpix.ru/samsung/galaxy_s24/,Helpix phone specification,https://helpix.ru/samsung/galaxy_s24/,High,PHONE:GALAXYS24,Verified normalized match,Samsung Galaxy S24+ (Exynos),133,134,125,,,,,154,109,,Jan 2024,V5,https://www.dxomark.com/smartphones/Samsung/Galaxy-S24%2B-(Exynos),DXOMARK device page,2026-09-26
Samsung,ISOCELL GN3,SAMSUNG:GN3,ISOCELL GN3,S5KGN3,S5KGN3,Marketing+internal mapped,50.3,,1/1.57,1.0,4-in-1,,Dual Pixel,Smart-ISO Pro; Staggered HDR,RGGB,,,Galaxy S23; Galaxy S24; Galaxy S26,https://spinformation.info/all/smartphone-image-sensor/,Existing catalog / official + SP information,,,High,,3,,,,0,Galaxy S26,Samsung,Rear Main,2026,Snapdragon 8 Elite Gen 5 for Galaxy,https://helpix.ru/samsung/galaxy_s26/,Helpix phone specification,https://helpix.ru/samsung/galaxy_s26/,High,PHONE:GALAXYS26,Verified normalized match,Samsung Galaxy S26,146,,,,,,,,,,Mar 2026,V6,https://www.dxomark.com/smartphones/Samsung/Galaxy-S26,DXOMARK device page,2026-09-26
Samsung,ISOCELL GN5,SAMSUNG:GN5,ISOCELL GN5,S5KGN5,S5KGN5,Marketing+internal mapped,50,,1/1.57,1.0,4-in-1,,Dual Pixel Pro,Smart-ISO Pro; Staggered HDR,RGGB,,,iQOO 11; Realme GT6,https://spinformation.info/all/smartphone-image-sensor/,Existing catalog / official + SP information,,,High,,2,,,,0,iQOO 11,iQOO,Rear Main,2022,Snapdragon 8 Gen 2,https://helpix.ru/vivo/iqoo_11/,Helpix phone specification,https://helpix.ru/vivo/iqoo_11/,High,PHONE:IQOO11,Not yet matched,,,,,,,,,,,,,,,,
Samsung,ISOCELL GN8,SAMSUNG:GN8,ISOCELL GN8,S5KGN8,S5KGN8,Marketing+internal mapped,50,,1/1.96,0.8,4-in-1,,,,RGGB,,,Google Pixel 9a; Motorola Razr 50 Ultra,https://spinformation.info/all/smartphone-image-sensor/,Existing catalog / official + SP information,,2024.0,High,https://helpix.ru/isensor/,2,,,,0,Google Pixel 9a,Google,Rear Main,2025,Tensor G4,https://helpix.ru/google/pixel_9a/,Helpix phone specification,https://helpix.ru/google/pixel_9a/,High,PHONE:PIXEL9A,Not yet matched,,,,,,,,,,,,,,,,
Samsung,ISOCELL GN8,SAMSUNG:GN8,ISOCELL GN8,S5KGN8,S5KGN8,Marketing+internal mapped,50,,1/1.96,0.8,4-in-1,,,,RGGB,,,Google Pixel 9a; Motorola Razr 50 Ultra,https://spinformation.info/all/smartphone-image-sensor/,Existing catalog / official + SP information,,2024.0,High,https://helpix.ru/isensor/,2,,,,0,Motorola Razr 50 Ultra,Motorola,Rear Main,2024,Snapdragon 8s Gen 3,https://helpix.ru/motorola/razr_50_ultra/,Helpix phone specification,https://helpix.ru/motorola/razr_50_ultra/,Medium,PHONE:RAZR50ULTRA,Not yet matched,,,,,,,,,,,,,,,,
Samsung,ISOCELL GN9,SAMSUNG:GN9,ISOCELL GN9,S5KGN9,S5KGN9,Marketing+internal mapped,50,,1/1.56,1.0,4-in-1,,Dual Pixel,,RGGB,,,Nothing Phone (2a); Nothing Phone (3a),https://spinformation.info/all/smartphone-image-sensor/,Existing catalog / official + SP information,,2023.0,High,https://helpix.ru/isensor/,2,,,,0,Nothing Phone (2a),Nothing,Rear Main,2024,Dimensity 7200 Pro,https://helpix.ru/nothing/phone_2a/,Helpix phone specification,https://helpix.ru/nothing/phone_2a/,High,PHONE:NOTHINGPHONE2A,Not yet matched,,,,,,,,,,,,,,,,
Samsung,ISOCELL GN9,SAMSUNG:GN9,ISOCELL GN9,S5KGN9,S5KGN9,Marketing+internal mapped,50,,1/1.56,1.0,4-in-1,,Dual Pixel,,RGGB,,,Nothing Phone (2a); Nothing Phone (3a),https://spinformation.info/all/smartphone-image-sensor/,Existing catalog / official + SP information,,2023.0,High,https://helpix.ru/isensor/,2,,,,0,Nothing Phone (3a),Nothing,Rear Main,2025,Snapdragon 7s Gen 3,https://helpix.ru/nothing/phone_3a/,Helpix phone specification,https://helpix.ru/nothing/phone_3a/,High,PHONE:NOTHINGPHONE3A,Not yet matched,,,,,,,,,,,,,,,,
Samsung,ISOCELL GNG,SAMSUNG:GNG,ISOCELL GNG,S5KGNG,S5KGNG,Marketing+internal mapped,50,,1/1.56,1.0,,,,,,,,,https://helpix.ru/isensor/,Helpix smartphone sensor index,Added in ultra expansion; mobile-camera sensor index listing.,2026.0,Medium,,0,,,,0,,,,,,,,,,,No phone mapping,,,,,,,,,,,,,,,,
Samsung,ISOCELL GNH,SAMSUNG:GNH,ISOCELL GNH,S5KGNH,S5KGNH,Marketing+internal mapped,50,,1/1.12,1.4,,,,,,,,,https://helpix.ru/isensor/,Helpix smartphone sensor index,Added in ultra expansion; mobile-camera sensor index listing.,2023.0,Medium,,0,,,,0,,,,,,,,,,,No phone mapping,,,,,,,,,,,,,,,,
Samsung,ISOCELL GNJ,SAMSUNG:GNJ,ISOCELL GNJ,S5KGNJ,S5KGNJ,Marketing+internal mapped,50,,1/1.56,1.0,4-in-1,,Dual Pixel,Smart-ISO Pro; Staggered HDR,RGGB,,,Nothing Phone (3a) Pro; vivo V40 5G,https://spinformation.info/all/smartphone-image-sensor/,Existing catalog / official + SP information,Samsung official mobile product page available.,2024.0,High,https://helpix.ru/isensor/,2,,,,0,Nothing Phone (3a) Pro,Nothing,Rear Main,2025,Snapdragon 7s Gen 3,https://helpix.ru/nothing/phone_3a_pro/,Helpix phone specification,https://helpix.ru/nothing/phone_3a_pro/,High,PHONE:NOTHINGPHONE3APRO,Not yet matched,,,,,,,,,,,,,,,,
Samsung,ISOCELL GNJ,SAMSUNG:GNJ,ISOCELL GNJ,S5KGNJ,S5KGNJ,Marketing+internal mapped,50,,1/1.56,1.0,4-in-1,,Dual Pixel,Smart-ISO Pro; Staggered HDR,RGGB,,,Nothing Phone (3a) Pro; vivo V40 5G,https://spinformation.info/all/smartphone-image-sensor/,Existing catalog / official + SP information,Samsung official mobile product page available.,2024.0,High,https://helpix.ru/isensor/,2,,,,0,vivo V40 5G,vivo,Rear Main,2024,Snapdragon 7 Gen 3,https://helpix.ru/vivo/v40_5g/,Helpix phone specification,https://helpix.ru/vivo/v40_5g/,High,PHONE:V405G,Not yet matched,,,,,,,,,,,,,,,,
Samsung,ISOCELL GNK,SAMSUNG:GNK,ISOCELL GNK,S5KGNK,S5KGNK,Marketing+internal mapped,50,,1/1.3,1.2,4-in-1,,Dual Pixel Pro,Smart-ISO Pro; Staggered HDR,RGGB,,,Google Pixel 8; Pixel 8 Pro; Pixel 9,https://spinformation.info/all/smartphone-image-sensor/,Existing catalog / official + SP information,,2023.0,High,https://helpix.ru/isensor/,3,,,,0,Google Pixel 8,Google,Rear Main,2023,Tensor G3,https://helpix.ru/google/pixel_8/,Helpix phone specification,https://helpix.ru/google/pixel_8/,High,PHONE:PIXEL8,Not yet matched,,,,,,,,,,,,,,,,
Samsung,ISOCELL GNK,SAMSUNG:GNK,ISOCELL GNK,S5KGNK,S5KGNK,Marketing+internal mapped,50,,1/1.3,1.2,4-in-1,,Dual Pixel Pro,Smart-ISO Pro; Staggered HDR,RGGB,,,Google Pixel 8; Pixel 8 Pro; Pixel 9,https://spinformation.info/all/smartphone-image-sensor/,Existing catalog / official + SP information,,2023.0,High,https://helpix.ru/isensor/,3,,,,0,Pixel 8 Pro,Google,Rear Main,2023,Tensor G3,https://helpix.ru/google/pixel_8_pro/,Helpix phone specification,https://helpix.ru/google/pixel_8_pro/,High,PHONE:PIXEL8PRO,Not yet matched,,,,,,,,,,,,,,,,
Samsung,ISOCELL GNK,SAMSUNG:GNK,ISOCELL GNK,S5KGNK,S5KGNK,Marketing+internal mapped,50,,1/1.3,1.2,4-in-1,,Dual Pixel Pro,Smart-ISO Pro; Staggered HDR,RGGB,,,Google Pixel 8; Pixel 8 Pro; Pixel 9,https://spinformation.info/all/smartphone-image-sensor/,Existing catalog / official + SP information,,2023.0,High,https://helpix.ru/isensor/,3,,,,0,Pixel 9,Google,Rear Main,2024,Tensor G4,https://helpix.ru/google/pixel_9/,Helpix phone specification,https://helpix.ru/google/pixel_9/,High,PHONE:PIXEL9,Not yet matched,,,,,,,,,,,,,,,,
Samsung,ISOCELL GNV,SAMSUNG:GNV,ISOCELL GNV,S5KGNV,S5KGNV,Marketing+internal mapped,50,,1/1.31,1.2,4-in-1,,Dual Pixel,3D-HDR; Tetra HDR,RGGB,,,Google Pixel 10; vivo X80 Pro,https://spinformation.info/all/smartphone-image-sensor/,Existing catalog / official + SP information,,2022.0,High,https://helpix.ru/isensor/,2,,,,0,vivo X80 Pro,vivo,Rear Main,2022,Snapdragon 8 Gen 1,https://helpix.ru/vivo/x80_pro/,Helpix phone specification,https://helpix.ru/vivo/x80_pro/,High,PHONE:X80PRO,Not yet matched,,,,,,,,,,,,,,,,
Samsung,ISOCELL GW2,SAMSUNG:GW2,ISOCELL GW2,S5KGW2,S5KGW2,Marketing+internal mapped,64,,1/1.72,0.8,,,,,,,,,https://helpix.ru/isensor/,Helpix smartphone sensor index,Added in ultra expansion; mobile-camera sensor index listing.,2020.0,Medium,,0,,,,0,,,,,,,,,,,No phone mapping,,,,,,,,,,,,,,,,
Samsung,ISOCELL GW3,SAMSUNG:GW3,ISOCELL GW3,S5KGW3,S5KGW3,Marketing+internal mapped,64,,1/1.97,0.7,,,,,,,,,https://helpix.ru/isensor/,Helpix smartphone sensor index,Added in ultra expansion; mobile-camera sensor index listing.,2020.0,Medium,,0,,,,0,,,,,,,,,,,No phone mapping,,,,,,,,,,,,,,,,
Samsung,ISOCELL GWB,SAMSUNG:GWB,ISOCELL GWB,S5KGWB,S5KGWB,Marketing+internal mapped,64,,1/1.70,0.8,,,,,,,,,https://helpix.ru/isensor/,Helpix smartphone sensor index,Added in ultra expansion; mobile-camera sensor index listing.,2021.0,Medium,,0,,,,0,,,,,,,,,,,No phone mapping,,,,,,,,,,,,,,,,
Samsung,ISOCELL HM1,SAMSUNG:HM1,ISOCELL HM1,S5KHM1,S5KHM1,Marketing+internal mapped,108,,1/1.33,0.8,9-in-1,,SuperPD,3D-HDR,RGGB,,,Galaxy S20 Ultra; Galaxy Note 20 Ultra,https://spinformation.info/all/smartphone-image-sensor/,Existing catalog / official + SP information,,,High,,2,,,,0,Galaxy Note 20 Ultra,Samsung,Rear Main,2020,Exynos 990,https://helpix.ru/samsung/galaxy_note20_ultra/,Helpix phone specification,https://helpix.ru/samsung/galaxy_note20_ultra/,High,PHONE:GALAXYNOTE20ULTRA,Not yet matched,,,,,,,,,,,,,,,,
Samsung,ISOCELL HM1,SAMSUNG:HM1,ISOCELL HM1,S5KHM1,S5KHM1,Marketing+internal mapped,108,,1/1.33,0.8,9-in-1,,SuperPD,3D-HDR,RGGB,,,Galaxy S20 Ultra; Galaxy Note 20 Ultra,https://spinformation.info/all/smartphone-image-sensor/,Existing catalog / official + SP information,,,High,,2,,,,0,Galaxy S20 Ultra,Samsung,Rear Main,2020,Exynos 990,https://www.techinsights.com/blog/samsung-galaxy-s20-ultra-5g-camera-teardown,review,https://helpix.ru/samsung/galaxy_s20_ultra/,High,PHONE:GALAXYS20ULTRA,Not yet matched,,,,,,,,,,,,,,,,
Samsung,ISOCELL HM2,SAMSUNG:HM2,ISOCELL HM2,S5KHM2,S5KHM2,Marketing+internal mapped,108,,1/1.52,0.7,9-in-1,,SuperPD,Real-Time HDR,RGGB,,,,https://spinformation.info/all/smartphone-image-sensor/,Existing catalog / official + SP information,,,High,,0,,,,0,,,,,,,,,,,No phone mapping,,,,,,,,,,,,,,,,
Samsung,ISOCELL HM3,SAMSUNG:HM3,ISOCELL HM3,S5KHM3,S5KHM3,Marketing+internal mapped,108,,1/1.33,0.8,9-in-1,,SuperPD Plus,Smart-ISO Pro; Staggered HDR,RGGB,,,Galaxy S21 Ultra; Galaxy S22 Ultra,https://spinformation.info/all/smartphone-image-sensor/,Existing catalog / official + SP information,,,High,,2,,,,0,Galaxy S21 Ultra,Samsung,Rear Main,2021,Exynos 2100,https://helpix.ru/samsung/galaxy_s21_ultra/,Helpix phone specification,https://helpix.ru/samsung/galaxy_s21_ultra/,High,PHONE:GALAXYS21ULTRA,Not yet matched,,,,,,,,,,,,,,,,
Samsung,ISOCELL HM3,SAMSUNG:HM3,ISOCELL HM3,S5KHM3,S5KHM3,Marketing+internal mapped,108,,1/1.33,0.8,9-in-1,,SuperPD Plus,Smart-ISO Pro; Staggered HDR,RGGB,,,Galaxy S21 Ultra; Galaxy S22 Ultra,https://spinformation.info/all/smartphone-image-sensor/,Existing catalog / official + SP information,,,High,,2,,,,0,Galaxy S22 Ultra,Samsung,Rear Main,2022,Exynos 2200,https://helpix.ru/samsung/galaxy_s22_ultra/,Helpix phone specification,https://helpix.ru/samsung/galaxy_s22_ultra/,High,PHONE:GALAXYS22ULTRA,Not yet matched,,,,,,,,,,,,,,,,
Samsung,ISOCELL HM6,SAMSUNG:HM6,ISOCELL HM6,S5KHM6,S5KHM6,Marketing+internal mapped,108,,1/1.67,0.64,9-in-1,,SuperPD,Smart-ISO Pro,RGGB,,,Galaxy M54; OnePlus Nord CE3 Lite 5G; HONOR X50,https://spinformation.info/all/smartphone-image-sensor/,Existing catalog / official + SP information,,2022.0,High,https://helpix.ru/isensor/,3,,,,0,Galaxy M54,Samsung,Unknown,2023,Exynos 1380,https://spinformation.info/all/smartphone-image-sensor/,Existing master Example_Phones,https://helpix.ru/samsung/galaxy_m54_5g/,High,PHONE:GALAXYM54,Not yet matched,,,,,,,,,,,,,,,,
Samsung,ISOCELL HM6,SAMSUNG:HM6,ISOCELL HM6,S5KHM6,S5KHM6,Marketing+internal mapped,108,,1/1.67,0.64,9-in-1,,SuperPD,Smart-ISO Pro,RGGB,,,Galaxy M54; OnePlus Nord CE3 Lite 5G; HONOR X50,https://spinformation.info/all/smartphone-image-sensor/,Existing catalog / official + SP information,,2022.0,High,https://helpix.ru/isensor/,3,,,,0,HONOR X50,HONOR,Rear Main,2023,Snapdragon 6 Gen 1,https://helpix.ru/honor/x50/,Helpix phone specification,https://helpix.ru/honor/x50/,High,PHONE:X50,Not yet matched,,,,,,,,,,,,,,,,
Samsung,ISOCELL HM6,SAMSUNG:HM6,ISOCELL HM6,S5KHM6,S5KHM6,Marketing+internal mapped,108,,1/1.67,0.64,9-in-1,,SuperPD,Smart-ISO Pro,RGGB,,,Galaxy M54; OnePlus Nord CE3 Lite 5G; HONOR X50,https://spinformation.info/all/smartphone-image-sensor/,Existing catalog / official + SP information,,2022.0,High,https://helpix.ru/isensor/,3,,,,0,OnePlus Nord CE3 Lite 5G,OnePlus,Rear Main,2023,Snapdragon 695,https://helpix.ru/oneplus/nord_ce_3_lite_5g/,Helpix phone specification,https://helpix.ru/oneplus/nord_ce_3_lite_5g/,High,PHONE:ONEPLUSNORDCE3LITE5G,Not yet matched,,,,,,,,,,,,,,,,
Samsung,ISOCELL HM9,SAMSUNG:HM9,ISOCELL HM9,S5KHM9,S5KHM9,Marketing+internal mapped,108,,1/1.67,0.64,,,,,,,,,https://helpix.ru/isensor/,Helpix smartphone sensor index,Added in ultra expansion; mobile-camera sensor index listing.,2025.0,Medium,,0,,,,0,,,,,,,,,,,No phone mapping,,,,,,,,,,,,,,,,
Samsung,ISOCELL HMX,SAMSUNG:HMX,ISOCELL HMX,S5KHMX,S5KHMX,Marketing+internal mapped,108,,1/1.33,0.8,4-in-1,,SuperPD,,RGGB,,,Xiaomi Mi 10; Xiaomi Mi 11; Mi Note 10,https://spinformation.info/all/smartphone-image-sensor/,Existing catalog / official + SP information,,,High,,3,,,,0,Mi Note 10,Xiaomi,Rear Main,2019,Snapdragon 730G,https://helpix.ru/xiaomi/mi_note_10/,Helpix phone specification,https://helpix.ru/xiaomi/mi_note_10/,High,PHONE:MINOTE10,Not yet matched,,,,,,,,,,,,,,,,
Samsung,ISOCELL HMX,SAMSUNG:HMX,ISOCELL HMX,S5KHMX,S5KHMX,Marketing+internal mapped,108,,1/1.33,0.8,4-in-1,,SuperPD,,RGGB,,,Xiaomi Mi 10; Xiaomi Mi 11; Mi Note 10,https://spinformation.info/all/smartphone-image-sensor/,Existing catalog / official + SP information,,,High,,3,,,,0,Xiaomi Mi 10,Xiaomi,Rear Main,2020,Snapdragon 865,https://helpix.ru/xiaomi/mi_10/,Helpix phone specification,https://helpix.ru/xiaomi/mi_10/,High,PHONE:MI10,Not yet matched,,,,,,,,,,,,,,,,
Samsung,ISOCELL HMX,SAMSUNG:HMX,ISOCELL HMX,S5KHMX,S5KHMX,Marketing+internal mapped,108,,1/1.33,0.8,4-in-1,,SuperPD,,RGGB,,,Xiaomi Mi 10; Xiaomi Mi 11; Mi Note 10,https://spinformation.info/all/smartphone-image-sensor/,Existing catalog / official + SP information,,,High,,3,,,,0,Xiaomi Mi 11,Xiaomi,Rear Main,2020,Snapdragon 888,https://helpix.ru/xiaomi/mi_11/,Helpix phone specification,https://helpix.ru/xiaomi/mi_11/,High,PHONE:MI11,Not yet matched,,,,,,,,,,,,,,,,
Samsung,ISOCELL HP0,SAMSUNG:HP0,ISOCELL HP0,S5KHP0,S5KHP0,Marketing+internal mapped,200,,1/1.40,0.56,,,,,,,,,https://helpix.ru/isensor/,Helpix smartphone sensor index,Added in ultra expansion; mobile-camera sensor index listing.,2026.0,Medium,,0,,,,0,,,,,,,,,,,No phone mapping,,,,,,,,,,,,,,,,
Samsung,ISOCELL HP1,SAMSUNG:HP1,ISOCELL HP1,S5KHP1,S5KHP1,Marketing+internal mapped,200,,1/1.22,0.64,16-in-1,,Double SuperPD,Smart-ISO Pro; Staggered HDR,RGGB,,,Xiaomi 12T Pro; Motorola Edge 30 Ultra,https://spinformation.info/all/smartphone-image-sensor/,Existing catalog / official + SP information,,,High,,2,,,,0,Motorola Edge 30 Ultra,Motorola,Rear Main,2022,Snapdragon 8+ Gen 1,https://helpix.ru/motorola/edge_30_ultra/,Helpix phone specification,https://helpix.ru/motorola/edge_30_ultra/,High,PHONE:EDGE30ULTRA,Not yet matched,,,,,,,,,,,,,,,,
Samsung,ISOCELL HP1,SAMSUNG:HP1,ISOCELL HP1,S5KHP1,S5KHP1,Marketing+internal mapped,200,,1/1.22,0.64,16-in-1,,Double SuperPD,Smart-ISO Pro; Staggered HDR,RGGB,,,Xiaomi 12T Pro; Motorola Edge 30 Ultra,https://spinformation.info/all/smartphone-image-sensor/,Existing catalog / official + SP information,,,High,,2,,,,0,Xiaomi 12T Pro,Xiaomi,Rear Main,2022,Snapdragon 8+ Gen 1,https://helpix.ru/xiaomi/12t_pro/,Helpix phone specification,https://helpix.ru/xiaomi/12t_pro/,High,PHONE:12TPRO,Not yet matched,,,,,,,,,,,,,,,,
Samsung,ISOCELL HP2,SAMSUNG:HP2,ISOCELL HP2,S5KHP2,S5KHP2,Marketing+internal mapped,200,,1/1.3,0.6,16-in-1,,Super QPD,Smart-ISO Pro,RGGB,,,Galaxy S23 Ultra; Galaxy S24 Ultra; Galaxy S25 Ultra,https://spinformation.info/all/smartphone-image-sensor/,Existing catalog / official + SP information,,,High,,3,,,,0,Galaxy S23 Ultra,Samsung,Rear Main,2023,Snapdragon 8 Gen 2 for Galaxy,https://helpix.ru/samsung/galaxy_s23_ultra/,Helpix phone specification,https://helpix.ru/samsung/galaxy_s23_ultra/,High,PHONE:GALAXYS23ULTRA,Not yet matched,,,,,,,,,,,,,,,,
Samsung,ISOCELL HP2,SAMSUNG:HP2,ISOCELL HP2,S5KHP2,S5KHP2,Marketing+internal mapped,200,,1/1.3,0.6,16-in-1,,Super QPD,Smart-ISO Pro,RGGB,,,Galaxy S23 Ultra; Galaxy S24 Ultra; Galaxy S25 Ultra,https://spinformation.info/all/smartphone-image-sensor/,Existing catalog / official + SP information,,,High,,3,,,,0,Galaxy S24 Ultra,Samsung,Rear Main,2024,Snapdragon 8 Gen 3,https://helpix.ru/samsung/galaxy_s24_ultra/,Helpix phone specification,https://helpix.ru/samsung/galaxy_s24_ultra/,High,PHONE:GALAXYS24ULTRA,Not yet matched,,,,,,,,,,,,,,,,
Samsung,ISOCELL HP2,SAMSUNG:HP2,ISOCELL HP2,S5KHP2,S5KHP2,Marketing+internal mapped,200,,1/1.3,0.6,16-in-1,,Super QPD,Smart-ISO Pro,RGGB,,,Galaxy S23 Ultra; Galaxy S24 Ultra; Galaxy S25 Ultra,https://spinformation.info/all/smartphone-image-sensor/,Existing catalog / official + SP information,,,High,,3,,,,0,Galaxy S25 Ultra,Samsung,Rear Main,2025,Snapdragon 8 Elite for Galaxy,https://helpix.ru/samsung/galaxy_s25_ultra/,Helpix phone specification,https://helpix.ru/samsung/galaxy_s25_ultra/,High,PHONE:GALAXYS25ULTRA,Not yet matched,,,,,,,,,,,,,,,,
Samsung,ISOCELL HP3,SAMSUNG:HP3,ISOCELL HP3,S5KHP3,S5KHP3,Marketing+internal mapped,200,,1/1.4,0.56,16-in-1,,Super QPD,Smart-ISO Pro; Staggered HDR,RGGB,,,Redmi Note 13 Pro+; HONOR Magic 7 Pro,https://spinformation.info/all/smartphone-image-sensor/,Existing catalog / official + SP information,,,High,,2,,,,0,HONOR Magic 7 Pro,HONOR,Rear Telephoto,,Snapdragon 8 Elite,https://helpix.ru/honor/magic7_pro/,Helpix phone specification,https://helpix.ru/honor/magic7_pro/,High,PHONE:MAGIC7PRO,Not yet matched,,,,,,,,,,,,,,,,
Samsung,ISOCELL HP3,SAMSUNG:HP3,ISOCELL HP3,S5KHP3,S5KHP3,Marketing+internal mapped,200,,1/1.4,0.56,16-in-1,,Super QPD,Smart-ISO Pro; Staggered HDR,RGGB,,,Redmi Note 13 Pro+; HONOR Magic 7 Pro,https://spinformation.info/all/smartphone-image-sensor/,Existing catalog / official + SP information,,,High,,2,,,,0,Redmi Note 13 Pro+,Xiaomi,Rear Main,2023,Dimensity 7200-Ultra,https://helpix.ru/xiaomi/redmi_note_13_pro_plus/,Helpix phone specification,https://helpix.ru/xiaomi/redmi_note_13_pro_plus/,High,PHONE:REDMINOTE13PRO,Not yet matched,,,,,,,,,,,,,,,,
Samsung,ISOCELL HP5,SAMSUNG:HP5,ISOCELL HP5,S5KHP5,S5KHP5,Marketing+internal mapped,200,,1/1.56,0.5,16-in-1,,,,RGGB,,,Realme GT8 Pro; OPPO Find X9 Pro,https://spinformation.info/all/smartphone-image-sensor/,Existing catalog / official + SP information,Listed by Samsung as a recent mobile image sensor.,2025.0,High,https://helpix.ru/isensor/,2,,,,0,OPPO Find X9 Pro,OPPO,Rear Telephoto,2025,Dimensity 9500,https://helpix.ru/oppo/find_x9_pro/,Helpix phone specification,https://helpix.ru/oppo/find_x9_pro/,High,PHONE:FINDX9PRO,Verified normalized match,Oppo Find X9 Pro,166,,,,,,,,,1299,Nov 2025,V6,https://www.dxomark.com/smartphones/,DXOMARK ranking,2026-09-26
Samsung,ISOCELL HP5,SAMSUNG:HP5,ISOCELL HP5,S5KHP5,S5KHP5,Marketing+internal mapped,200,,1/1.56,0.5,16-in-1,,,,RGGB,,,Realme GT8 Pro; OPPO Find X9 Pro,https://spinformation.info/all/smartphone-image-sensor/,Existing catalog / official + SP information,Listed by Samsung as a recent mobile image sensor.,2025.0,High,https://helpix.ru/isensor/,2,,,,0,Realme GT8 Pro,Realme,Rear Telephoto,2025,Snapdragon 8 Elite Gen 5,https://www.gsmarena.com/realme_gt_8_pro-review-2903p5.php,review,https://helpix.ru/realme/gt8_pro_china/,High,PHONE:REALMEGT8PRO,Not yet matched,,,,,,,,,,,,,,,,
Samsung,ISOCELL HP9,SAMSUNG:HP9,ISOCELL HP9,S5KHP9,S5KHP9,Marketing+internal mapped,200,,1/1.4,0.56,16-in-1,,,,RGGB,,,vivo X100 Ultra; vivo X200 Pro; HONOR Magic 8 Pro,https://spinformation.info/all/smartphone-image-sensor/,Existing catalog / official + SP information,,2024.0,High,https://helpix.ru/isensor/,3,,,,0,HONOR Magic 8 Pro,HONOR,Rear Telephoto,,Snapdragon 8 Elite Gen 5,https://helpix.ru/honor/magic8_pro/,Helpix phone specification,https://helpix.ru/honor/magic8_pro/,High,PHONE:MAGIC8PRO,Verified normalized match,Honor Magic8 Pro,164,,,,,,,,,1299,Oct 2025,V6,https://www.dxomark.com/smartphones/,DXOMARK ranking,2026-09-26
Samsung,ISOCELL HP9,SAMSUNG:HP9,ISOCELL HP9,S5KHP9,S5KHP9,Marketing+internal mapped,200,,1/1.4,0.56,16-in-1,,,,RGGB,,,vivo X100 Ultra; vivo X200 Pro; HONOR Magic 8 Pro,https://spinformation.info/all/smartphone-image-sensor/,Existing catalog / official + SP information,,2024.0,High,https://helpix.ru/isensor/,3,,,,0,vivo X100 Ultra,vivo,Rear Telephoto,2024,Snapdragon 8 Gen 3,https://helpix.ru/vivo/x100_ultra/,Helpix phone specification,https://helpix.ru/vivo/x100_ultra/,High,PHONE:X100ULTRA,Not yet matched,,,,,,,,,,,,,,,,
Samsung,ISOCELL HP9,SAMSUNG:HP9,ISOCELL HP9,S5KHP9,S5KHP9,Marketing+internal mapped,200,,1/1.4,0.56,16-in-1,,,,RGGB,,,vivo X100 Ultra; vivo X200 Pro; HONOR Magic 8 Pro,https://spinformation.info/all/smartphone-image-sensor/,Existing catalog / official + SP information,,2024.0,High,https://helpix.ru/isensor/,3,,,,0,vivo X200 Pro,vivo,Rear Telephoto,2024,Dimensity 9400,https://helpix.ru/vivo/x200_pro/,Helpix phone specification,https://helpix.ru/vivo/x200_pro/,High,PHONE:X200PRO,Not yet matched,,,,,,,,,,,,,,,,
Samsung,ISOCELL HPB,SAMSUNG:HPB,ISOCELL HPB,S5KHPB,S5KHPB,Marketing+internal mapped,200,,1/1.4,0.56,16-in-1,,,,RGGB,,,vivo X300; vivo X300 Pro; vivo X300 Ultra,https://spinformation.info/all/smartphone-image-sensor/,Existing catalog / official + SP information,,2025.0,High,https://helpix.ru/isensor/,3,,,,0,vivo X300,vivo,Rear Main,2025,Dimensity 9500,https://helpix.ru/vivo/x300/,Helpix phone specification,https://helpix.ru/vivo/x300/,High,PHONE:X300,Not yet matched,,,,,,,,,,,,,,,,
Samsung,ISOCELL HPB,SAMSUNG:HPB,ISOCELL HPB,S5KHPB,S5KHPB,Marketing+internal mapped,200,,1/1.4,0.56,16-in-1,,,,RGGB,,,vivo X300; vivo X300 Pro; vivo X300 Ultra,https://spinformation.info/all/smartphone-image-sensor/,Existing catalog / official + SP information,,2025.0,High,https://helpix.ru/isensor/,3,,,,0,vivo X300 Pro,vivo,Rear Telephoto,2025,Dimensity 9500,https://helpix.ru/vivo/x300_pro/,Helpix phone specification,https://helpix.ru/vivo/x300_pro/,High,PHONE:X300PRO,Verified normalized match,Vivo X300 Pro,171,,,,,,,,,1299,Oct 2025,V6,https://www.dxomark.com/smartphones/Vivo/X300-Pro,DXOMARK device page,2026-09-26
Samsung,ISOCELL HPE,SAMSUNG:HPE,ISOCELL HPE,S5KHPE,S5KHPE,Marketing+internal mapped,200,,1/1.40,0.56,,,,,,,,,https://helpix.ru/isensor/,Helpix smartphone sensor index,Added in ultra expansion; mobile-camera sensor index listing.,2025.0,Medium,,0,,,,0,,,,,,,,,,,No phone mapping,,,,,,,,,,,,,,,,
Samsung,ISOCELL HPX,SAMSUNG:HPX,ISOCELL HPX,S5KHPX,S5KHPX,Marketing+internal mapped,200,,1/1.4,0.56,16-in-1,,Super QPD,Smart-ISO Pro; Staggered HDR,RGGB,,,Redmi Note 12 Pro+; Redmi Note 12 Discovery Edition,https://spinformation.info/all/smartphone-image-sensor/,Existing catalog / official + SP information,,,High,,2,,,,0,Redmi Note 12 Discovery Edition,Xiaomi,Rear Main,2022,Dimensity 1080,https://helpix.ru/xiaomi/redmi_note_12_explorer/,Helpix phone specification,https://helpix.ru/xiaomi/redmi_note_12_explorer/,Medium,PHONE:REDMINOTE12DISCOVERYEDITION,Not yet matched,,,,,,,,,,,,,,,,
Samsung,ISOCELL HPX,SAMSUNG:HPX,ISOCELL HPX,S5KHPX,S5KHPX,Marketing+internal mapped,200,,1/1.4,0.56,16-in-1,,Super QPD,Smart-ISO Pro; Staggered HDR,RGGB,,,Redmi Note 12 Pro+; Redmi Note 12 Discovery Edition,https://spinformation.info/all/smartphone-image-sensor/,Existing catalog / official + SP information,,,High,,2,,,,0,Redmi Note 12 Pro+,Xiaomi,Rear Main,2022,Dimensity 1080,https://helpix.ru/xiaomi/redmi_note_12_pro_plus/,Helpix phone specification,https://helpix.ru/xiaomi/redmi_note_12_pro_plus/,High,PHONE:REDMINOTE12PRO,Not yet matched,,,,,,,,,,,,,,,,
Samsung,ISOCELL JD1,SAMSUNG:JD1,ISOCELL JD1,S5KJD1,S5KJD1,Marketing+internal mapped,32.2,6560 x 4920,1/3.14,0.7,4in1,,PDAF (Super PD),Staggered HDR,RGGB,,,Xiaomi Civi,https://spinformation.info/all/smartphone-image-sensor/,SP information,,2020.0,Medium-High,https://helpix.ru/isensor/,1,,,,0,Xiaomi Civi,Xiaomi,Unknown,2021,Snapdragon 778G,https://spinformation.info/all/smartphone-image-sensor/,Existing master Example_Phones,https://helpix.ru/xiaomi/civi/,Medium-High,PHONE:CIVI,Not yet matched,,,,,,,,,,,,,,,,
Samsung,ISOCELL JN1,SAMSUNG:JN1,ISOCELL JN1,S5KJN1,S5KJN1,Marketing+internal mapped,50,,1/2.76,0.64,4-in-1,,Double SuperPD,Inter-scene DCG,RGGB,,,Xiaomi 15; HONOR Magic 7; vivo X200,https://spinformation.info/all/smartphone-image-sensor/,Existing catalog / official + SP information,Samsung official mobile product page available.,,High,,3,,,,0,HONOR Magic 7,HONOR,Unknown,2024,Snapdragon 8 Elite,https://spinformation.info/all/smartphone-image-sensor/,Existing master Example_Phones,https://helpix.ru/honor/magic7/,High,PHONE:MAGIC7,Not yet matched,,,,,,,,,,,,,,,,
Samsung,ISOCELL JN1,SAMSUNG:JN1,ISOCELL JN1,S5KJN1,S5KJN1,Marketing+internal mapped,50,,1/2.76,0.64,4-in-1,,Double SuperPD,Inter-scene DCG,RGGB,,,Xiaomi 15; HONOR Magic 7; vivo X200,https://spinformation.info/all/smartphone-image-sensor/,Existing catalog / official + SP information,Samsung official mobile product page available.,,High,,3,,,,0,Xiaomi 15,Xiaomi,Rear Ultra-wide,2024,Snapdragon 8 Elite,https://helpix.ru/xiaomi/15/,Helpix phone specification,https://helpix.ru/xiaomi/15/,High,PHONE:15,Not yet matched,,,,,,,,,,,,,,,,
Samsung,ISOCELL JN1,SAMSUNG:JN1,ISOCELL JN1,S5KJN1,S5KJN1,Marketing+internal mapped,50,,1/2.76,0.64,4-in-1,,Double SuperPD,Inter-scene DCG,RGGB,,,Xiaomi 15; HONOR Magic 7; vivo X200,https://spinformation.info/all/smartphone-image-sensor/,Existing catalog / official + SP information,Samsung official mobile product page available.,,High,,3,,,,0,vivo X200,vivo,Rear Ultra-wide,2024,Dimensity 9400,https://helpix.ru/vivo/x200/,Helpix phone specification,https://helpix.ru/vivo/x200/,High,PHONE:X200,Not yet matched,,,,,,,,,,,,,,,,
Samsung,ISOCELL JN3,SAMSUNG:JN3,ISOCELL JN3,S5KJN3,S5KJN3,Marketing+internal mapped,50,,1/2.51,0.7,4-in-1,,Double SuperPD,,RGGB,,,Galaxy S25 Ultra; Galaxy S26 Ultra,https://spinformation.info/all/smartphone-image-sensor/,Existing catalog / official + SP information,Pixel_Size_um per https://helpix.ru/isensor/samsung_isocell_jn3/. Sensor_Size per https://helpix.ru/isensor/samsung_isocell_jn3/.,2025.0,High,https://helpix.ru/isensor/,2,,,,0,Galaxy S25 Ultra,Samsung,Rear Ultra-wide,2025,Snapdragon 8 Elite for Galaxy,https://helpix.ru/samsung/galaxy_s25_ultra/,Helpix phone specification,https://helpix.ru/samsung/galaxy_s25_ultra/,High,PHONE:GALAXYS25ULTRA,Not yet matched,,,,,,,,,,,,,,,,
Samsung,ISOCELL JN3,SAMSUNG:JN3,ISOCELL JN3,S5KJN3,S5KJN3,Marketing+internal mapped,50,,1/2.51,0.7,4-in-1,,Double SuperPD,,RGGB,,,Galaxy S25 Ultra; Galaxy S26 Ultra,https://spinformation.info/all/smartphone-image-sensor/,Existing catalog / official + SP information,Pixel_Size_um per https://helpix.ru/isensor/samsung_isocell_jn3/. Sensor_Size per https://helpix.ru/isensor/samsung_isocell_jn3/.,2025.0,High,https://helpix.ru/isensor/,2,,,,0,Galaxy S26 Ultra,Samsung,Rear Ultra-wide,2026,Snapdragon 8 Elite Gen 5 for Galaxy,https://helpix.ru/samsung/galaxy_s26_ultra/,Helpix phone specification,https://helpix.ru/samsung/galaxy_s26_ultra/,High,PHONE:GALAXYS26ULTRA,Not yet matched,,,,,,,,,,,,,,,,
Samsung,ISOCELL JN5,SAMSUNG:JN5,ISOCELL JN5,S5KJN5,S5KJN5,Marketing+internal mapped,50,,1/2.75,0.64,4-in-1,,Double SuperPD,Inter-scene DCG,RGGB,,,OnePlus 13; OPPO Find X8; Xiaomi 15,https://spinformation.info/all/smartphone-image-sensor/,Existing catalog / official + SP information,Samsung official mobile product page available.,2024.0,High,https://helpix.ru/isensor/,3,,,,0,OPPO Find X8,OPPO,Rear Ultra-wide,2024,Dimensity 9400,https://helpix.ru/oppo/find_x8/,Helpix phone specification,https://helpix.ru/oppo/find_x8/,High,PHONE:FINDX8,Not yet matched,,,,,,,,,,,,,,,,
Samsung,ISOCELL JN5,SAMSUNG:JN5,ISOCELL JN5,S5KJN5,S5KJN5,Marketing+internal mapped,50,,1/2.75,0.64,4-in-1,,Double SuperPD,Inter-scene DCG,RGGB,,,OnePlus 13; OPPO Find X8; Xiaomi 15,https://spinformation.info/all/smartphone-image-sensor/,Existing catalog / official + SP information,Samsung official mobile product page available.,2024.0,High,https://helpix.ru/isensor/,3,,,,0,OnePlus 13,OnePlus,Rear Ultra-wide,2024,Snapdragon 8 Elite,https://helpix.ru/oneplus/13/,Helpix phone specification,https://helpix.ru/oneplus/13/,High,PHONE:ONEPLUS13,Not yet matched,,,,,,,,,,,,,,,,
Samsung,ISOCELL JN5,SAMSUNG:JN5,ISOCELL JN5,S5KJN5,S5KJN5,Marketing+internal mapped,50,,1/2.75,0.64,4-in-1,,Double SuperPD,Inter-scene DCG,RGGB,,,OnePlus 13; OPPO Find X8; Xiaomi 15,https://spinformation.info/all/smartphone-image-sensor/,Existing catalog / official + SP information,Samsung official mobile product page available.,2024.0,High,https://helpix.ru/isensor/,3,,,,0,Xiaomi 15,Xiaomi,Rear Telephoto,2024,Snapdragon 8 Elite,https://helpix.ru/xiaomi/15/,Helpix phone specification,https://helpix.ru/xiaomi/15/,High,PHONE:15,Not yet matched,,,,,,,,,,,,,,,,
Samsung,ISOCELL JNL,SAMSUNG:JNL,ISOCELL JNL,S5KJNL,S5KJNL,Marketing+internal mapped,50,,1/2.75,0.64,,,,,,,,,https://helpix.ru/isensor/,Helpix smartphone sensor index,Added in ultra expansion; mobile-camera sensor index listing.,2026.0,Medium,,0,,,,0,,,,,,,,,,,No phone mapping,,,,,,,,,,,,,,,,
Samsung,ISOCELL JNP,SAMSUNG:JNP,ISOCELL JNP,S5KJNP,S5KJNP,Marketing+internal mapped,50,,1/2.74,0.64,,,,,,,,,https://helpix.ru/isensor/,Helpix smartphone sensor index,Added in ultra expansion; mobile-camera sensor index listing. Sensor_Size per https://semiconductor.samsung.com/image-sensor/mobile-image-sensor/isocell-jnp/.,2025.0,Medium,https://semiconductor.samsung.com/image-sensor/mobile-image-sensor/isocell-jnp/,0,,,,0,,,,,,,,,,,No phone mapping,,,,,,,,,,,,,,,,
Samsung,ISOCELL JNS,SAMSUNG:JNS,ISOCELL JNS,S5KJNS,S5KJNS,Marketing+internal mapped,50,,1/2.76,0.64,,,,,,,,,https://helpix.ru/isensor/,Helpix smartphone sensor index,Added in ultra expansion; mobile-camera sensor index listing.,2024.0,Medium,,0,,,,0,,,,,,,,,,,No phone mapping,,,,,,,,,,,,,,,,
Samsung,ISOCELL JNV,SAMSUNG:JNV,ISOCELL JNV,S5KJNV,S5KJNV,Marketing+internal mapped,50,,1/2.76,0.64,4-in-1,,Double SuperPD,Inter-scene DCG,RGGB,,,vivo S12; vivo V23 Pro,https://spinformation.info/all/smartphone-image-sensor/,Existing catalog / official + SP information,,,High,,2,,,,0,vivo S12,vivo,Unknown,2021,Dimensity 1100,https://spinformation.info/all/smartphone-image-sensor/,Existing master Example_Phones,https://helpix.ru/vivo/s12/,High,PHONE:S12,Not yet matched,,,,,,,,,,,,,,,,
Samsung,ISOCELL JNV,SAMSUNG:JNV,ISOCELL JNV,S5KJNV,S5KJNV,Marketing+internal mapped,50,,1/2.76,0.64,4-in-1,,Double SuperPD,Inter-scene DCG,RGGB,,,vivo S12; vivo V23 Pro,https://spinformation.info/all/smartphone-image-sensor/,Existing catalog / official + SP information,,,High,,2,,,,0,vivo V23 Pro,vivo,Unknown,2022,Dimensity 1200,https://spinformation.info/all/smartphone-image-sensor/,Existing master Example_Phones,https://helpix.ru/vivo/v23_pro/,High,PHONE:V23PRO,Not yet matched,,,,,,,,,,,,,,,,
Samsung,ISOCELL KD1,SAMSUNG:KD1,ISOCELL KD1,S5KKD1,S5KKD1,Marketing+internal mapped,32,,1/3.44,0.64,,,,,,,,,https://helpix.ru/isensor/,Helpix smartphone sensor index,Added in ultra expansion; mobile-camera sensor index listing.,2024.0,Medium,,0,,,,0,,,,,,,,,,,No phone mapping,,,,,,,,,,,,,,,,
Samsung,ISOCELL KDS,SAMSUNG:KDS,ISOCELL KDS,S5KKDS,S5KKDS,Marketing+internal mapped,32,,1/3.44,0.64,,,,,,,,,https://helpix.ru/isensor/,Helpix smartphone sensor index,Added in ultra expansion; mobile-camera sensor index listing.,2025.0,Medium,,0,,,,0,,,,,,,,,,,No phone mapping,,,,,,,,,,,,,,,,
SmartSens,SC080CS,SMARTSENS:SC080CS,SC080CS,,,Canonical product name,QVGA,248 x 328,1/20,2.24,,,,,,,,,https://www.smartsenstech.com/en/mcs_products,Manufacturer official,Official SmartSens smartphone-series product list,,High,,0,,,,0,,,,,,,,,,,No phone mapping,,,,,,,,,,,,,,,,
SmartSens,SC1220CS,SMARTSENS:SC1220CS,SC1220CS,,,Canonical product name,,,1/3.60,,,,,,,,,,https://helpix.ru/isensor/,Helpix smartphone sensor index,Added in ultra expansion; mobile-camera sensor index listing.,2025.0,Medium,,0,,,,0,,,,,,,,,,,No phone mapping,,,,,,,,,,,,,,,,
SmartSens,SC130HS,SMARTSENS:SC130HS,SC130HS,,,Canonical product name,13,4208 x 3120,1/3.06,1.116,,,,HDR: Yes,,,,,https://www.smartsenstech.com/en/mcs_products,Manufacturer official,Official SmartSens smartphone-series product list,,High,,0,,,,0,,,,,,,,,,,No phone mapping,,,,,,,,,,,,,,,,
SmartSens,SC1320CS,SMARTSENS:SC1320CS,SC1320CS,,,Canonical product name,13,4224 x 3134,1/3.06,1.12,,,,,,,,,https://www.smartsenstech.com/en/mcs_products,Manufacturer official,Official SmartSens smartphone-series product list,2023.0,High,https://helpix.ru/isensor/,0,,,,0,,,,,,,,,,,No phone mapping,,,,,,,,,,,,,,,,
SmartSens,SC1325CS,SMARTSENS:SC1325CS,SC1325CS,,,Canonical product name,13,4208 x 3120,1/3.06,1.12,,,,,,,,,https://www.smartsenstech.com/en/mcs_products,Manufacturer official,Official SmartSens smartphone-series product list,,High,,0,,,,0,,,,,,,,,,,No phone mapping,,,,,,,,,,,,,,,,
SmartSens,SC140HS,SMARTSENS:SC140HS,SC140HS,,,Canonical product name,14,4576 x 3168,1/2.64,1.224,,,,HDR: Yes,,,,,https://www.smartsenstech.com/en/mcs_products,Manufacturer official,Official SmartSens smartphone-series product list,,High,,0,,,,0,,,,,,,,,,,No phone mapping,,,,,,,,,,,,,,,,
SmartSens,SC1600CS,SMARTSENS:SC1600CS,SC1600CS,,,Canonical product name,16,4656 x 3096,1/3.06,1.0,,,,,,,,,https://www.smartsenstech.com/en/mcs_products,Manufacturer official,Official SmartSens smartphone-series product list,,High,,0,,,,0,,,,,,,,,,,No phone mapping,,,,,,,,,,,,,,,,
SmartSens,SC1620CS,SMARTSENS:SC1620CS,SC1620CS,,,Canonical product name,16,4672 x 3512,1/3.09,1.0,,,,,,,,,https://www.smartsenstech.com/en/mcs_products,Manufacturer official,Official SmartSens smartphone-series product list,2024.0,High,https://helpix.ru/isensor/,0,,,,0,,,,,,,,,,,No phone mapping,,,,,,,,,,,,,,,,
SmartSens,SC200AI,SMARTSENS:SC200AI,SC200AI,,,Canonical product name,2,,1/2.80,2.9,,,,,,,,,https://helpix.ru/isensor/,Helpix smartphone sensor index,Added in ultra expansion; mobile-camera sensor index listing.,2020.0,Medium,,0,,,,0,,,,,,,,,,,No phone mapping,,,,,,,,,,,,,,,,
SmartSens,SC202CS,SMARTSENS:SC202CS,SC202CS,,,Canonical product name,2,1608 x 1208,1/5.1,1.75,,,,,,,,,https://www.smartsenstech.com/en/mcs_products,Manufacturer official,Official SmartSens smartphone-series product list,,High,https://helpix.ru/isensor/,0,,,,0,,,,,,,,,,,No phone mapping,,,,,,,,,,,,,,,,
SmartSens,SC5000CS,SMARTSENS:SC5000CS,SC5000CS,,,Canonical product name,50,8224 x 6176,1/2.5,0.702,,,,HDR: Yes,,,,,https://www.smartsenstech.com/en/mcs_products,Manufacturer official,Official SmartSens smartphone-series product list,2025.0,High,https://helpix.ru/isensor/,0,,,,0,,,,,,,,,,,No phone mapping,,,,,,,,,,,,,,,,
SmartSens,SC501CS,SMARTSENS:SC501CS,SC501CS,,,Canonical product name,5,2600 x 1952,1/5,1.12,,,,,,,,,https://www.smartsenstech.com/en/mcs_products,Manufacturer official,Official SmartSens smartphone-series product list,2020.0,High,https://helpix.ru/isensor/,0,,,,0,,,,,,,,,,,No phone mapping,,,,,,,,,,,,,,,,
SmartSens,SC505HS,SMARTSENS:SC505HS,SC505HS,,,Canonical product name,50,8224 x 6176,1/2.88,0.61,,,,,,,,,https://www.smartsenstech.com/en/mcs_products,Manufacturer official,Official SmartSens smartphone-series product list,,High,,0,,,,0,,,,,,,,,,,No phone mapping,,,,,,,,,,,,,,,,
SmartSens,SC512HS,SMARTSENS:SC512HS,SC512HS,,,Canonical product name,50,8224 x 6176,1/2.76,0.64,,,,HDR: Yes,,,,,https://www.smartsenstech.com/en/mcs_products,Manufacturer official,Official SmartSens smartphone-series product list,,High,,0,,,,0,,,,,,,,,,,No phone mapping,,,,,,,,,,,,,,,,
SmartSens,SC520CS,SMARTSENS:SC520CS,SC520CS,,,Canonical product name,5,2600 x 1960,1/5,1.12,,,,,,,,,https://www.smartsenstech.com/en/mcs_products,Manufacturer official,Official SmartSens smartphone-series product list,2022.0,High,https://helpix.ru/isensor/,0,,,,0,,,,,,,,,,,No phone mapping,,,,,,,,,,,,,,,,
SmartSens,SC520XS,SMARTSENS:SC520XS,SC520XS,,,Canonical product name,52,,1/2.42,0.7,,,,,,,,,https://www.smartsenstech.com/en/mcs_products,Manufacturer official,Official SmartSens smartphone-series product list,2022.0,High,https://helpix.ru/isensor/,0,,,,0,,,,,,,,,,,No phone mapping,,,,,,,,,,,,,,,,
SmartSens,SC521CS,SMARTSENS:SC521CS,SC521CS,,,Canonical product name,5,2600 x 1952,1/5,1.12,,,,,,,,,https://www.smartsenstech.com/en/mcs_products,Manufacturer official,Official SmartSens smartphone-series product list,,High,,0,,,,0,,,,,,,,,,,No phone mapping,,,,,,,,,,,,,,,,
SmartSens,SC525CS,SMARTSENS:SC525CS,SC525CS,,,Canonical product name,5,2592 x 1944,1/5,1.12,,,,,,,,,https://www.smartsenstech.com/en/mcs_products,Manufacturer official,Official SmartSens smartphone-series product list,,High,,0,,,,0,,,,,,,,,,,No phone mapping,,,,,,,,,,,,,,,,
SmartSens,SC525XS,SMARTSENS:SC525XS,SC525XS,,,Canonical product name,50,8224 x 6176,1/2.5,0.7,,,,HDR: Yes,,,,,https://www.smartsenstech.com/en/mcs_products,Manufacturer official,Official SmartSens smartphone-series product list,2025.0,High,https://helpix.ru/isensor/,0,,,,0,,,,,,,,,,,No phone mapping,,,,,,,,,,,,,,,,
SmartSens,SC532HS,SMARTSENS:SC532HS,SC532HS,,,Canonical product name,50,8192 x 6144,1/2,0.8,,,,HDR: Yes,,,,,https://www.smartsenstech.com/en/mcs_products,Manufacturer official,Official SmartSens smartphone-series product list,,High,,0,,,,0,,,,,,,,,,,No phone mapping,,,,,,,,,,,,,,,,
SmartSens,SC535XS,SMARTSENS:SC535XS,SC535XS,,,Canonical product name,50,,1/2.50,0.7,,,,,,,,,https://www.smartsenstech.com/en/mcs_products,Manufacturer official,Official SmartSens smartphone-series product list,2025.0,High,https://helpix.ru/isensor/,0,,,,0,,,,,,,,,,,No phone mapping,,,,,,,,,,,,,,,,
SmartSens,SC550XS,SMARTSENS:SC550XS,SC550XS,,,Canonical product name,50,8192 x 6144,1/1.56,1.0,4in1,,AllPix ADAF,PixGain HDR,RGGB,,,HUAWEI Mate 80 Pro,https://spinformation.info/all/smartphone-image-sensor/,SP information,,,Medium,,1,,,,0,HUAWEI Mate 80 Pro,Huawei,Unknown,2025,Kirin 9030,https://spinformation.info/all/smartphone-image-sensor/,Existing master Example_Phones,https://helpix.ru/huawei/mate_80_pro/,Medium,PHONE:MATE80PRO,Not yet matched,,,,,,,,,,,,,,,,
SmartSens,SC555XS,SMARTSENS:SC555XS,SC555XS,,,Canonical product name,50,,1/1.56,1.0,,,,,,,,,https://helpix.ru/isensor/,Helpix smartphone sensor index,Added in ultra expansion; mobile-camera sensor index listing.,2025.0,Medium,,0,,,,0,,,,,,,,,,,No phone mapping,,,,,,,,,,,,,,,,
SmartSens,SC562HS,SMARTSENS:SC562HS,SC562HS,,,Canonical product name,50,8192 x 6144,1/1.55,1.0,,,,HDR: Yes,,,,,https://www.smartsenstech.com/en/mcs_products,Manufacturer official,Official SmartSens smartphone-series product list,,High,,0,,,,0,,,,,,,,,,,No phone mapping,,,,,,,,,,,,,,,,
SmartSens,SC575XS,SMARTSENS:SC575XS,SC575XS,,,Canonical product name,50,8208 x 6160,1/1.56,1.0,,,,HDR: Yes,,,,,https://www.smartsenstech.com/en/mcs_products,Manufacturer official,Official SmartSens smartphone-series product list,,High,,0,,,,0,,,,,,,,,,,No phone mapping,,,,,,,,,,,,,,,,
SmartSens,SC580XS,SMARTSENS:SC580XS,SC580XS,,,Canonical product name,50,8192 x 6144,1/1.28,1.22,4in1,,AllPix ADAF,PixGain HDR,,,,,https://spinformation.info/all/smartphone-image-sensor/,SP information,,,Medium,,0,,,,0,,,,,,,,,,,No phone mapping,,,,,,,,,,,,,,,,
SmartSens,SC585XS,SMARTSENS:SC585XS,SC585XS,,,Canonical product name,50,8192 x 6144,1/1.28,1.22,4in1,,AllPix ADAF,PixGain HDR,,,,,https://spinformation.info/all/smartphone-image-sensor/,SP information,,,Medium,,0,,,,0,,,,,,,,,,,No phone mapping,,,,,,,,,,,,,,,,
SmartSens,SC590XS,SMARTSENS:SC590XS,SC590XS,,,Canonical product name,50,8192 x 6144,1/1.28,1.22,4in1,,AllPix ADAF,SuperPixGain HDR 2.0,RYYB,,,HUAWEI Mate 80 Pro+; Pura 80 Ultra,https://spinformation.info/all/smartphone-image-sensor/,SP information,,,Medium,,2,,,,0,Pura 80 Ultra,Huawei,Unknown,2025,Kirin 9020,https://spinformation.info/all/smartphone-image-sensor/,Existing master Example_Phones,https://helpix.ru/huawei/pura_80_ultra/,Medium,PHONE:PURA80ULTRA,Verified normalized match,Huawei Pura 80 Ultra,175,,,,,,,,,1199,Jun 2025,V6,https://www.dxomark.com/smartphones/,DXOMARK ranking,2026-09-26
SmartSens,SC595XS,SMARTSENS:SC595XS,SC595XS,,,Canonical product name,50,8192 x 6144,1/1.28,1.22,4in1,,AllPix ADAF; Sparse PDAF,SuperPixGain HDR 2.0,RYYB,,,HUAWEI Mate 80 RS,https://spinformation.info/all/smartphone-image-sensor/,SP information,,2025.0,Medium-High,https://helpix.ru/isensor/,1,,,,0,HUAWEI Mate 80 RS,Huawei,Unknown,2025,Kirin 9030 Pro,https://spinformation.info/all/smartphone-image-sensor/,Existing master Example_Phones,https://helpix.ru/huawei/mate_80_rs_ultimate/,Medium-High,PHONE:MATE80RS,Not yet matched,,,,,,,,,,,,,,,,
SmartSens,SC5A0CS / SC5AOS,SMARTSENS:SC5A0CS / SC5AOS,SC5A0CS / SC5AOS,,,Canonical product name,50,8192 x 6144,1/0.98,1.6,4in1,,All-pixel PDAF (Dual Pixel),SuperPixGain HDR 2.0,RYYB,,,HUAWEI Pura 80 Ultra,https://spinformation.info/all/smartphone-image-sensor/,SP information,,,Medium,,1,,,,0,HUAWEI Pura 80 Ultra,Huawei,Unknown,2025,Kirin 9020,https://spinformation.info/all/smartphone-image-sensor/,Existing master Example_Phones,https://helpix.ru/huawei/pura_80_ultra/,Medium,PHONE:PURA80ULTRA,Verified normalized match,Huawei Pura 80 Ultra,175,,,,,,,,,1199,Jun 2025,V6,https://www.dxomark.com/smartphones/,DXOMARK ranking,2026-09-26
SmartSens,SC5A0XS / SC5AOXS,SMARTSENS:SC5A0XS / SC5AOXS,SC5A0XS / SC5AOXS,,,Canonical product name,50,8192 x 6144,1/0.98,1.6,4in1,,All-pixel PDAF (Dual Pixel),SuperPixGain HDR 2.0,,,,,https://spinformation.info/all/smartphone-image-sensor/,SP information,,,Medium,,0,,,,0,,,,,,,,,,,No phone mapping,,,,,,,,,,,,,,,,
SmartSens,SC5A5XS,SMARTSENS:SC5A5XS,SC5A5XS,,,Canonical product name,50,8192 x 6144,1/0.98,1.6,4in1,,AllPix ADAF; Sparse PDAF,SuperPixGain HDR 2.0,,,,,https://spinformation.info/all/smartphone-image-sensor/,SP information,,,Medium,,0,,,,0,,,,,,,,,,,No phone mapping,,,,,,,,,,,,,,,,
SmartSens,SC5A6XS,SMARTSENS:SC5A6XS,SC5A6XS,,,Canonical product name,50,8208 x 6208,1/0.98,1.6,,,,HDR: Yes,,,,,https://www.smartsenstech.com/en/mcs_products,Manufacturer official,Official SmartSens smartphone-series product list,,High,,0,,,,0,,,,,,,,,,,No phone mapping,,,,,,,,,,,,,,,,
SmartSens,SC800CS,SMARTSENS:SC800CS,SC800CS,,,Canonical product name,8,,1/4.00,1.12,,,,,,,,,https://helpix.ru/isensor/,Helpix smartphone sensor index,Added in ultra expansion; mobile-camera sensor index listing.,2020.0,Medium,,0,,,,0,,,,,,,,,,,No phone mapping,,,,,,,,,,,,,,,,
SmartSens,SC820CS,SMARTSENS:SC820CS,SC820CS,,,Canonical product name,8,3280 x 2464,1/4,1.12,,,,,,,,,https://www.smartsenstech.com/en/mcs_products,Manufacturer official,Official SmartSens smartphone-series product list,2024.0,High,https://helpix.ru/isensor/,0,,,,0,,,,,,,,,,,No phone mapping,,,,,,,,,,,,,,,,
SmartSens,SC821CS,SMARTSENS:SC821CS,SC821CS,,,Canonical product name,8,,1/4.00,1.12,,,,,,,,,https://helpix.ru/isensor/,Helpix smartphone sensor index,Added in ultra expansion; mobile-camera sensor index listing.,2026.0,Medium,,0,,,,0,,,,,,,,,,,No phone mapping,,,,,,,,,,,,,,,,
SmartSens,SCC62HS,SMARTSENS:SCC62HS,SCC62HS,,,Canonical product name,200,16448 x 12352,1/1.55,0.5,,,,HDR: Yes,,,,,https://www.smartsenstech.com/en/mcs_products,Manufacturer official,Official SmartSens smartphone-series product list,,High,,0,,,,0,,,,,,,,,,,No phone mapping,,,,,,,,,,,,,,,,
SmartSens,SCC80XS,SMARTSENS:SCC80XS,SCC80XS,,,Canonical product name,200,,1/1.28,0.61,,,,,,,,,https://www.smartsenstech.com/en/mcs_products,Manufacturer official,Official SmartSens smartphone-series product list,2025.0,High,https://helpix.ru/isensor/,0,,,,0,,,,,,,,,,,No phone mapping,,,,,,,,,,,,,,,,
SmartSens,SCC85XS,SMARTSENS:SCC85XS,SCC85XS,,,Canonical product name,,,,,,,,,,,,,https://www.smartsenstech.com/en/mcs_products,Manufacturer official,Official SmartSens smartphone-series product list,,High,,0,,,,0,,,,,,,,,,,No phone mapping,,,,,,,,,,,,,,,,
SmartSens,SCC90XS,SMARTSENS:SCC90XS,SCC90XS,,,Canonical product name,200,16512 x 12416,1/1.28,0.61,,,,HDR: Yes,,,,,https://www.smartsenstech.com/en/mcs_products,Manufacturer official,Official SmartSens smartphone-series product list,,High,,0,,,,0,,,,,,,,,,,No phone mapping,,,,,,,,,,,,,,,,
Sony,IMX091,SONY:IMX091,IMX091,,,Canonical product name,13,,1/3.06,1.12,,,,,,,,,https://helpix.ru/isensor/,Helpix smartphone sensor index,Added in ultra expansion; mobile-camera sensor index listing.,2012.0,Medium,,0,,,,0,,,,,,,,,,,No phone mapping,,,,,,,,,,,,,,,,
Sony,IMX105,SONY:IMX105,IMX105,,,Canonical product name,8,,1/3.20,1.12,,,,,,,,,https://helpix.ru/isensor/,Helpix smartphone sensor index,Added in ultra expansion; mobile-camera sensor index listing.,2010.0,Medium,,0,,,,0,,,,,,,,,,,No phone mapping,,,,,,,,,,,,,,,,
Sony,IMX111,SONY:IMX111,IMX111,,,Canonical product name,8,,1/4.00,1.12,,,,,,,,,https://helpix.ru/isensor/,Helpix smartphone sensor index,Added in ultra expansion; mobile-camera sensor index listing.,2011.0,Medium,,0,,,,0,,,,,,,,,,,No phone mapping,,,,,,,,,,,,,,,,
Sony,IMX132,SONY:IMX132,IMX132,,,Canonical product name,2.4,,1/6.95,1.2,,,,,,,,,https://helpix.ru/isensor/,Helpix smartphone sensor index,Added in ultra expansion; mobile-camera sensor index listing.,2012.0,Medium,,0,,,,0,,,,,,,,,,,No phone mapping,,,,,,,,,,,,,,,,
Sony,IMX134,SONY:IMX134,IMX134,,,Canonical product name,8,,1/4.00,1.12,,,,,,,,,https://helpix.ru/isensor/,Helpix smartphone sensor index,Added in ultra expansion; mobile-camera sensor index listing.,2012.0,Medium,,0,,,,0,,,,,,,,,,,No phone mapping,,,,,,,,,,,,,,,,
Sony,IMX135,SONY:IMX135,IMX135,,,Canonical product name,13,,1/3.06,1.12,,,,,,,,,https://helpix.ru/isensor/,Helpix smartphone sensor index,Added in ultra expansion; mobile-camera sensor index listing.,2012.0,Medium,,0,,,,0,,,,,,,,,,,No phone mapping,,,,,,,,,,,,,,,,
Sony,IMX145,SONY:IMX145,IMX145,,,Canonical product name,8,,1/3.20,1.4,,,,,,,,,https://helpix.ru/isensor/,Helpix smartphone sensor index,Added in ultra expansion; mobile-camera sensor index listing.,2011.0,Medium,,0,,,,0,,,,,,,,,,,No phone mapping,,,,,,,,,,,,,,,,
Sony,IMX149,SONY:IMX149,IMX149,,,Canonical product name,8,,1/3.20,1.4,,,,,,,,,https://helpix.ru/isensor/,Helpix smartphone sensor index,Added in ultra expansion; mobile-camera sensor index listing.,2015.0,Medium,,0,,,,0,,,,,,,,,,,No phone mapping,,,,,,,,,,,,,,,,
Sony,IMX164,SONY:IMX164,IMX164,,,Canonical product name,8,,1/3.20,1.4,,,,,,,,,https://helpix.ru/isensor/,Helpix smartphone sensor index,Added in ultra expansion; mobile-camera sensor index listing.,2015.0,Medium,,0,,,,0,,,,,,,,,,,No phone mapping,,,,,,,,,,,,,,,,
Sony,IMX166,SONY:IMX166,IMX166,,,Canonical product name,8,,1/3.20,1.4,,,,,,,,,https://helpix.ru/isensor/,Helpix smartphone sensor index,Added in ultra expansion; mobile-camera sensor index listing.,,Medium,,0,,,,0,,,,,,,,,,,No phone mapping,,,,,,,,,,,,,,,,
Sony,IMX175,SONY:IMX175,IMX175,,,Canonical product name,8,,1/3.20,1.4,,,,,,,,,https://helpix.ru/isensor/,Helpix smartphone sensor index,Added in ultra expansion; mobile-camera sensor index listing.,2012.0,Medium,,0,,,,0,,,,,,,,,,,No phone mapping,,,,,,,,,,,,,,,,
Sony,IMX179,SONY:IMX179,IMX179,,,Canonical product name,8,,1/3.20,1.4,,,,,,,,,https://helpix.ru/isensor/,Helpix smartphone sensor index,Added in ultra expansion; mobile-camera sensor index listing.,2015.0,Medium,,0,,,,0,,,,,,,,,,,No phone mapping,,,,,,,,,,,,,,,,
Sony,IMX219PQ,SONY:IMX219PQ,IMX219PQ,,,Canonical product name,8,,1/4.00,1.12,,,,,,,,,https://helpix.ru/isensor/,Helpix smartphone sensor index,Added in ultra expansion; mobile-camera sensor index listing.,2014.0,Medium,,0,,,,0,,,,,,,,,,,No phone mapping,,,,,,,,,,,,,,,,
Sony,IMX220,SONY:IMX220,IMX220,,,Canonical product name,20.7,,1/2.30,1.2,,,,,,,,,https://helpix.ru/isensor/,Helpix smartphone sensor index,Added in ultra expansion; mobile-camera sensor index listing.,2013.0,Medium,,0,,,,0,,,,,,,,,,,No phone mapping,,,,,,,,,,,,,,,,
Sony,IMX234,SONY:IMX234,IMX234,,,Canonical product name,16,,1/2.60,1.12,,,,,,,,,https://helpix.ru/isensor/,Helpix smartphone sensor index,Added in ultra expansion; mobile-camera sensor index listing.,2015.0,Medium,,0,,,,0,,,,,,,,,,,No phone mapping,,,,,,,,,,,,,,,,
Sony,IMX240,SONY:IMX240,IMX240,,,Canonical product name,16,,1/2.60,1.12,,,,,,,,,https://helpix.ru/isensor/,Helpix smartphone sensor index,Added in ultra expansion; mobile-camera sensor index listing.,2014.0,Medium,,0,,,,0,,,,,,,,,,,No phone mapping,,,,,,,,,,,,,,,,
Sony,IMX268,SONY:IMX268,IMX268,,,Canonical product name,8,,1/3.61,1.12,,,,,,,,,https://helpix.ru/isensor/,Helpix smartphone sensor index,Added in ultra expansion; mobile-camera sensor index listing.,2016.0,Medium,,0,,,,0,,,,,,,,,,,No phone mapping,,,,,,,,,,,,,,,,
Sony,IMX278,SONY:IMX278,IMX278,,,Canonical product name,13,,1/3.06,1.12,,,,,,,,,https://helpix.ru/isensor/,Helpix smartphone sensor index,Added in ultra expansion; mobile-camera sensor index listing.,2015.0,Medium,,0,,,,0,,,,,,,,,,,No phone mapping,,,,,,,,,,,,,,,,
Sony,IMX286,SONY:IMX286,IMX286,,,Canonical product name,12,,1/2.90,1.25,,,,,,,,,https://helpix.ru/isensor/,Helpix smartphone sensor index,Added in ultra expansion; mobile-camera sensor index listing.,2016.0,Medium,,0,,,,0,,,,,,,,,,,No phone mapping,,,,,,,,,,,,,,,,
Sony,IMX300,SONY:IMX300,IMX300,,,Canonical product name,25,,1/2.30,1.08,,,,,,,,,https://helpix.ru/isensor/,Helpix smartphone sensor index,Added in ultra expansion; mobile-camera sensor index listing.,2015.0,Medium,,0,,,,0,,,,,,,,,,,No phone mapping,,,,,,,,,,,,,,,,
Sony,IMX314,SONY:IMX314,IMX314,,,Canonical product name,8,,1/4.00,0.7,,,,,,,,,https://helpix.ru/isensor/,Helpix smartphone sensor index,Added in ultra expansion; mobile-camera sensor index listing.,,Medium,,0,,,,0,,,,,,,,,,,No phone mapping,,,,,,,,,,,,,,,,
Sony,IMX315,SONY:IMX315,IMX315,,,Canonical product name,12.2,,1/2.93,1.22,,,,,,,,,https://helpix.ru/isensor/,Helpix smartphone sensor index,Added in ultra expansion; mobile-camera sensor index listing.,2015.0,Medium,,0,,,,0,,,,,,,,,,,No phone mapping,,,,,,,,,,,,,,,,
Sony,IMX316,SONY:IMX316,IMX316,,,Canonical product name,0.05,,1/6.00,10.0,,,,,,,,,https://helpix.ru/isensor/,Helpix smartphone sensor index,Added in ultra expansion; mobile-camera sensor index listing.,2019.0,Medium,,0,,,,0,,,,,,,,,,,No phone mapping,,,,,,,,,,,,,,,,
Sony,IMX318,SONY:IMX318,IMX318,,,Canonical product name,22.5,,1/2.60,1.0,,,,,,,,,https://helpix.ru/isensor/,Helpix smartphone sensor index,Added in ultra expansion; mobile-camera sensor index listing.,2016.0,Medium,,0,,,,0,,,,,,,,,,,No phone mapping,,,,,,,,,,,,,,,,
Sony,IMX319,SONY:IMX319,IMX319,,,Canonical product name,8,,1/3.20,1.4,,,,,,,,,https://helpix.ru/isensor/,Helpix smartphone sensor index,Added in ultra expansion; mobile-camera sensor index listing.,2017.0,Medium,,0,,,,0,,,,,,,,,,,No phone mapping,,,,,,,,,,,,,,,,
Sony,IMX320,SONY:IMX320,IMX320,,,Canonical product name,8,,1/3.60,1.22,,,,,,,,,https://helpix.ru/isensor/,Helpix smartphone sensor index,Added in ultra expansion; mobile-camera sensor index listing.,2017.0,Medium,,0,,,,0,,,,,,,,,,,No phone mapping,,,,,,,,,,,,,,,,
Sony,IMX328,SONY:IMX328,IMX328,,,Canonical product name,13,,1/3.06,,,,,,,,,,https://helpix.ru/isensor/,Helpix smartphone sensor index,Added in ultra expansion; mobile-camera sensor index listing.,2016.0,Medium,,0,,,,0,,,,,,,,,,,No phone mapping,,,,,,,,,,,,,,,,
Sony,IMX333,SONY:IMX333,IMX333,,,Canonical product name,12,,1/2.55,1.4,,,,,,,,,https://helpix.ru/isensor/,Helpix smartphone sensor index,Added in ultra expansion; mobile-camera sensor index listing.,2017.0,Medium,,0,,,,0,,,,,,,,,,,No phone mapping,,,,,,,,,,,,,,,,
Sony,IMX338,SONY:IMX338,IMX338,,,Canonical product name,21,,1/2.40,1.12,,,,,,,,,https://helpix.ru/isensor/,Helpix smartphone sensor index,Added in ultra expansion; mobile-camera sensor index listing.,2016.0,Medium,,0,,,,0,,,,,,,,,,,No phone mapping,,,,,,,,,,,,,,,,
Sony,IMX345,SONY:IMX345,IMX345,,,Canonical product name,12.2,,1/2.55,1.4,,,,,,,,,https://helpix.ru/isensor/,Helpix smartphone sensor index,Added in ultra expansion; mobile-camera sensor index listing.,2018.0,Medium,,0,,,,0,,,,,,,,,,,No phone mapping,,,,,,,,,,,,,,,,
Sony,IMX350,SONY:IMX350,IMX350,,,Canonical product name,20,,1/2.78,1.0,,,,,,,,,https://helpix.ru/isensor/,Helpix smartphone sensor index,Added in ultra expansion; mobile-camera sensor index listing.,2017.0,Medium,,0,,,,0,,,,,,,,,,,No phone mapping,,,,,,,,,,,,,,,,
Sony,IMX351,SONY:IMX351,IMX351,,,Canonical product name,16,,1/3.09,1.0,,,,,,,,,https://helpix.ru/isensor/,Helpix smartphone sensor index,Added in ultra expansion; mobile-camera sensor index listing.,2017.0,Medium,,0,,,,0,,,,,,,,,,,No phone mapping,,,,,,,,,,,,,,,,
Sony,IMX355,SONY:IMX355,IMX355,,,Canonical product name,8,3280 x 2464,1/4,1.12,---,,,,RGGB,,,Nothing Phone (3a); POCO F6; OnePlus 13R,https://spinformation.info/all/smartphone-image-sensor/,SP information,Sensor_Size per https://helpix.ru/isensor/sony_imx355/. Pixel_Size_um per https://helpix.ru/isensor/sony_imx355/.,,Medium,https://helpix.ru/isensor/sony_imx355/,4,Rear Ultra-wide,2026.0,2026.0,0,Nothing Phone (3a),Nothing,Rear Ultra-wide,2025,Snapdragon 7s Gen 3,https://helpix.ru/nothing/phone_3a/,Helpix phone specification,https://helpix.ru/nothing/phone_3a/,High,PHONE:NOTHINGPHONE3A,Not yet matched,,,,,,,,,,,,,,,,
Sony,IMX355,SONY:IMX355,IMX355,,,Canonical product name,8,3280 x 2464,1/4,1.12,---,,,,RGGB,,,Nothing Phone (3a); POCO F6; OnePlus 13R,https://spinformation.info/all/smartphone-image-sensor/,SP information,Sensor_Size per https://helpix.ru/isensor/sony_imx355/. Pixel_Size_um per https://helpix.ru/isensor/sony_imx355/.,,Medium,https://helpix.ru/isensor/sony_imx355/,4,Rear Ultra-wide,2026.0,2026.0,0,OnePlus 13R,OnePlus,Rear Ultra-wide,2025,Snapdragon 8 Gen 3,https://helpix.ru/oneplus/13r/,Helpix phone specification,https://helpix.ru/oneplus/13r/,High,PHONE:ONEPLUS13R,Not yet matched,,,,,,,,,,,,,,,,
Sony,IMX355,SONY:IMX355,IMX355,,,Canonical product name,8,3280 x 2464,1/4,1.12,---,,,,RGGB,,,Nothing Phone (3a); POCO F6; OnePlus 13R,https://spinformation.info/all/smartphone-image-sensor/,SP information,Sensor_Size per https://helpix.ru/isensor/sony_imx355/. Pixel_Size_um per https://helpix.ru/isensor/sony_imx355/.,,Medium,https://helpix.ru/isensor/sony_imx355/,4,Rear Ultra-wide,2026.0,2026.0,0,POCO F6,Xiaomi,Rear Ultra-wide,2024,Snapdragon 8s Gen 3,https://helpix.ru/xiaomi/poco_f6/,Helpix phone specification,https://helpix.ru/xiaomi/poco_f6/,High,PHONE:POCOF6,Not yet matched,,,,,,,,,,,,,,,,
Sony,IMX355,SONY:IMX355,IMX355,,,Canonical product name,8,3280 x 2464,1/4,1.12,---,,,,RGGB,,,Nothing Phone (3a); POCO F6; OnePlus 13R,https://spinformation.info/all/smartphone-image-sensor/,SP information,Sensor_Size per https://helpix.ru/isensor/sony_imx355/. Pixel_Size_um per https://helpix.ru/isensor/sony_imx355/.,,Medium,https://helpix.ru/isensor/sony_imx355/,4,Rear Ultra-wide,2026.0,2026.0,0,Doogee S300 Plus,Doogee,Rear Ultra-wide,2026.0,,https://helpix.ru/isensor/sony_imx355/,Helpix sensor-phone mapping,,High,PHONE:DOOGEES300PLUS,Not yet matched,,,,,,,,,,,,,,,,
Sony,IMX356,SONY:IMX356,IMX356,,,Canonical product name,12.2,,1/3.40,1.0,,,,,,,,,https://helpix.ru/isensor/,Helpix smartphone sensor index,Added in ultra expansion; mobile-camera sensor index listing.,2019.0,Medium,,0,,,,0,,,,,,,,,,,No phone mapping,,,,,,,,,,,,,,,,
Sony,IMX371,SONY:IMX371,IMX371,,,Canonical product name,16,,1/3.00,1.0,,,,,,,,,https://helpix.ru/isensor/,Helpix smartphone sensor index,Added in ultra expansion; mobile-camera sensor index listing.,2017.0,Medium,,0,,,,0,,,,,,,,,,,No phone mapping,,,,,,,,,,,,,,,,
Sony,IMX372,SONY:IMX372,IMX372,,,Canonical product name,12.2,,1/3.40,1.0,,,,,,,,,https://helpix.ru/isensor/,Helpix smartphone sensor index,Added in ultra expansion; mobile-camera sensor index listing.,2019.0,Medium,,0,,,,0,,,,,,,,,,,No phone mapping,,,,,,,,,,,,,,,,
Sony,IMX374,SONY:IMX374,IMX374,,,Canonical product name,10,,1/3.20,1.22,,,,,,,,,https://helpix.ru/isensor/,Helpix smartphone sensor index,Added in ultra expansion; mobile-camera sensor index listing.,2019.0,Medium,,0,,,,0,,,,,,,,,,,No phone mapping,,,,,,,,,,,,,,,,
Sony,IMX376,SONY:IMX376,IMX376,,,Canonical product name,20,,1/2.78,1.0,,,,,,,,,https://helpix.ru/isensor/,Helpix smartphone sensor index,Added in ultra expansion; mobile-camera sensor index listing.,2016.0,Medium,,0,,,,0,,,,,,,,,,,No phone mapping,,,,,,,,,,,,,,,,
Sony,IMX377,SONY:IMX377,IMX377,,,Canonical product name,12.2,,1/2.30,1.55,,,,,,,,,https://helpix.ru/isensor/,Helpix smartphone sensor index,Added in ultra expansion; mobile-camera sensor index listing.,2015.0,Medium,,0,,,,0,,,,,,,,,,,No phone mapping,,,,,,,,,,,,,,,,
Sony,IMX378,SONY:IMX378,IMX378,,,Canonical product name,12.3,,1/2.30,1.55,,,,,,,,,https://helpix.ru/isensor/,Helpix smartphone sensor index,Added in ultra expansion; mobile-camera sensor index listing.,2016.0,Medium,,0,,,,0,,,,,,,,,,,No phone mapping,,,,,,,,,,,,,,,,
Sony,IMX380,SONY:IMX380,IMX380,,,Canonical product name,12.3,,1/2.30,1.55,,,,,,,,,https://helpix.ru/isensor/,Helpix smartphone sensor index,Added in ultra expansion; mobile-camera sensor index listing.,2018.0,Medium,,0,,,,0,,,,,,,,,,,No phone mapping,,,,,,,,,,,,,,,,
Sony,IMX381,SONY:IMX381,IMX381,,,Canonical product name,12,4056 x 3040,1/2.3,1.55,---,,PDAF,,RGGB,,,Google Pixel 7; Pixel 7 Pro,https://spinformation.info/all/smartphone-image-sensor/,SP information,,,Medium,,2,,,,0,Google Pixel 7,Google,Rear Ultra-wide,2022,Tensor G2,https://helpix.ru/google/pixel_7/,Helpix phone specification,https://helpix.ru/google/pixel_7/,High,PHONE:PIXEL7,Verified normalized match,Google Pixel 7,140,145,143,,,,138,,98,309,Oct 2022,V5,https://www.dxomark.com/smartphones/Google/Pixel-7,DXOMARK device page,2026-09-26
Sony,IMX381,SONY:IMX381,IMX381,,,Canonical product name,12,4056 x 3040,1/2.3,1.55,---,,PDAF,,RGGB,,,Google Pixel 7; Pixel 7 Pro,https://spinformation.info/all/smartphone-image-sensor/,SP information,,,Medium,,2,,,,0,Pixel 7 Pro,Google,Rear Ultra-wide,2022,Tensor G2,https://helpix.ru/google/pixel_7_pro/,Helpix phone specification,https://helpix.ru/google/pixel_7_pro/,High,PHONE:PIXEL7PRO,Verified normalized match,Google Pixel 7 Pro,147,,,,,,142,,,389,Oct 2022,V5,https://www.dxomark.com/smartphones/Google/Pixel-7-Pro,DXOMARK device page,2026-09-26
Sony,IMX386,SONY:IMX386,IMX386,,,Canonical product name,12,,1/2.9,1.25,---,,PDAF,,RGGB,,,Xiaomi Mi 6; Mi Mix 2; Meizu Pro 7,https://spinformation.info/all/smartphone-image-sensor/,SP information,,,Medium,,3,,,,0,Meizu Pro 7,Meizu,Rear Main + Rear Monochrome,2017,Helio P25,https://helpix.ru/meizu/pro_7/,Helpix phone specification,https://helpix.ru/meizu/pro_7/,High,PHONE:MEIZUPRO7,Not yet matched,,,,,,,,,,,,,,,,
Sony,IMX386,SONY:IMX386,IMX386,,,Canonical product name,12,,1/2.9,1.25,---,,PDAF,,RGGB,,,Xiaomi Mi 6; Mi Mix 2; Meizu Pro 7,https://spinformation.info/all/smartphone-image-sensor/,SP information,,,Medium,,3,,,,0,Mi Mix 2,Xiaomi,Rear Main,2017,Snapdragon 835,https://helpix.ru/isensor/sony_imx386/,Helpix sensor database,https://helpix.ru/xiaomi/mi_mix_2/,High,PHONE:MIMIX2,Not yet matched,,,,,,,,,,,,,,,,
Sony,IMX386,SONY:IMX386,IMX386,,,Canonical product name,12,,1/2.9,1.25,---,,PDAF,,RGGB,,,Xiaomi Mi 6; Mi Mix 2; Meizu Pro 7,https://spinformation.info/all/smartphone-image-sensor/,SP information,,,Medium,,3,,,,0,Xiaomi Mi 6,Xiaomi,Rear Main,2017,Snapdragon 835,https://helpix.ru/xiaomi/mi_6/,Helpix phone specification,https://helpix.ru/xiaomi/mi_6/,High,PHONE:MI6,Not yet matched,,,,,,,,,,,,,,,,
Sony,IMX398,SONY:IMX398,IMX398,,,Canonical product name,16,4608 x 3456,1/2.8,1.13,---,,PDAF (2x1 OCL),,RGGB,,,OnePlus 5T; OPPO R11s,https://spinformation.info/all/smartphone-image-sensor/,SP information,,,Medium,,2,,,,0,OPPO R11s,OPPO,Unknown,2017,Snapdragon 660,https://spinformation.info/all/smartphone-image-sensor/,Existing master Example_Phones,https://helpix.ru/oppo/r11s/,Medium,PHONE:R11S,Not yet matched,,,,,,,,,,,,,,,,
Sony,IMX398,SONY:IMX398,IMX398,,,Canonical product name,16,4608 x 3456,1/2.8,1.13,---,,PDAF (2x1 OCL),,RGGB,,,OnePlus 5T; OPPO R11s,https://spinformation.info/all/smartphone-image-sensor/,SP information,,,Medium,,2,,,,0,OnePlus 5T,OnePlus,Rear Main,2017,Snapdragon 835,https://helpix.ru/oneplus/5t/,Helpix phone specification,https://helpix.ru/oneplus/5t/,High,PHONE:ONEPLUS5T,Not yet matched,,,,,,,,,,,,,,,,
Sony,IMX400,SONY:IMX400,IMX400,,,Canonical product name,19.2,5520 x 3840,1/2.3,1.22,---,,PDAF,,RGGB,,,Xperia XZ Premium; Xperia XZ2,https://spinformation.info/all/smartphone-image-sensor/,SP information,,,Medium,,2,,,,0,Xperia XZ Premium,Sony,Rear Main,2017,Snapdragon 835,https://helpix.ru/isensor/sony_imx400/,Helpix sensor database,https://helpix.ru/sony/xperia_xz_premium/,High,PHONE:XPERIAXZPREMIUM,Not yet matched,,,,,,,,,,,,,,,,
Sony,IMX400,SONY:IMX400,IMX400,,,Canonical product name,19.2,5520 x 3840,1/2.3,1.22,---,,PDAF,,RGGB,,,Xperia XZ Premium; Xperia XZ2,https://spinformation.info/all/smartphone-image-sensor/,SP information,,,Medium,,2,,,,0,Xperia XZ2,Sony,Rear Main,2018,Snapdragon 845,https://helpix.ru/isensor/sony_imx400/,Helpix sensor database,https://helpix.ru/sony/xperia_xz2/,High,PHONE:XPERIAXZ2,Not yet matched,,,,,,,,,,,,,,,,
Sony,IMX445,SONY:IMX445,IMX445,,,Canonical product name,12.2,,1/2.55,1.4,,,,,,,,,https://helpix.ru/isensor/,Helpix smartphone sensor index,Added in ultra expansion; mobile-camera sensor index listing.,2019.0,Medium,,0,,,,0,,,,,,,,,,,No phone mapping,,,,,,,,,,,,,,,,
Sony,IMX471,SONY:IMX471,IMX471,,,Canonical product name,16,4608 x 3456,1/3.13,1.0,4in1,,,,RGGB,,,OnePlus 7 Pro; OnePlus 10 Pro,https://spinformation.info/all/smartphone-image-sensor/,SP information,,2019.0,Medium-High,https://helpix.ru/isensor/,2,,,,0,OnePlus 7 Pro,OnePlus,Front Main,2019,Snapdragon 855,https://helpix.ru/oneplus/7_pro/,Helpix phone specification,https://helpix.ru/oneplus/7_pro/,High,PHONE:ONEPLUS7PRO,Not yet matched,,,,,,,,,,,,,,,,
Sony,IMX476,SONY:IMX476,IMX476,,,Canonical product name,20,,1/2.78,1.0,,,,,,,,,https://helpix.ru/isensor/,Helpix smartphone sensor index,Added in ultra expansion; mobile-camera sensor index listing.,2018.0,Medium,,0,,,,0,,,,,,,,,,,No phone mapping,,,,,,,,,,,,,,,,
Sony,IMX480,SONY:IMX480,IMX480,,,Canonical product name,16,,1/3.00,1.0,,,,,,,,,https://helpix.ru/isensor/,Helpix smartphone sensor index,Added in ultra expansion; mobile-camera sensor index listing.,2024.0,Medium,,0,,,,0,,,,,,,,,,,No phone mapping,,,,,,,,,,,,,,,,
Sony,IMX481,SONY:IMX481,IMX481,,,Canonical product name,16,4656 x 3496,1/3.09,1.0,---,,,,RGGB,,,Google Pixel 4; OPPO Find N,https://spinformation.info/all/smartphone-image-sensor/,SP information,,2019.0,Medium-High,https://helpix.ru/isensor/,2,,,,0,Google Pixel 4,Google,Rear Telephoto,2019,Snapdragon 855,https://helpix.ru/google/pixel_4/,Helpix phone specification,https://helpix.ru/google/pixel_4/,High,PHONE:PIXEL4,Not yet matched,,,,,,,,,,,,,,,,
Sony,IMX481,SONY:IMX481,IMX481,,,Canonical product name,16,4656 x 3496,1/3.09,1.0,---,,,,RGGB,,,Google Pixel 4; OPPO Find N,https://spinformation.info/all/smartphone-image-sensor/,SP information,,2019.0,Medium-High,https://helpix.ru/isensor/,2,,,,0,OPPO Find N,OPPO,Rear Ultra-wide,2021,Snapdragon 888,https://helpix.ru/oppo/find_n_5g/,Helpix phone specification,https://helpix.ru/oppo/find_n_5g/,Medium,PHONE:FINDN,Not yet matched,,,,,,,,,,,,,,,,
Sony,IMX486,SONY:IMX486,IMX486,,,Canonical product name,12,4032 x 3016,1/2.9,1.25,---,,,,RGGB,,,Redmi Note 5 Pro; Xiaomi Mi A2,https://spinformation.info/all/smartphone-image-sensor/,SP information,Sensor_Size per https://helpix.ru/isensor/sony_imx486/.,,Medium,https://helpix.ru/isensor/sony_imx486/,2,,,,0,Redmi Note 5 Pro,Xiaomi,Rear Main,2018,Snapdragon 636,https://helpix.ru/xiaomi/redmi_note_5_pro/,Helpix phone specification,https://helpix.ru/xiaomi/redmi_note_5_pro/,Medium,PHONE:REDMINOTE5PRO,Not yet matched,,,,,,,,,,,,,,,,
Sony,IMX486,SONY:IMX486,IMX486,,,Canonical product name,12,4032 x 3016,1/2.9,1.25,---,,,,RGGB,,,Redmi Note 5 Pro; Xiaomi Mi A2,https://spinformation.info/all/smartphone-image-sensor/,SP information,Sensor_Size per https://helpix.ru/isensor/sony_imx486/.,,Medium,https://helpix.ru/isensor/sony_imx486/,2,,,,0,Xiaomi Mi A2,Xiaomi,Rear Main,2018,Snapdragon 660,https://helpix.ru/xiaomi/mi_a2/,Helpix phone specification,https://helpix.ru/xiaomi/mi_a2/,High,PHONE:MIA2,Not yet matched,,,,,,,,,,,,,,,,
Sony,IMX498,SONY:IMX498,IMX498,,,Canonical product name,16,,1/2.80,1.12,,,,,,,,,https://helpix.ru/isensor/,Helpix smartphone sensor index,Added in ultra expansion; mobile-camera sensor index listing.,2017.0,Medium,,0,,,,0,,,,,,,,,,,No phone mapping,,,,,,,,,,,,,,,,
Sony,IMX499,SONY:IMX499,IMX499,,,Canonical product name,16,4608 x 3456,1/2.8,1.12,---,,,,RGGB,,,vivo U20; vivo Z1 Pro,https://spinformation.info/all/smartphone-image-sensor/,SP information,,2018.0,Medium-High,https://helpix.ru/isensor/,2,,,,0,vivo U20,vivo,Unknown,2019,Snapdragon 675,https://spinformation.info/all/smartphone-image-sensor/,Existing master Example_Phones,https://helpix.ru/vivo/u20/,Medium-High,PHONE:U20,Not yet matched,,,,,,,,,,,,,,,,
Sony,IMX499,SONY:IMX499,IMX499,,,Canonical product name,16,4608 x 3456,1/2.8,1.12,---,,,,RGGB,,,vivo U20; vivo Z1 Pro,https://spinformation.info/all/smartphone-image-sensor/,SP information,,2018.0,Medium-High,https://helpix.ru/isensor/,2,,,,0,vivo Z1 Pro,vivo,Rear Main,2019,Snapdragon 712,https://helpix.ru/vivo/z1_pro/,Helpix phone specification,https://helpix.ru/vivo/z1_pro/,High,PHONE:Z1PRO,Not yet matched,,,,,,,,,,,,,,,,
Sony,IMX503,SONY:IMX503,IMX503,,,Canonical product name,12,4032 x 3024,1/2.55,1.4,---,,,,RGGB,,,iPhone 11; iPhone 12,https://spinformation.info/all/smartphone-image-sensor/,SP information,,2019.0,Medium-High,https://helpix.ru/isensor/,2,,,,0,iPhone 11,Apple,Rear Main,2019,A13 Bionic,https://helpix.ru/apple/iphone_11/,Helpix phone specification,https://helpix.ru/apple/iphone_11/,High,PHONE:IPHONE11,Not yet matched,,,,,,,,,,,,,,,,
Sony,IMX503,SONY:IMX503,IMX503,,,Canonical product name,12,4032 x 3024,1/2.55,1.4,---,,,,RGGB,,,iPhone 11; iPhone 12,https://spinformation.info/all/smartphone-image-sensor/,SP information,,2019.0,Medium-High,https://helpix.ru/isensor/,2,,,,0,iPhone 12,Apple,Rear Main,2020,A14 Bionic,https://imagesensor-info.com/en/405/,review,https://helpix.ru/apple/iphone_12/,Medium,PHONE:IPHONE12,Not yet matched,,,,,,,,,,,,,,,,
Sony,IMX506,SONY:IMX506,IMX506,,,Canonical product name,20.2,5472 x 3688,1/1.0,2.41,---,,,,RGGB,,,SHARP AQUOS R6,https://spinformation.info/all/smartphone-image-sensor/,SP information,,2021.0,Medium-High,https://helpix.ru/isensor/,1,,,,0,SHARP AQUOS R6,Sharp,Rear Main,2021,Snapdragon 888,https://helpix.ru/sharp/aquos_r6/,Helpix phone specification,https://helpix.ru/sharp/aquos_r6/,High,PHONE:SHARPAQUOSR6,Not yet matched,,,,,,,,,,,,,,,,
Sony,IMX514,SONY:IMX514,IMX514,,,Canonical product name,12,4032 x 3024,1/3.6,1.0,---,,,,RGGB,,,iPhone 13; iPhone 12,https://spinformation.info/all/smartphone-image-sensor/,SP information,,2020.0,Medium-High,https://helpix.ru/isensor/,2,,,,0,iPhone 12,Apple,Front Main,2020,A14 Bionic,https://helpix.ru/apple/iphone_12/,Helpix phone specification,https://helpix.ru/apple/iphone_12/,High,PHONE:IPHONE12,Not yet matched,,,,,,,,,,,,,,,,
Sony,IMX514,SONY:IMX514,IMX514,,,Canonical product name,12,4032 x 3024,1/3.6,1.0,---,,,,RGGB,,,iPhone 13; iPhone 12,https://spinformation.info/all/smartphone-image-sensor/,SP information,,2020.0,Medium-High,https://helpix.ru/isensor/,2,,,,0,iPhone 13,Apple,Front Main,2021,A15 Bionic,https://helpix.ru/apple/iphone_13/,Helpix phone specification,https://helpix.ru/apple/iphone_13/,High,PHONE:IPHONE13,Not yet matched,,,,,,,,,,,,,,,,
Sony,IMX516,SONY:IMX516,IMX516,,,Canonical product name,0.3,640 x 480,1/2.4,5.0,---,,,,,,,Galaxy S20 Ultra; HUAWEI Mate 40 Pro,https://spinformation.info/all/smartphone-image-sensor/,SP information,,2019.0,Medium-High,https://helpix.ru/isensor/,2,,,,0,Galaxy S20 Ultra,Samsung,Rear Depth,2020,Exynos 990,https://www.techinsights.com/blog/samsung-galaxy-s20-ultra-5g-camera-teardown,review,https://helpix.ru/samsung/galaxy_s20_ultra/,High,PHONE:GALAXYS20ULTRA,Not yet matched,,,,,,,,,,,,,,,,
Sony,IMX516,SONY:IMX516,IMX516,,,Canonical product name,0.3,640 x 480,1/2.4,5.0,---,,,,,,,Galaxy S20 Ultra; HUAWEI Mate 40 Pro,https://spinformation.info/all/smartphone-image-sensor/,SP information,,2019.0,Medium-High,https://helpix.ru/isensor/,2,,,,0,HUAWEI Mate 40 Pro,Huawei,Front Depth,2020,Kirin 9000,https://helpix.ru/huawei/mate_40_pro/,Helpix phone specification,https://helpix.ru/huawei/mate_40_pro_plus/,High,PHONE:MATE40PRO,Not yet matched,,,,,,,,,,,,,,,,
Sony,IMX519,SONY:IMX519,IMX519,,,Canonical product name,16,4656 x 3496,1/2.6,1.22,---,,,,RGGB,,,OnePlus 6T; OPPO Find X,https://spinformation.info/all/smartphone-image-sensor/,SP information,,,Medium,,2,,,,0,OPPO Find X,OPPO,Rear Main,2018,Snapdragon 845,https://helpix.ru/oppo/find_x/,Helpix phone specification,https://helpix.ru/oppo/find_x/,High,PHONE:FINDX,Not yet matched,,,,,,,,,,,,,,,,
Sony,IMX519,SONY:IMX519,IMX519,,,Canonical product name,16,4656 x 3496,1/2.6,1.22,---,,,,RGGB,,,OnePlus 6T; OPPO Find X,https://spinformation.info/all/smartphone-image-sensor/,SP information,,,Medium,,2,,,,0,OnePlus 6T,OnePlus,Rear Main,2018,Snapdragon 845,https://helpix.ru/oneplus/6t/,Helpix phone specification,https://helpix.ru/oneplus/6t/,High,PHONE:ONEPLUS6T,Not yet matched,,,,,,,,,,,,,,,,
Sony,IMX520,SONY:IMX520,IMX520,,,Canonical product name,8,3280 x 2460,1/3.6,1.22,---,,,,RGGB,,,HUAWEI P30 Pro; Google Pixel 4,https://spinformation.info/all/smartphone-image-sensor/,SP information,,2019.0,Medium-High,https://helpix.ru/isensor/,2,,,,0,Google Pixel 4,Google,Front Main,2019,Snapdragon 855,https://helpix.ru/google/pixel_4/,Helpix phone specification,https://helpix.ru/google/pixel_4/,High,PHONE:PIXEL4,Not yet matched,,,,,,,,,,,,,,,,
Sony,IMX520,SONY:IMX520,IMX520,,,Canonical product name,8,3280 x 2460,1/3.6,1.22,---,,,,RGGB,,,HUAWEI P30 Pro; Google Pixel 4,https://spinformation.info/all/smartphone-image-sensor/,SP information,,2019.0,Medium-High,https://helpix.ru/isensor/,2,,,,0,HUAWEI P30 Pro,Huawei,Rear Telephoto,2019,Kirin 980,https://helpix.ru/huawei/p30_pro/,Helpix phone specification,https://helpix.ru/huawei/p30_pro/,High,PHONE:P30PRO,Not yet matched,,,,,,,,,,,,,,,,
Sony,IMX550,SONY:IMX550,IMX550,,,Canonical product name,24.8,5760 x 4312,1/2.78,0.9,4in1,,,,RGGB,,,HONOR 10,https://spinformation.info/all/smartphone-image-sensor/,SP information,,2018.0,Medium-High,https://helpix.ru/isensor/,1,,,,0,HONOR 10,HONOR,Rear Monochrome,2018,Kirin 970,https://helpix.ru/isensor/sony_imx550/,Helpix sensor database,https://helpix.ru/huawei/honor_10/,High,PHONE:10,Not yet matched,,,,,,,,,,,,,,,,
Sony,IMX555,SONY:IMX555,IMX555,,,Canonical product name,12.2,4032 x 3024,1/1.7,1.8,---,,All-pixel PDAF (Dual PD),,RGGB,,,Galaxy S21; Galaxy S20; Xperia 5 II,https://spinformation.info/all/smartphone-image-sensor/,SP information,,2020.0,Medium-High,https://helpix.ru/isensor/,3,,,,0,Galaxy S20,Samsung,Rear Main,2020,Exynos 990,https://helpix.ru/isensor/sony_imx555/,Helpix sensor database,https://helpix.ru/samsung/galaxy_s20/,High,PHONE:GALAXYS20,Not yet matched,,,,,,,,,,,,,,,,
Sony,IMX555,SONY:IMX555,IMX555,,,Canonical product name,12.2,4032 x 3024,1/1.7,1.8,---,,All-pixel PDAF (Dual PD),,RGGB,,,Galaxy S21; Galaxy S20; Xperia 5 II,https://spinformation.info/all/smartphone-image-sensor/,SP information,,2020.0,Medium-High,https://helpix.ru/isensor/,3,,,,0,Galaxy S21,Samsung,Rear Main,2021,Exynos 2100,https://helpix.ru/isensor/sony_imx555/,Helpix sensor database,https://helpix.ru/samsung/galaxy_s21/,High,PHONE:GALAXYS21,Not yet matched,,,,,,,,,,,,,,,,
Sony,IMX555,SONY:IMX555,IMX555,,,Canonical product name,12.2,4032 x 3024,1/1.7,1.8,---,,All-pixel PDAF (Dual PD),,RGGB,,,Galaxy S21; Galaxy S20; Xperia 5 II,https://spinformation.info/all/smartphone-image-sensor/,SP information,,2020.0,Medium-High,https://helpix.ru/isensor/,3,,,,0,Xperia 5 II,Sony,Unknown,2020,Snapdragon 865,https://spinformation.info/all/smartphone-image-sensor/,Existing master Example_Phones,https://helpix.ru/sony/xperia_5_ii/,Medium-High,PHONE:XPERIA5II,Not yet matched,,,,,,,,,,,,,,,,
Sony,IMX557,SONY:IMX557,IMX557,,,Canonical product name,12.2,4032 x 3024,1/1.7,1.8,---,13333e-,All-pixel PDAF (Dual PD),,RGGB,,,Xperia 1 IV; Xperia 1 III; Xperia 5 IV,https://spinformation.info/all/smartphone-image-sensor/,SP information,,,Medium,,3,,,,0,Xperia 1 III,Sony,Rear Main,2021,Snapdragon 888,https://helpix.ru/sony/xperia_1_iii/,Helpix phone specification,https://helpix.ru/sony/xperia_1_iii/,High,PHONE:XPERIA1III,Not yet matched,,,,,,,,,,,,,,,,
Sony,IMX557,SONY:IMX557,IMX557,,,Canonical product name,12.2,4032 x 3024,1/1.7,1.8,---,13333e-,All-pixel PDAF (Dual PD),,RGGB,,,Xperia 1 IV; Xperia 1 III; Xperia 5 IV,https://spinformation.info/all/smartphone-image-sensor/,SP information,,,Medium,,3,,,,0,Xperia 1 IV,Sony,Rear Main,2022,Snapdragon 8 Gen 1,https://helpix.ru/sony/xperia_1_iv/,Helpix phone specification,https://helpix.ru/sony/xperia_1_iv/,High,PHONE:XPERIA1IV,Not yet matched,,,,,,,,,,,,,,,,
Sony,IMX557,SONY:IMX557,IMX557,,,Canonical product name,12.2,4032 x 3024,1/1.7,1.8,---,13333e-,All-pixel PDAF (Dual PD),,RGGB,,,Xperia 1 IV; Xperia 1 III; Xperia 5 IV,https://spinformation.info/all/smartphone-image-sensor/,SP information,,,Medium,,3,,,,0,Xperia 5 IV,Sony,Rear Main,2022,Snapdragon 8 Gen 1,https://helpix.ru/sony/xperia_5_iv/,Helpix phone specification,https://helpix.ru/sony/xperia_5_iv/,High,PHONE:XPERIA5IV,Not yet matched,,,,,,,,,,,,,,,,
Sony,IMX563,SONY:IMX563,IMX563,,,Canonical product name,12.2,4032 x 3024,1/2.55,1.4,---,,All-pixel PDAF (Dual PD),,RGGB,,,Galaxy S22 Ultra; Galaxy Z Flip4,https://spinformation.info/all/smartphone-image-sensor/,SP information,,2019.0,Medium-High,https://helpix.ru/isensor/,2,,,,0,Galaxy S22 Ultra,Samsung,Rear Ultra-wide,2022,Exynos 2200,https://helpix.ru/samsung/galaxy_s22_ultra/,Helpix phone specification,https://helpix.ru/samsung/galaxy_s22_ultra/,High,PHONE:GALAXYS22ULTRA,Not yet matched,,,,,,,,,,,,,,,,
Sony,IMX564,SONY:IMX564,IMX564,,,Canonical product name,12.2,4032 x 3024,1/2.55,1.4,---,,All-pixel PDAF (Dual PD),,RGGB,,,Galaxy S24 Ultra; Galaxy S23; Galaxy Z Fold7,https://spinformation.info/all/smartphone-image-sensor/,SP information,,,Medium,,3,,,,0,Galaxy S23,Samsung,Rear Ultra-wide,2023,Snapdragon 8 Gen 2 for Galaxy,https://helpix.ru/samsung/galaxy_s23/,Helpix phone specification,https://helpix.ru/samsung/galaxy_s23/,High,PHONE:GALAXYS23,Not yet matched,,,,,,,,,,,,,,,,
Sony,IMX564,SONY:IMX564,IMX564,,,Canonical product name,12.2,4032 x 3024,1/2.55,1.4,---,,All-pixel PDAF (Dual PD),,RGGB,,,Galaxy S24 Ultra; Galaxy S23; Galaxy Z Fold7,https://spinformation.info/all/smartphone-image-sensor/,SP information,,,Medium,,3,,,,0,Galaxy Z Fold7,Samsung,Rear Ultra-wide,2025,Snapdragon 8 Elite for Galaxy,https://helpix.ru/samsung/galaxy_z_fold7/,Helpix phone specification,https://helpix.ru/samsung/galaxy_z_fold7/,High,PHONE:GALAXYZFOLD7,Not yet matched,,,,,,,,,,,,,,,,
Sony,IMX576,SONY:IMX576,IMX576,,,Canonical product name,24.8,5760 x 4320,1/2.78,0.9,4in1,,,,RGGB,,,Galaxy A50; OPPO R17; vivo V11,https://spinformation.info/all/smartphone-image-sensor/,SP information,,,Medium,,3,,,,0,Galaxy A50,Samsung,Rear Main,2019,Exynos 9610,https://helpix.ru/samsung/galaxy_a50/,Helpix phone specification,https://helpix.ru/samsung/galaxy_a50/,High,PHONE:GALAXYA50,Not yet matched,,,,,,,,,,,,,,,,
Sony,IMX576,SONY:IMX576,IMX576,,,Canonical product name,24.8,5760 x 4320,1/2.78,0.9,4in1,,,,RGGB,,,Galaxy A50; OPPO R17; vivo V11,https://spinformation.info/all/smartphone-image-sensor/,SP information,,,Medium,,3,,,,0,OPPO R17,OPPO,Unknown,2018,Snapdragon 670,https://spinformation.info/all/smartphone-image-sensor/,Existing master Example_Phones,https://helpix.ru/oppo/r17/,Medium,PHONE:R17,Not yet matched,,,,,,,,,,,,,,,,
Sony,IMX576,SONY:IMX576,IMX576,,,Canonical product name,24.8,5760 x 4320,1/2.78,0.9,4in1,,,,RGGB,,,Galaxy A50; OPPO R17; vivo V11,https://spinformation.info/all/smartphone-image-sensor/,SP information,,,Medium,,3,,,,0,vivo V11,vivo,Unknown,2018,Snapdragon 660,https://spinformation.info/all/smartphone-image-sensor/,Existing master Example_Phones,https://helpix.ru/vivo/v11/,Medium,PHONE:V11,Not yet matched,,,,,,,,,,,,,,,,
Sony,IMX581,SONY:IMX581,IMX581,,,Canonical product name,48,8000 x 6000,1/2.0,0.8,4in1,,PDAF,,RGGB,,,OnePlus 11; OPPO Find N2,https://spinformation.info/all/smartphone-image-sensor/,SP information,,2021.0,Medium-High,https://helpix.ru/isensor/,2,,,,1,OPPO Find N2,OPPO,Rear Ultra-wide,2022.0,Snapdragon 8+ Gen 1,https://helpix.ru/oppo/find_n2/,Helpix phone specification,https://helpix.ru/oppo/find_n2/,High,PHONE:FINDN2,Not yet matched,,,,,,,,,,,,,,,,
Sony,IMX581,SONY:IMX581,IMX581,,,Canonical product name,48,8000 x 6000,1/2.0,0.8,4in1,,PDAF,,RGGB,,,OnePlus 11; OPPO Find N2,https://spinformation.info/all/smartphone-image-sensor/,SP information,,2021.0,Medium-High,https://helpix.ru/isensor/,2,,,,1,OnePlus 11,OnePlus,Rear Ultra-wide,2023.0,Snapdragon 8 Gen 2,https://helpix.ru/oneplus/11/,Helpix phone specification,https://en.wikipedia.org/wiki/OnePlus_11,High,PHONE:ONEPLUS11,Not yet matched,,,,,,,,,,,,,,,,
Sony,IMX582,SONY:IMX582,IMX582,,,Canonical product name,48,8000 x 6000,1/2.0,0.8,4in1,,PDAF (2x1 OCL),,RGGB,,,POCO F3; Redmi K40; Xperia 10 VI,https://spinformation.info/all/smartphone-image-sensor/,SP information,,,Medium,,3,,,,0,POCO F3,Xiaomi,Rear Main,2021,Snapdragon 870,https://helpix.ru/xiaomi/poco_f3/,Helpix phone specification,https://helpix.ru/xiaomi/poco_f3/,High,PHONE:POCOF3,Not yet matched,,,,,,,,,,,,,,,,
Sony,IMX582,SONY:IMX582,IMX582,,,Canonical product name,48,8000 x 6000,1/2.0,0.8,4in1,,PDAF (2x1 OCL),,RGGB,,,POCO F3; Redmi K40; Xperia 10 VI,https://spinformation.info/all/smartphone-image-sensor/,SP information,,,Medium,,3,,,,0,Redmi K40,Xiaomi,Rear Main,2021,Snapdragon 870,https://helpix.ru/xiaomi/redmi_k40/,Helpix phone specification,https://helpix.ru/xiaomi/redmi_k40/,High,PHONE:REDMIK40,Not yet matched,,,,,,,,,,,,,,,,
Sony,IMX582,SONY:IMX582,IMX582,,,Canonical product name,48,8000 x 6000,1/2.0,0.8,4in1,,PDAF (2x1 OCL),,RGGB,,,POCO F3; Redmi K40; Xperia 10 VI,https://spinformation.info/all/smartphone-image-sensor/,SP information,,,Medium,,3,,,,0,Xperia 10 VI,Sony,Rear Main,2024,Snapdragon 6 Gen 1,https://helpix.ru/sony/xperia_10_vi/,Helpix phone specification,https://helpix.ru/sony/xperia_10_vi/,High,PHONE:XPERIA10VI,Not yet matched,,,,,,,,,,,,,,,,
Sony,IMX586,SONY:IMX586,IMX586,,,Canonical product name,48,8000 x 6000,1/2.0,0.8,4in1,4500e-,PDAF (2x1 OCL),,RGGB,,,Xiaomi Mi 9; Redmi Note 7 Pro; Google Pixel Fold,https://spinformation.info/all/smartphone-image-sensor/,SP information,,,Medium,,5,Rear Ultra-wide; Rear Main,2022.0,2026.0,0,Google Pixel Fold,Google,Unknown,2023,Tensor G2,https://spinformation.info/all/smartphone-image-sensor/,Existing master Example_Phones,https://helpix.ru/google/pixel_fold/,Medium,PHONE:PIXELFOLD,Not yet matched,,,,,,,,,,,,,,,,
Sony,IMX586,SONY:IMX586,IMX586,,,Canonical product name,48,8000 x 6000,1/2.0,0.8,4in1,4500e-,PDAF (2x1 OCL),,RGGB,,,Xiaomi Mi 9; Redmi Note 7 Pro; Google Pixel Fold,https://spinformation.info/all/smartphone-image-sensor/,SP information,,,Medium,,5,Rear Ultra-wide; Rear Main,2022.0,2026.0,0,Redmi Note 7 Pro,Xiaomi,Rear Main,2019,Snapdragon 675AIE,https://helpix.ru/xiaomi/redmi_note_7_pro/,Helpix phone specification,https://helpix.ru/xiaomi/redmi_note_7_pro/,High,PHONE:REDMINOTE7PRO,Not yet matched,,,,,,,,,,,,,,,,
Sony,IMX586,SONY:IMX586,IMX586,,,Canonical product name,48,8000 x 6000,1/2.0,0.8,4in1,4500e-,PDAF (2x1 OCL),,RGGB,,,Xiaomi Mi 9; Redmi Note 7 Pro; Google Pixel Fold,https://spinformation.info/all/smartphone-image-sensor/,SP information,,,Medium,,5,Rear Ultra-wide; Rear Main,2022.0,2026.0,0,Xiaomi Mi 9,Xiaomi,Rear Main,2019,Snapdragon 855,https://helpix.ru/xiaomi/mi_9/,Helpix phone specification,https://helpix.ru/xiaomi/mi_9/,High,PHONE:MI9,Not yet matched,,,,,,,,,,,,,,,,
Sony,IMX586,SONY:IMX586,IMX586,,,Canonical product name,48,8000 x 6000,1/2.0,0.8,4in1,4500e-,PDAF (2x1 OCL),,RGGB,,,Xiaomi Mi 9; Redmi Note 7 Pro; Google Pixel Fold,https://spinformation.info/all/smartphone-image-sensor/,SP information,,,Medium,,5,Rear Ultra-wide; Rear Main,2022.0,2026.0,0,Hisense Infinity H60 Lite,Hisense,Rear Main,2022.0,,https://helpix.ru/isensor/sony_imx586/,Helpix sensor-phone mapping,,High,PHONE:HISENSEINFINITYH60LITE,Not yet matched,,,,,,,,,,,,,,,,
Sony,IMX586,SONY:IMX586,IMX586,,,Canonical product name,48,8000 x 6000,1/2.0,0.8,4in1,4500e-,PDAF (2x1 OCL),,RGGB,,,Xiaomi Mi 9; Redmi Note 7 Pro; Google Pixel Fold,https://spinformation.info/all/smartphone-image-sensor/,SP information,,,Medium,,5,Rear Ultra-wide; Rear Main,2022.0,2026.0,0,FOSSiBOT F116 Pro,FOSSiBOT,Rear Ultra-wide,2026.0,,https://helpix.ru/isensor/sony_imx586/,Helpix sensor-phone mapping,,High,PHONE:FOSSIBOTF116PRO,Not yet matched,,,,,,,,,,,,,,,,
Sony,IMX590,SONY:IMX590,IMX590,,,Canonical product name,12,,1/3.4,1.0,---,,,,,,,iPhone 14 Pro; iPhone 13 Pro; iPhone 12 Pro,https://spinformation.info/all/smartphone-image-sensor/,SP information,,2020.0,Medium-High,https://helpix.ru/isensor/,3,,,,0,iPhone 12 Pro,Apple,Rear Depth,2020,A14 Bionic,https://helpix.ru/apple/iphone_12_pro/,Helpix phone specification,https://helpix.ru/apple/iphone_12_pro/,High,PHONE:IPHONE12PRO,Not yet matched,,,,,,,,,,,,,,,,
Sony,IMX590,SONY:IMX590,IMX590,,,Canonical product name,12,,1/3.4,1.0,---,,,,,,,iPhone 14 Pro; iPhone 13 Pro; iPhone 12 Pro,https://spinformation.info/all/smartphone-image-sensor/,SP information,,2020.0,Medium-High,https://helpix.ru/isensor/,3,,,,0,iPhone 13 Pro,Apple,Rear Depth,2021,A15 Bionic,https://helpix.ru/apple/iphone_13_pro/,Helpix phone specification,https://helpix.ru/apple/iphone_13_pro/,High,PHONE:IPHONE13PRO,Not yet matched,,,,,,,,,,,,,,,,
Sony,IMX590,SONY:IMX590,IMX590,,,Canonical product name,12,,1/3.4,1.0,---,,,,,,,iPhone 14 Pro; iPhone 13 Pro; iPhone 12 Pro,https://spinformation.info/all/smartphone-image-sensor/,SP information,,2020.0,Medium-High,https://helpix.ru/isensor/,3,,,,0,iPhone 14 Pro,Apple,Rear Depth,2022,A16 Bionic,https://helpix.ru/apple/iphone_14_pro/,Helpix phone specification,https://helpix.ru/apple/iphone_14_pro/,High,PHONE:IPHONE14PRO,Not yet matched,,,,,,,,,,,,,,,,
Sony,IMX596,SONY:IMX596,IMX596,,,Canonical product name,20,,1/3.4,0.8,4in1,,,,RGGB,,,Redmi K50 Pro; POCO F4,https://spinformation.info/all/smartphone-image-sensor/,SP information,,2022.0,Medium-High,https://helpix.ru/isensor/,2,,,,0,POCO F4,Xiaomi,Front Main,2022,Snapdragon 870,https://helpix.ru/xiaomi/poco_f4/,Helpix phone specification,https://helpix.ru/xiaomi/poco_f4/,High,PHONE:POCOF4,Not yet matched,,,,,,,,,,,,,,,,
Sony,IMX596,SONY:IMX596,IMX596,,,Canonical product name,20,,1/3.4,0.8,4in1,,,,RGGB,,,Redmi K50 Pro; POCO F4,https://spinformation.info/all/smartphone-image-sensor/,SP information,,2022.0,Medium-High,https://helpix.ru/isensor/,2,,,,0,Redmi K50 Pro,Xiaomi,Front Main,2022,Dimensity 9000,https://helpix.ru/xiaomi/redmi_k50_pro/,Helpix phone specification,https://helpix.ru/xiaomi/redmi_k50_pro/,High,PHONE:REDMIK50PRO,Not yet matched,,,,,,,,,,,,,,,,
Sony,IMX598,SONY:IMX598,IMX598,,,Canonical product name,48,8000 x 6000,1/2.0,0.8,4in1,,PDAF (2x1 OCL),,RGGB,,,vivo X60 Pro+; vivo X80 Pro; iQOO 8 Pro,https://spinformation.info/all/smartphone-image-sensor/,SP information,,,Medium,,3,,,,0,iQOO 8 Pro,iQOO,Rear Ultra-wide,2021,Snapdragon 888+,https://helpix.ru/vivo/iqoo_8_pro/,Helpix phone specification,https://helpix.ru/vivo/iqoo_8_pro/,High,PHONE:IQOO8PRO,Not yet matched,,,,,,,,,,,,,,,,
Sony,IMX598,SONY:IMX598,IMX598,,,Canonical product name,48,8000 x 6000,1/2.0,0.8,4in1,,PDAF (2x1 OCL),,RGGB,,,vivo X60 Pro+; vivo X80 Pro; iQOO 8 Pro,https://spinformation.info/all/smartphone-image-sensor/,SP information,,,Medium,,3,,,,0,vivo X60 Pro+,vivo,Rear Ultra-wide,2021,Snapdragon 888,https://helpix.ru/vivo/x60_pro_plus_5g/,Helpix phone specification,https://helpix.ru/vivo/x60_pro_plus_5g/,Medium,PHONE:X60PRO,Not yet matched,,,,,,,,,,,,,,,,
Sony,IMX598,SONY:IMX598,IMX598,,,Canonical product name,48,8000 x 6000,1/2.0,0.8,4in1,,PDAF (2x1 OCL),,RGGB,,,vivo X60 Pro+; vivo X80 Pro; iQOO 8 Pro,https://spinformation.info/all/smartphone-image-sensor/,SP information,,,Medium,,3,,,,0,vivo X80 Pro,vivo,Rear Ultra-wide,2022,Snapdragon 8 Gen 1,https://helpix.ru/vivo/x80_pro/,Helpix phone specification,https://helpix.ru/vivo/x80_pro/,High,PHONE:X80PRO,Not yet matched,,,,,,,,,,,,,,,,
Sony,IMX600,SONY:IMX600,IMX600,,,Canonical product name,40,7296 x 5472,1/1.74,1.0,4in1,,PDAF (Masked),,RGGB,,,HUAWEI P20 Pro; Mate 20 Pro,https://spinformation.info/all/smartphone-image-sensor/,SP information,,,Medium,,2,,,,0,HUAWEI P20 Pro,Huawei,Rear Main,2018,Kirin 970,https://helpix.ru/huawei/p20_pro/,Helpix phone specification,https://helpix.ru/huawei/p20_pro/,High,PHONE:P20PRO,Not yet matched,,,,,,,,,,,,,,,,
Sony,IMX600,SONY:IMX600,IMX600,,,Canonical product name,40,7296 x 5472,1/1.74,1.0,4in1,,PDAF (Masked),,RGGB,,,HUAWEI P20 Pro; Mate 20 Pro,https://spinformation.info/all/smartphone-image-sensor/,SP information,,,Medium,,2,,,,0,Mate 20 Pro,Huawei,Rear Main,2018,Kirin 980,https://helpix.ru/huawei/mate_20_pro/,Helpix phone specification,https://helpix.ru/huawei/mate_20_pro/,High,PHONE:MATE20PRO,Not yet matched,,,,,,,,,,,,,,,,
Sony,IMX600Y,SONY:IMX600Y,IMX600Y,,,Canonical product name,40,7296 x 5472,1/1.74,1.0,4in1,,PDAF (Masked),,RYYB,,,HUAWEI P30 Pro; Mate 30 Pro,https://spinformation.info/all/smartphone-image-sensor/,SP information,,,Medium,,2,,,,0,HUAWEI P30 Pro,Huawei,Rear Main,2019,Kirin 980,https://helpix.ru/huawei/p30_pro/,Helpix phone specification,https://helpix.ru/huawei/p30_pro/,High,PHONE:P30PRO,Not yet matched,,,,,,,,,,,,,,,,
Sony,IMX600Y,SONY:IMX600Y,IMX600Y,,,Canonical product name,40,7296 x 5472,1/1.74,1.0,4in1,,PDAF (Masked),,RYYB,,,HUAWEI P30 Pro; Mate 30 Pro,https://spinformation.info/all/smartphone-image-sensor/,SP information,,,Medium,,2,,,,0,Mate 30 Pro,Huawei,Rear Main,2019,Kirin 990,https://helpix.ru/huawei/mate_30_pro/,Helpix phone specification,https://helpix.ru/huawei/mate_30_pro/,High,PHONE:MATE30PRO,Not yet matched,,,,,,,,,,,,,,,,
Sony,IMX603,SONY:IMX603,IMX603,,,Canonical product name,12,4032 x 3024,1/1.88,1.7,---,,All-pixel PDAF (Dual PD),,RGGB,,,iPhone 12 Pro Max,https://spinformation.info/all/smartphone-image-sensor/,SP information,,2020.0,Medium-High,https://helpix.ru/isensor/,1,,,,0,iPhone 12 Pro Max,Apple,Rear Main,2020,A14 Bionic,https://helpix.ru/apple/iphone_12_pro_max/,Helpix phone specification,https://helpix.ru/apple/iphone_12_pro_max/,High,PHONE:IPHONE12PROMAX,Not yet matched,,,,,,,,,,,,,,,,
Sony,IMX608,SONY:IMX608,IMX608,,,Canonical product name,40,,1/1.54,1.12,,,,,,,,,https://helpix.ru/isensor/,Helpix smartphone sensor index,Added in ultra expansion; mobile-camera sensor index listing.,2019.0,Medium,,0,,,,0,,,,,,,,,,,No phone mapping,,,,,,,,,,,,,,,,
Sony,IMX613,SONY:IMX613,IMX613,,,Canonical product name,12,4032 x 3024,1/3.6,1.0,---,,PDAF,,RGGB,,,iPhone 12 Pro Max,https://spinformation.info/all/smartphone-image-sensor/,SP information,,2020.0,Medium-High,https://helpix.ru/isensor/,1,,,,0,iPhone 12 Pro Max,Apple,Rear Telephoto,2020,A14 Bionic,https://helpix.ru/apple/iphone_12_pro_max/,Helpix phone specification,https://helpix.ru/apple/iphone_12_pro_max/,High,PHONE:IPHONE12PROMAX,Not yet matched,,,,,,,,,,,,,,,,
Sony,IMX615,SONY:IMX615,IMX615,,,Canonical product name,32,6560 x 4928,1/2.74,0.8,4in1,,,,RGGB,,,Realme 11 Pro+,https://spinformation.info/all/smartphone-image-sensor/,SP information,,,Medium,,1,,,,0,Realme 11 Pro+,Realme,Front Main,2023,Dimensity 7050,https://helpix.ru/realme/11_pro_plus/,Helpix phone specification,https://helpix.ru/realme/11_pro_plus/,High,PHONE:REALME11PRO,Not yet matched,,,,,,,,,,,,,,,,
Sony,IMX616,SONY:IMX616,IMX616,,,Canonical product name,32,6528 x 4896,1/2.74,0.8,4in1,,PDAF,,RGGB,,,OnePlus Nord; OPPO Find X2 Pro; Galaxy M31,https://spinformation.info/all/smartphone-image-sensor/,SP information,,,Medium,,3,,,,0,Galaxy M31,Samsung,Front Main,2020,Exynos 9611,https://www.fonearena.com/blog/306496/samsung-galaxy-m31-review.html,review,https://helpix.ru/samsung/galaxy_m31/,Medium,PHONE:GALAXYM31,Not yet matched,,,,,,,,,,,,,,,,
Sony,IMX616,SONY:IMX616,IMX616,,,Canonical product name,32,6528 x 4896,1/2.74,0.8,4in1,,PDAF,,RGGB,,,OnePlus Nord; OPPO Find X2 Pro; Galaxy M31,https://spinformation.info/all/smartphone-image-sensor/,SP information,,,Medium,,3,,,,0,OPPO Find X2 Pro,OPPO,Front Main,2020,Snapdragon 865,https://helpix.ru/oppo/find_x2_pro/,Helpix phone specification,https://helpix.ru/oppo/find_x2_pro/,High,PHONE:FINDX2PRO,Not yet matched,,,,,,,,,,,,,,,,
Sony,IMX616,SONY:IMX616,IMX616,,,Canonical product name,32,6528 x 4896,1/2.74,0.8,4in1,,PDAF,,RGGB,,,OnePlus Nord; OPPO Find X2 Pro; Galaxy M31,https://spinformation.info/all/smartphone-image-sensor/,SP information,,,Medium,,3,,,,0,OnePlus Nord,OnePlus,Front Main,2020,Snapdragon 765G,https://helpix.ru/isensor/sony_imx616/,Helpix sensor database,https://helpix.ru/oneplus/nord/,High,PHONE:ONEPLUSNORD,Not yet matched,,,,,,,,,,,,,,,,
Sony,IMX633,SONY:IMX633,IMX633,,,Canonical product name,12,4032 x 3024,1/2.55,1.4,---,,All-pixel PDAF (DualPD),,RGGB,,,iPhone 16; iPhone 16 Plus; iPhone 14 Pro,https://spinformation.info/all/smartphone-image-sensor/,SP information,,,Medium,,3,,,,0,iPhone 14 Pro,Apple,Rear Ultra-wide,2022,A16 Bionic,https://helpix.ru/apple/iphone_14_pro/,Helpix phone specification,https://helpix.ru/apple/iphone_14_pro/,High,PHONE:IPHONE14PRO,Not yet matched,,,,,,,,,,,,,,,,
Sony,IMX633,SONY:IMX633,IMX633,,,Canonical product name,12,4032 x 3024,1/2.55,1.4,---,,All-pixel PDAF (DualPD),,RGGB,,,iPhone 16; iPhone 16 Plus; iPhone 14 Pro,https://spinformation.info/all/smartphone-image-sensor/,SP information,,,Medium,,3,,,,0,iPhone 16,Apple,Rear Ultra-wide,2024,A18,https://helpix.ru/apple/iphone_16/,Helpix phone specification,https://helpix.ru/apple/iphone_16/,High,PHONE:IPHONE16,Not yet matched,,,,,,,,,,,,,,,,
Sony,IMX633,SONY:IMX633,IMX633,,,Canonical product name,12,4032 x 3024,1/2.55,1.4,---,,All-pixel PDAF (DualPD),,RGGB,,,iPhone 16; iPhone 16 Plus; iPhone 14 Pro,https://spinformation.info/all/smartphone-image-sensor/,SP information,,,Medium,,3,,,,0,iPhone 16 Plus,Apple,Unknown,2024,A18,https://spinformation.info/all/smartphone-image-sensor/,Existing master Example_Phones,https://helpix.ru/apple/iphone_16_plus/,Medium,PHONE:IPHONE16PLUS,Not yet matched,,,,,,,,,,,,,,,,
Sony,IMX650,SONY:IMX650,IMX650,,,Canonical product name,12,,1/3.5,1.0,---,,PDAF,,RGGB,,,Xperia 1 VII; Xperia 1 VI; Xperia 1 IV,https://spinformation.info/all/smartphone-image-sensor/,SP information,,,Medium,,3,,,,0,Xperia 1 IV,Sony,Rear Telephoto,2022,Snapdragon 8 Gen 1,https://helpix.ru/sony/xperia_1_iv/,Helpix phone specification,https://helpix.ru/sony/xperia_1_iv/,High,PHONE:XPERIA1IV,Not yet matched,,,,,,,,,,,,,,,,
Sony,IMX650,SONY:IMX650,IMX650,,,Canonical product name,12,,1/3.5,1.0,---,,PDAF,,RGGB,,,Xperia 1 VII; Xperia 1 VI; Xperia 1 IV,https://spinformation.info/all/smartphone-image-sensor/,SP information,,,Medium,,3,,,,0,Xperia 1 VI,Sony,Rear Telephoto,2024,Snapdragon 8 Gen 3,https://helpix.ru/sony/xperia_1_vi/,Helpix phone specification,https://helpix.ru/sony/xperia_1_vi/,High,PHONE:XPERIA1VI,Not yet matched,,,,,,,,,,,,,,,,
Sony,IMX650,SONY:IMX650,IMX650,,,Canonical product name,12,,1/3.5,1.0,---,,PDAF,,RGGB,,,Xperia 1 VII; Xperia 1 VI; Xperia 1 IV,https://spinformation.info/all/smartphone-image-sensor/,SP information,,,Medium,,3,,,,0,Xperia 1 VII,Sony,Rear Telephoto,2025,Snapdragon 8 Elite,https://helpix.ru/sony/xperia_1_vii/,Helpix phone specification,https://helpix.ru/sony/xperia_1_vii/,High,PHONE:XPERIA1VII,Not yet matched,,,,,,,,,,,,,,,,
Sony,IMX663,SONY:IMX663,IMX663,,,Canonical product name,12,4032 x 3016,1/2.93,1.22,---,,All-pixel PDAF (DualPD),,RGGB,,,vivo X90 Pro; Xperia 1 III; Zenfone 9,https://spinformation.info/all/smartphone-image-sensor/,SP information,,,Medium,,3,,,,0,Xperia 1 III,Sony,Rear Telephoto,2021,Snapdragon 888,https://helpix.ru/sony/xperia_1_iii/,Helpix phone specification,https://helpix.ru/sony/xperia_1_iii/,High,PHONE:XPERIA1III,Not yet matched,,,,,,,,,,,,,,,,
Sony,IMX663,SONY:IMX663,IMX663,,,Canonical product name,12,4032 x 3016,1/2.93,1.22,---,,All-pixel PDAF (DualPD),,RGGB,,,vivo X90 Pro; Xperia 1 III; Zenfone 9,https://spinformation.info/all/smartphone-image-sensor/,SP information,,,Medium,,3,,,,0,Zenfone 9,ASUS,Front Main,2022,Snapdragon 8+ Gen 1,https://helpix.ru/asus/zenfone_9/,Helpix phone specification,https://helpix.ru/asus/zenfone_9/,High,PHONE:ZENFONE9,Not yet matched,,,,,,,,,,,,,,,,
Sony,IMX663,SONY:IMX663,IMX663,,,Canonical product name,12,4032 x 3016,1/2.93,1.22,---,,All-pixel PDAF (DualPD),,RGGB,,,vivo X90 Pro; Xperia 1 III; Zenfone 9,https://spinformation.info/all/smartphone-image-sensor/,SP information,,,Medium,,3,,,,0,vivo X90 Pro,vivo,Rear Ultra-wide,2022,Dimensity 9200,https://helpix.ru/vivo/x90_pro/,Helpix phone specification,https://helpix.ru/vivo/x90_pro/,High,PHONE:X90PRO,Not yet matched,,,,,,,,,,,,,,,,
Sony,IMX682,SONY:IMX682,IMX682,,,Canonical product name,64,9248 x 6944,1/1.73,0.8,4in1,,PDAF (2x1 OCL),,RGGB,,,POCO X3; Redmi K30 Ultra; Galaxy A52s 5G,https://spinformation.info/all/smartphone-image-sensor/,SP information,,,Medium,,3,,,,0,Galaxy A52s 5G,Samsung,Rear Main,2021,Snapdragon 778G,https://helpix.ru/isensor/sony_imx682/,Helpix sensor database,https://helpix.ru/samsung/galaxy_a52s_5g/,High,PHONE:GALAXYA52S5G,Not yet matched,,,,,,,,,,,,,,,,
Sony,IMX682,SONY:IMX682,IMX682,,,Canonical product name,64,9248 x 6944,1/1.73,0.8,4in1,,PDAF (2x1 OCL),,RGGB,,,POCO X3; Redmi K30 Ultra; Galaxy A52s 5G,https://spinformation.info/all/smartphone-image-sensor/,SP information,,,Medium,,3,,,,0,POCO X3,Xiaomi,Rear Main,2020,Snapdragon 732G,https://helpix.ru/xiaomi/poco_x3/,Helpix phone specification,https://helpix.ru/xiaomi/poco_x3/,Medium,PHONE:POCOX3,Not yet matched,,,,,,,,,,,,,,,,
Sony,IMX682,SONY:IMX682,IMX682,,,Canonical product name,64,9248 x 6944,1/1.73,0.8,4in1,,PDAF (2x1 OCL),,RGGB,,,POCO X3; Redmi K30 Ultra; Galaxy A52s 5G,https://spinformation.info/all/smartphone-image-sensor/,SP information,,,Medium,,3,,,,0,Redmi K30 Ultra,Xiaomi,Rear Main,2020,Dimensity 1000+,https://helpix.ru/xiaomi/redmi_k30_ultra/,Helpix phone specification,https://helpix.ru/xiaomi/redmi_k30_ultra/,High,PHONE:REDMIK30ULTRA,Not yet matched,,,,,,,,,,,,,,,,
Sony,IMX688,SONY:IMX688,IMX688,,,Canonical product name,13,,1/2.80,1.22,,,,,,,,,https://helpix.ru/isensor/,Helpix smartphone sensor index,Added in ultra expansion; mobile-camera sensor index listing.,2020.0,Medium,,0,,,,0,,,,,,,,,,,No phone mapping,,,,,,,,,,,,,,,,
Sony,IMX703,SONY:IMX703,IMX703,,,Canonical product name,12.2,,1/1.65,1.9,,,,,,,,,https://helpix.ru/isensor/,Helpix smartphone sensor index,Added in ultra expansion; mobile-camera sensor index listing.,2021.0,Medium,,0,,,,0,,,,,,,,,,,No phone mapping,,,,,,,,,,,,,,,,
Sony,IMX708,SONY:IMX708,IMX708,,,Canonical product name,12.2,,1/2.55,1.4,,,,,,,,,https://helpix.ru/isensor/,Helpix smartphone sensor index,Added in ultra expansion; mobile-camera sensor index listing.,2020.0,Medium,,0,,,,0,,,,,,,,,,,No phone mapping,,,,,,,,,,,,,,,,
Sony,IMX709,SONY:IMX709,IMX709,,,Canonical product name,32,,1/2.74,0.8,,,,DOL-HDR,RGBW,,,OPPO Find X6 Pro; Realme 12 Pro,https://spinformation.info/all/smartphone-image-sensor/,Existing catalog / official + SP information,,2021.0,High,https://helpix.ru/isensor/,2,,,,0,Realme 12 Pro,Realme,Rear Telephoto,2024,Snapdragon 6 Gen 1,https://helpix.ru/realme/12_pro/,Helpix phone specification,https://helpix.ru/realme/12_pro/,High,PHONE:REALME12PRO,Not yet matched,,,,,,,,,,,,,,,,
Sony,IMX709,SONY:IMX709,IMX709,,,Canonical product name,32,,1/2.74,0.8,,,,DOL-HDR,RGBW,,,OPPO Find X6 Pro; Realme 12 Pro,https://spinformation.info/all/smartphone-image-sensor/,Existing catalog / official + SP information,,2021.0,High,https://helpix.ru/isensor/,2,,,,0,OPPO Find X6 Pro,OPPO,Front Main,2023.0,Snapdragon 8 Gen 2,https://helpix.ru/oppo/find_x6_pro/,Helpix phone specification,https://helpix.ru/oppo/find_x6_pro/,High,PHONE:FINDX6PRO,Not yet matched,,,,,,,,,,,,,,,,
Sony,IMX712,SONY:IMX712,IMX712,,,Canonical product name,13,,1/3.10,,,,PDAF,,RGGB,,,Google Pixel 7a; Pixel 8a; Pixel 9a; Pixel 10,https://spinformation.info/all/smartphone-image-sensor/,Existing catalog / official + SP information,,,High,https://helpix.ru/isensor/,4,,,,0,Google Pixel 7a,Google,Front Main + Rear Ultra-wide,2023,Tensor G2,https://helpix.ru/google/pixel_7a/,Helpix phone specification,https://helpix.ru/google/pixel_7a/,High,PHONE:PIXEL7A,Not yet matched,,,,,,,,,,,,,,,,
Sony,IMX712,SONY:IMX712,IMX712,,,Canonical product name,13,,1/3.10,,,,PDAF,,RGGB,,,Google Pixel 7a; Pixel 8a; Pixel 9a; Pixel 10,https://spinformation.info/all/smartphone-image-sensor/,Existing catalog / official + SP information,,,High,https://helpix.ru/isensor/,4,,,,0,Pixel 10,Google,Rear Ultra-wide,2025,Tensor G5,https://helpix.ru/google/pixel_10/,Helpix phone specification,https://helpix.ru/google/pixel_10/,High,PHONE:PIXEL10,Not yet matched,,,,,,,,,,,,,,,,
Sony,IMX712,SONY:IMX712,IMX712,,,Canonical product name,13,,1/3.10,,,,PDAF,,RGGB,,,Google Pixel 7a; Pixel 8a; Pixel 9a; Pixel 10,https://spinformation.info/all/smartphone-image-sensor/,Existing catalog / official + SP information,,,High,https://helpix.ru/isensor/,4,,,,0,Pixel 8a,Google,Unknown,2024,Tensor G3,https://spinformation.info/all/smartphone-image-sensor/,Existing master Example_Phones,https://helpix.ru/google/pixel_8a/,High,PHONE:PIXEL8A,Not yet matched,,,,,,,,,,,,,,,,
Sony,IMX712,SONY:IMX712,IMX712,,,Canonical product name,13,,1/3.10,,,,PDAF,,RGGB,,,Google Pixel 7a; Pixel 8a; Pixel 9a; Pixel 10,https://spinformation.info/all/smartphone-image-sensor/,Existing catalog / official + SP information,,,High,https://helpix.ru/isensor/,4,,,,0,Pixel 9a,Google,Front Main + Rear Ultra-wide,2025,Tensor G4,https://www.fonearena.com/blog/452198/google-pixel-9a-review.html,review,https://helpix.ru/google/pixel_9a/,Medium,PHONE:PIXEL9A,Not yet matched,,,,,,,,,,,,,,,,
Sony,IMX713,SONY:IMX713,IMX713,,,Canonical product name,12,,1/3.5,1.0,,,PDAF,,RGGB,,,iPhone 14 Pro; iPhone 14 Pro Max,https://spinformation.info/all/smartphone-image-sensor/,Existing catalog / official + SP information,,2021.0,High,https://helpix.ru/isensor/,2,,,,0,iPhone 14 Pro,Apple,Rear Telephoto,2022,A16 Bionic,https://helpix.ru/apple/iphone_14_pro/,Helpix phone specification,https://helpix.ru/apple/iphone_14_pro/,High,PHONE:IPHONE14PRO,Not yet matched,,,,,,,,,,,,,,,,
Sony,IMX713,SONY:IMX713,IMX713,,,Canonical product name,12,,1/3.5,1.0,,,PDAF,,RGGB,,,iPhone 14 Pro; iPhone 14 Pro Max,https://spinformation.info/all/smartphone-image-sensor/,Existing catalog / official + SP information,,2021.0,High,https://helpix.ru/isensor/,2,,,,0,iPhone 14 Pro Max,Apple,Rear Telephoto,2022,A16 Bionic,https://helpix.ru/apple/iphone_14_pro_max/,Helpix phone specification,https://helpix.ru/apple/iphone_14_pro_max/,High,PHONE:IPHONE14PROMAX,Not yet matched,,,,,,,,,,,,,,,,
Sony,IMX714,SONY:IMX714,IMX714,,,Canonical product name,12,,1/3.5,1.0,,,PDAF,,RGGB,,,iPhone 14 Pro; iPhone 14 Pro Max,https://spinformation.info/all/smartphone-image-sensor/,Existing catalog / official + SP information,,2022.0,High,https://helpix.ru/isensor/,2,,,,0,iPhone 14 Pro,Apple,Front Main,2022,A16 Bionic,https://helpix.ru/apple/iphone_14_pro/,Helpix phone specification,https://helpix.ru/apple/iphone_14_pro/,High,PHONE:IPHONE14PRO,Not yet matched,,,,,,,,,,,,,,,,
Sony,IMX714,SONY:IMX714,IMX714,,,Canonical product name,12,,1/3.5,1.0,,,PDAF,,RGGB,,,iPhone 14 Pro; iPhone 14 Pro Max,https://spinformation.info/all/smartphone-image-sensor/,Existing catalog / official + SP information,,2022.0,High,https://helpix.ru/isensor/,2,,,,0,iPhone 14 Pro Max,Apple,Front Main,2022,A16 Bionic,https://helpix.ru/apple/iphone_14_pro_max/,Helpix phone specification,https://helpix.ru/apple/iphone_14_pro_max/,High,PHONE:IPHONE14PROMAX,Not yet matched,,,,,,,,,,,,,,,,
Sony,IMX718,SONY:IMX718,IMX718,,,Canonical product name,20,,1/1.54,1.6,,,PDAF,,RGGB,,,HUAWEI Mate 40 Pro; Mate 40 Pro+,https://spinformation.info/all/smartphone-image-sensor/,Existing catalog / official + SP information,,2020.0,High,https://helpix.ru/isensor/,2,,,,0,HUAWEI Mate 40 Pro,Huawei,Rear Ultra-wide,2020,Kirin 9000,https://helpix.ru/huawei/mate_40_pro/,Helpix phone specification,https://helpix.ru/huawei/mate_40_pro_plus/,High,PHONE:MATE40PRO,Not yet matched,,,,,,,,,,,,,,,,
Sony,IMX718,SONY:IMX718,IMX718,,,Canonical product name,20,,1/1.54,1.6,,,PDAF,,RGGB,,,HUAWEI Mate 40 Pro; Mate 40 Pro+,https://spinformation.info/all/smartphone-image-sensor/,Existing catalog / official + SP information,,2020.0,High,https://helpix.ru/isensor/,2,,,,0,Mate 40 Pro+,Huawei,Rear Ultra-wide,2020,Kirin 9000,https://helpix.ru/huawei/mate_40_pro_plus/,Helpix phone specification,https://helpix.ru/huawei/mate_40_pro_plus/,High,PHONE:MATE40PROPLUS,Not yet matched,,,,,,,,,,,,,,,,
Sony,IMX752,SONY:IMX752,IMX752,,,Canonical product name,50,,,0.7,,,,,,,,,https://helpix.ru/isensor/,Helpix smartphone sensor index,Added in ultra expansion; mobile-camera sensor index listing.,2025.0,Medium,,0,,,,0,,,,,,,,,,,No phone mapping,,,,,,,,,,,,,,,,
Sony,IMX754,SONY:IMX754,IMX754,,,Canonical product name,10,,1/3.52,1.12,,,All-pixel PDAF (DualPD),,RGGB,,,Galaxy S22 Ultra; Galaxy S23 Ultra; Galaxy S25 Ultra,https://spinformation.info/all/smartphone-image-sensor/,Existing catalog / official + SP information,,2022.0,High,https://helpix.ru/isensor/,3,,,,0,Galaxy S22 Ultra,Samsung,Rear Telephoto,2022,Exynos 2200,https://helpix.ru/samsung/galaxy_s22_ultra/,Helpix phone specification,https://helpix.ru/samsung/galaxy_s22_ultra/,High,PHONE:GALAXYS22ULTRA,Not yet matched,,,,,,,,,,,,,,,,
Sony,IMX754,SONY:IMX754,IMX754,,,Canonical product name,10,,1/3.52,1.12,,,All-pixel PDAF (DualPD),,RGGB,,,Galaxy S22 Ultra; Galaxy S23 Ultra; Galaxy S25 Ultra,https://spinformation.info/all/smartphone-image-sensor/,Existing catalog / official + SP information,,2022.0,High,https://helpix.ru/isensor/,3,,,,0,Galaxy S23 Ultra,Samsung,Rear Telephoto,2023,Snapdragon 8 Gen 2 for Galaxy,https://helpix.ru/samsung/galaxy_s23_ultra/,Helpix phone specification,https://helpix.ru/samsung/galaxy_s23_ultra/,High,PHONE:GALAXYS23ULTRA,Not yet matched,,,,,,,,,,,,,,,,
Sony,IMX754,SONY:IMX754,IMX754,,,Canonical product name,10,,1/3.52,1.12,,,All-pixel PDAF (DualPD),,RGGB,,,Galaxy S22 Ultra; Galaxy S23 Ultra; Galaxy S25 Ultra,https://spinformation.info/all/smartphone-image-sensor/,Existing catalog / official + SP information,,2022.0,High,https://helpix.ru/isensor/,3,,,,0,Galaxy S25 Ultra,Samsung,Rear Telephoto,2025,Snapdragon 8 Elite for Galaxy,https://helpix.ru/samsung/galaxy_s25_ultra/,Helpix phone specification,https://helpix.ru/samsung/galaxy_s25_ultra/,High,PHONE:GALAXYS25ULTRA,Not yet matched,,,,,,,,,,,,,,,,
Sony,IMX758,SONY:IMX758,IMX758,,,Canonical product name,50.3,,1/2.4,0.7,4-in-1,,All-pixel PDAF (2x2 OCL),,RGGB,,,vivo X90 Pro; vivo X90 Pro+,https://spinformation.info/all/smartphone-image-sensor/,Existing catalog / official + SP information,,2022.0,High,https://helpix.ru/isensor/,2,,,,0,vivo X90 Pro,vivo,Rear Telephoto,2022,Dimensity 9200,https://helpix.ru/vivo/x90_pro/,Helpix phone specification,https://helpix.ru/vivo/x90_pro/,High,PHONE:X90PRO,Not yet matched,,,,,,,,,,,,,,,,
Sony,IMX758,SONY:IMX758,IMX758,,,Canonical product name,50.3,,1/2.4,0.7,4-in-1,,All-pixel PDAF (2x2 OCL),,RGGB,,,vivo X90 Pro; vivo X90 Pro+,https://spinformation.info/all/smartphone-image-sensor/,Existing catalog / official + SP information,,2022.0,High,https://helpix.ru/isensor/,2,,,,0,vivo X90 Pro+,vivo,Rear Telephoto,2022,Snapdragon 8 Gen 2,https://helpix.ru/vivo/x90_pro_plus/,Helpix phone specification,https://helpix.ru/vivo/x90_pro_plus/,High,PHONE:X90PROPLUS,Not yet matched,,,,,,,,,,,,,,,,
Sony,IMX766,SONY:IMX766,IMX766,,,Canonical product name,50.3,,1/1.56,1.0,4-in-1,,All-pixel PDAF (2x2 OCL),DOL-HDR,RGGB,,,OPPO Find X5 Pro; OnePlus 10T; Nothing Phone (1),https://spinformation.info/all/smartphone-image-sensor/,Existing catalog / official + SP information,,,High,,58,Rear Main; Rear Ultra-wide; Rear Main + Rear Ultra-wide,2022.0,2026.0,0,OPPO Find X5 Pro,OPPO,Rear Main + Rear Ultra-wide,2022,Snapdragon 8 Gen 1,https://helpix.ru/oppo/find_x5_pro/,Helpix phone specification,https://helpix.ru/oppo/find_x5_pro/,Medium,PHONE:FINDX5PRO,Not yet matched,,,,,,,,,,,,,,,,
Sony,IMX766,SONY:IMX766,IMX766,,,Canonical product name,50.3,,1/1.56,1.0,4-in-1,,All-pixel PDAF (2x2 OCL),DOL-HDR,RGGB,,,OPPO Find X5 Pro; OnePlus 10T; Nothing Phone (1),https://spinformation.info/all/smartphone-image-sensor/,Existing catalog / official + SP information,,,High,,58,Rear Main; Rear Ultra-wide; Rear Main + Rear Ultra-wide,2022.0,2026.0,0,ASUS ROG Phone 6,ASUS,Rear Main,2022.0,,https://helpix.ru/isensor/sony_imx766/,Helpix sensor-phone mapping,,High,PHONE:ASUSROGPHONE6,Not yet matched,,,,,,,,,,,,,,,,
Sony,IMX766,SONY:IMX766,IMX766,,,Canonical product name,50.3,,1/1.56,1.0,4-in-1,,All-pixel PDAF (2x2 OCL),DOL-HDR,RGGB,,,OPPO Find X5 Pro; OnePlus 10T; Nothing Phone (1),https://spinformation.info/all/smartphone-image-sensor/,Existing catalog / official + SP information,,,High,,58,Rear Main; Rear Ultra-wide; Rear Main + Rear Ultra-wide,2022.0,2026.0,0,ASUS ROG Phone 6 Batman Edition,ASUS,Rear Main,2022.0,,https://helpix.ru/isensor/sony_imx766/,Helpix sensor-phone mapping,,High,PHONE:ASUSROGPHONE6BATMANEDITION,Not yet matched,,,,,,,,,,,,,,,,
Sony,IMX766,SONY:IMX766,IMX766,,,Canonical product name,50.3,,1/1.56,1.0,4-in-1,,All-pixel PDAF (2x2 OCL),DOL-HDR,RGGB,,,OPPO Find X5 Pro; OnePlus 10T; Nothing Phone (1),https://spinformation.info/all/smartphone-image-sensor/,Existing catalog / official + SP information,,,High,,58,Rear Main; Rear Ultra-wide; Rear Main + Rear Ultra-wide,2022.0,2026.0,0,ASUS ROG Phone 6 Diablo Immortal Edition,ASUS,Rear Main,2022.0,,https://helpix.ru/isensor/sony_imx766/,Helpix sensor-phone mapping,,High,PHONE:ASUSROGPHONE6DIABLOIMMORTALEDITION,Not yet matched,,,,,,,,,,,,,,,,
Sony,IMX766,SONY:IMX766,IMX766,,,Canonical product name,50.3,,1/1.56,1.0,4-in-1,,All-pixel PDAF (2x2 OCL),DOL-HDR,RGGB,,,OPPO Find X5 Pro; OnePlus 10T; Nothing Phone (1),https://spinformation.info/all/smartphone-image-sensor/,Existing catalog / official + SP information,,,High,,58,Rear Main; Rear Ultra-wide; Rear Main + Rear Ultra-wide,2022.0,2026.0,0,ASUS ROG Phone 6 Pro,ASUS,Rear Main,2022.0,,https://helpix.ru/isensor/sony_imx766/,Helpix sensor-phone mapping,,High,PHONE:ASUSROGPHONE6PRO,Not yet matched,,,,,,,,,,,,,,,,
Sony,IMX766,SONY:IMX766,IMX766,,,Canonical product name,50.3,,1/1.56,1.0,4-in-1,,All-pixel PDAF (2x2 OCL),DOL-HDR,RGGB,,,OPPO Find X5 Pro; OnePlus 10T; Nothing Phone (1),https://spinformation.info/all/smartphone-image-sensor/,Existing catalog / official + SP information,,,High,,58,Rear Main; Rear Ultra-wide; Rear Main + Rear Ultra-wide,2022.0,2026.0,0,ASUS ROG Phone 6D,ASUS,Rear Main,2022.0,,https://helpix.ru/isensor/sony_imx766/,Helpix sensor-phone mapping,,High,PHONE:ASUSROGPHONE6D,Not yet matched,,,,,,,,,,,,,,,,
Sony,IMX766,SONY:IMX766,IMX766,,,Canonical product name,50.3,,1/1.56,1.0,4-in-1,,All-pixel PDAF (2x2 OCL),DOL-HDR,RGGB,,,OPPO Find X5 Pro; OnePlus 10T; Nothing Phone (1),https://spinformation.info/all/smartphone-image-sensor/,Existing catalog / official + SP information,,,High,,58,Rear Main; Rear Ultra-wide; Rear Main + Rear Ultra-wide,2022.0,2026.0,0,ASUS ROG Phone 6D Ultimate,ASUS,Rear Main,2022.0,,https://helpix.ru/isensor/sony_imx766/,Helpix sensor-phone mapping,,High,PHONE:ASUSROGPHONE6DULTIMATE,Not yet matched,,,,,,,,,,,,,,,,
Sony,IMX766,SONY:IMX766,IMX766,,,Canonical product name,50.3,,1/1.56,1.0,4-in-1,,All-pixel PDAF (2x2 OCL),DOL-HDR,RGGB,,,OPPO Find X5 Pro; OnePlus 10T; Nothing Phone (1),https://spinformation.info/all/smartphone-image-sensor/,Existing catalog / official + SP information,,,High,,58,Rear Main; Rear Ultra-wide; Rear Main + Rear Ultra-wide,2022.0,2026.0,0,Zenfone 9,ASUS,Rear Main,2022.0,Snapdragon 8+ Gen 1,https://helpix.ru/isensor/sony_imx766/,Helpix sensor-phone mapping,https://helpix.ru/asus/zenfone_9/,High,PHONE:ZENFONE9,Not yet matched,,,,,,,,,,,,,,,,
Sony,IMX766,SONY:IMX766,IMX766,,,Canonical product name,50.3,,1/1.56,1.0,4-in-1,,All-pixel PDAF (2x2 OCL),DOL-HDR,RGGB,,,OPPO Find X5 Pro; OnePlus 10T; Nothing Phone (1),https://spinformation.info/all/smartphone-image-sensor/,Existing catalog / official + SP information,,,High,,58,Rear Main; Rear Ultra-wide; Rear Main + Rear Ultra-wide,2022.0,2026.0,0,Honor Magic4,HONOR,Rear Main,2022.0,,https://helpix.ru/isensor/sony_imx766/,Helpix sensor-phone mapping,,High,PHONE:MAGIC4,Not yet matched,,,,,,,,,,,,,,,,
Sony,IMX766,SONY:IMX766,IMX766,,,Canonical product name,50.3,,1/1.56,1.0,4-in-1,,All-pixel PDAF (2x2 OCL),DOL-HDR,RGGB,,,OPPO Find X5 Pro; OnePlus 10T; Nothing Phone (1),https://spinformation.info/all/smartphone-image-sensor/,Existing catalog / official + SP information,,,High,,58,Rear Main; Rear Ultra-wide; Rear Main + Rear Ultra-wide,2022.0,2026.0,0,Honor Magic4 Pro,HONOR,Rear Main,2022.0,,https://helpix.ru/isensor/sony_imx766/,Helpix sensor-phone mapping,,High,PHONE:MAGIC4PRO,Not yet matched,,,,,,,,,,,,,,,,
Sony,IMX766,SONY:IMX766,IMX766,,,Canonical product name,50.3,,1/1.56,1.0,4-in-1,,All-pixel PDAF (2x2 OCL),DOL-HDR,RGGB,,,OPPO Find X5 Pro; OnePlus 10T; Nothing Phone (1),https://spinformation.info/all/smartphone-image-sensor/,Existing catalog / official + SP information,,,High,,58,Rear Main; Rear Ultra-wide; Rear Main + Rear Ultra-wide,2022.0,2026.0,0,Huawei Mate 50 Pro,Huawei,Rear Main,2022.0,,https://helpix.ru/isensor/sony_imx766/,Helpix sensor-phone mapping,,High,PHONE:MATE50PRO,Not yet matched,,,,,,,,,,,,,,,,
Sony,IMX766,SONY:IMX766,IMX766,,,Canonical product name,50.3,,1/1.56,1.0,4-in-1,,All-pixel PDAF (2x2 OCL),DOL-HDR,RGGB,,,OPPO Find X5 Pro; OnePlus 10T; Nothing Phone (1),https://spinformation.info/all/smartphone-image-sensor/,Existing catalog / official + SP information,,,High,,58,Rear Main; Rear Ultra-wide; Rear Main + Rear Ultra-wide,2022.0,2026.0,0,Nothing Phone (1),Nothing,Rear Main,2022.0,,https://helpix.ru/isensor/sony_imx766/,Helpix sensor-phone mapping,,High,PHONE:NOTHINGPHONE1,Not yet matched,,,,,,,,,,,,,,,,
Sony,IMX766,SONY:IMX766,IMX766,,,Canonical product name,50.3,,1/1.56,1.0,4-in-1,,All-pixel PDAF (2x2 OCL),DOL-HDR,RGGB,,,OPPO Find X5 Pro; OnePlus 10T; Nothing Phone (1),https://spinformation.info/all/smartphone-image-sensor/,Existing catalog / official + SP information,,,High,,58,Rear Main; Rear Ultra-wide; Rear Main + Rear Ultra-wide,2022.0,2026.0,0,OPPO Find X5,OPPO,Rear Main + Rear Ultra-wide,2022.0,,https://helpix.ru/isensor/sony_imx766/,Helpix sensor-phone mapping,,High,PHONE:FINDX5,Not yet matched,,,,,,,,,,,,,,,,
Sony,IMX766,SONY:IMX766,IMX766,,,Canonical product name,50.3,,1/1.56,1.0,4-in-1,,All-pixel PDAF (2x2 OCL),DOL-HDR,RGGB,,,OPPO Find X5 Pro; OnePlus 10T; Nothing Phone (1),https://spinformation.info/all/smartphone-image-sensor/,Existing catalog / official + SP information,,,High,,58,Rear Main; Rear Ultra-wide; Rear Main + Rear Ultra-wide,2022.0,2026.0,0,OPPO Find X5 Pro (Dimensity),OPPO,Rear Main + Rear Ultra-wide,2022.0,,https://helpix.ru/isensor/sony_imx766/,Helpix sensor-phone mapping,,High,PHONE:FINDX5PRODIMENSITY,Not yet matched,,,,,,,,,,,,,,,,
Sony,IMX766,SONY:IMX766,IMX766,,,Canonical product name,50.3,,1/1.56,1.0,4-in-1,,All-pixel PDAF (2x2 OCL),DOL-HDR,RGGB,,,OPPO Find X5 Pro; OnePlus 10T; Nothing Phone (1),https://spinformation.info/all/smartphone-image-sensor/,Existing catalog / official + SP information,,,High,,58,Rear Main; Rear Ultra-wide; Rear Main + Rear Ultra-wide,2022.0,2026.0,0,OPPO Find X5 Pro (Snapdragon),OPPO,Rear Main + Rear Ultra-wide,2022.0,,https://helpix.ru/isensor/sony_imx766/,Helpix sensor-phone mapping,,High,PHONE:FINDX5PROSNAPDRAGON,Not yet matched,,,,,,,,,,,,,,,,
Sony,IMX766,SONY:IMX766,IMX766,,,Canonical product name,50.3,,1/1.56,1.0,4-in-1,,All-pixel PDAF (2x2 OCL),DOL-HDR,RGGB,,,OPPO Find X5 Pro; OnePlus 10T; Nothing Phone (1),https://spinformation.info/all/smartphone-image-sensor/,Existing catalog / official + SP information,,,High,,58,Rear Main; Rear Ultra-wide; Rear Main + Rear Ultra-wide,2022.0,2026.0,0,OPPO K10 Pro 5G,OPPO,Rear Main,2022.0,,https://helpix.ru/isensor/sony_imx766/,Helpix sensor-phone mapping,,High,PHONE:K10PRO5G,Not yet matched,,,,,,,,,,,,,,,,
Sony,IMX766,SONY:IMX766,IMX766,,,Canonical product name,50.3,,1/1.56,1.0,4-in-1,,All-pixel PDAF (2x2 OCL),DOL-HDR,RGGB,,,OPPO Find X5 Pro; OnePlus 10T; Nothing Phone (1),https://spinformation.info/all/smartphone-image-sensor/,Existing catalog / official + SP information,,,High,,58,Rear Main; Rear Ultra-wide; Rear Main + Rear Ultra-wide,2022.0,2026.0,0,OPPO Reno8 5G Global,OPPO,Rear Main,2022.0,,https://helpix.ru/isensor/sony_imx766/,Helpix sensor-phone mapping,,High,PHONE:RENO85GGLOBAL,Not yet matched,,,,,,,,,,,,,,,,
Sony,IMX766,SONY:IMX766,IMX766,,,Canonical product name,50.3,,1/1.56,1.0,4-in-1,,All-pixel PDAF (2x2 OCL),DOL-HDR,RGGB,,,OPPO Find X5 Pro; OnePlus 10T; Nothing Phone (1),https://spinformation.info/all/smartphone-image-sensor/,Existing catalog / official + SP information,,,High,,58,Rear Main; Rear Ultra-wide; Rear Main + Rear Ultra-wide,2022.0,2026.0,0,OPPO Reno8 Pro 5G China (Qualcomm),OPPO,Rear Main,2022.0,,https://helpix.ru/isensor/sony_imx766/,Helpix sensor-phone mapping,,High,PHONE:RENO8PRO5GCHINAQUALCOMM,Not yet matched,,,,,,,,,,,,,,,,
Sony,IMX766,SONY:IMX766,IMX766,,,Canonical product name,50.3,,1/1.56,1.0,4-in-1,,All-pixel PDAF (2x2 OCL),DOL-HDR,RGGB,,,OPPO Find X5 Pro; OnePlus 10T; Nothing Phone (1),https://spinformation.info/all/smartphone-image-sensor/,Existing catalog / official + SP information,,,High,,58,Rear Main; Rear Ultra-wide; Rear Main + Rear Ultra-wide,2022.0,2026.0,0,OPPO Reno8 Pro 5G Global (MediaTek),OPPO,Rear Main,2022.0,,https://helpix.ru/isensor/sony_imx766/,Helpix sensor-phone mapping,,High,PHONE:RENO8PRO5GGLOBALMEDIATEK,Not yet matched,,,,,,,,,,,,,,,,
Sony,IMX766,SONY:IMX766,IMX766,,,Canonical product name,50.3,,1/1.56,1.0,4-in-1,,All-pixel PDAF (2x2 OCL),DOL-HDR,RGGB,,,OPPO Find X5 Pro; OnePlus 10T; Nothing Phone (1),https://spinformation.info/all/smartphone-image-sensor/,Existing catalog / official + SP information,,,High,,58,Rear Main; Rear Ultra-wide; Rear Main + Rear Ultra-wide,2022.0,2026.0,0,OPPO Reno8 Pro 5G House of the Dragon,OPPO,Rear Main,2022.0,,https://helpix.ru/isensor/sony_imx766/,Helpix sensor-phone mapping,,High,PHONE:RENO8PRO5GHOUSEOFTHEDRAGON,Not yet matched,,,,,,,,,,,,,,,,
Sony,IMX766,SONY:IMX766,IMX766,,,Canonical product name,50.3,,1/1.56,1.0,4-in-1,,All-pixel PDAF (2x2 OCL),DOL-HDR,RGGB,,,OPPO Find X5 Pro; OnePlus 10T; Nothing Phone (1),https://spinformation.info/all/smartphone-image-sensor/,Existing catalog / official + SP information,,,High,,58,Rear Main; Rear Ultra-wide; Rear Main + Rear Ultra-wide,2022.0,2026.0,0,OPPO Reno8 Pro+ 5G,OPPO,Rear Main,2022.0,,https://helpix.ru/isensor/sony_imx766/,Helpix sensor-phone mapping,,High,PHONE:RENO8PRO5G,Not yet matched,,,,,,,,,,,,,,,,
Sony,IMX766,SONY:IMX766,IMX766,,,Canonical product name,50.3,,1/1.56,1.0,4-in-1,,All-pixel PDAF (2x2 OCL),DOL-HDR,RGGB,,,OPPO Find X5 Pro; OnePlus 10T; Nothing Phone (1),https://spinformation.info/all/smartphone-image-sensor/,Existing catalog / official + SP information,,,High,,58,Rear Main; Rear Ultra-wide; Rear Main + Rear Ultra-wide,2022.0,2026.0,0,OnePlus 10R,OnePlus,Rear Main,2022.0,,https://helpix.ru/isensor/sony_imx766/,Helpix sensor-phone mapping,,High,PHONE:ONEPLUS10R,Not yet matched,,,,,,,,,,,,,,,,
Sony,IMX766,SONY:IMX766,IMX766,,,Canonical product name,50.3,,1/1.56,1.0,4-in-1,,All-pixel PDAF (2x2 OCL),DOL-HDR,RGGB,,,OPPO Find X5 Pro; OnePlus 10T; Nothing Phone (1),https://spinformation.info/all/smartphone-image-sensor/,Existing catalog / official + SP information,,,High,,58,Rear Main; Rear Ultra-wide; Rear Main + Rear Ultra-wide,2022.0,2026.0,0,OnePlus 10T,OnePlus,Rear Main,2022.0,,https://helpix.ru/isensor/sony_imx766/,Helpix sensor-phone mapping,,High,PHONE:ONEPLUS10T,Not yet matched,,,,,,,,,,,,,,,,
Sony,IMX766,SONY:IMX766,IMX766,,,Canonical product name,50.3,,1/1.56,1.0,4-in-1,,All-pixel PDAF (2x2 OCL),DOL-HDR,RGGB,,,OPPO Find X5 Pro; OnePlus 10T; Nothing Phone (1),https://spinformation.info/all/smartphone-image-sensor/,Existing catalog / official + SP information,,,High,,58,Rear Main; Rear Ultra-wide; Rear Main + Rear Ultra-wide,2022.0,2026.0,0,ASUS ROG Phone 7,ASUS,Rear Main,2023.0,,https://helpix.ru/isensor/sony_imx766/,Helpix sensor-phone mapping,,High,PHONE:ASUSROGPHONE7,Not yet matched,,,,,,,,,,,,,,,,
Sony,IMX766,SONY:IMX766,IMX766,,,Canonical product name,50.3,,1/1.56,1.0,4-in-1,,All-pixel PDAF (2x2 OCL),DOL-HDR,RGGB,,,OPPO Find X5 Pro; OnePlus 10T; Nothing Phone (1),https://spinformation.info/all/smartphone-image-sensor/,Existing catalog / official + SP information,,,High,,58,Rear Main; Rear Ultra-wide; Rear Main + Rear Ultra-wide,2022.0,2026.0,0,ASUS ROG Phone 7 Ultimate,ASUS,Rear Main,2023.0,,https://helpix.ru/isensor/sony_imx766/,Helpix sensor-phone mapping,,High,PHONE:ASUSROGPHONE7ULTIMATE,Not yet matched,,,,,,,,,,,,,,,,
Sony,IMX766,SONY:IMX766,IMX766,,,Canonical product name,50.3,,1/1.56,1.0,4-in-1,,All-pixel PDAF (2x2 OCL),DOL-HDR,RGGB,,,OPPO Find X5 Pro; OnePlus 10T; Nothing Phone (1),https://spinformation.info/all/smartphone-image-sensor/,Existing catalog / official + SP information,,,High,,58,Rear Main; Rear Ultra-wide; Rear Main + Rear Ultra-wide,2022.0,2026.0,0,ASUS Zenfone 10,ASUS,Rear Main,2023.0,,https://helpix.ru/isensor/sony_imx766/,Helpix sensor-phone mapping,,High,PHONE:ASUSZENFONE10,Not yet matched,,,,,,,,,,,,,,,,
Sony,IMX766,SONY:IMX766,IMX766,,,Canonical product name,50.3,,1/1.56,1.0,4-in-1,,All-pixel PDAF (2x2 OCL),DOL-HDR,RGGB,,,OPPO Find X5 Pro; OnePlus 10T; Nothing Phone (1),https://spinformation.info/all/smartphone-image-sensor/,Existing catalog / official + SP information,,,High,,58,Rear Main; Rear Ultra-wide; Rear Main + Rear Ultra-wide,2022.0,2026.0,0,Crosscall Stellar-X5,Crosscall,Rear Main,2023.0,,https://helpix.ru/isensor/sony_imx766/,Helpix sensor-phone mapping,,High,PHONE:CROSSCALLSTELLARX5,Not yet matched,,,,,,,,,,,,,,,,
Sony,IMX766,SONY:IMX766,IMX766,,,Canonical product name,50.3,,1/1.56,1.0,4-in-1,,All-pixel PDAF (2x2 OCL),DOL-HDR,RGGB,,,OPPO Find X5 Pro; OnePlus 10T; Nothing Phone (1),https://spinformation.info/all/smartphone-image-sensor/,Existing catalog / official + SP information,,,High,,58,Rear Main; Rear Ultra-wide; Rear Main + Rear Ultra-wide,2022.0,2026.0,0,Doogee S110,Doogee,Rear Main,2023.0,,https://helpix.ru/isensor/sony_imx766/,Helpix sensor-phone mapping,,High,PHONE:DOOGEES110,Not yet matched,,,,,,,,,,,,,,,,
Sony,IMX766,SONY:IMX766,IMX766,,,Canonical product name,50.3,,1/1.56,1.0,4-in-1,,All-pixel PDAF (2x2 OCL),DOL-HDR,RGGB,,,OPPO Find X5 Pro; OnePlus 10T; Nothing Phone (1),https://spinformation.info/all/smartphone-image-sensor/,Existing catalog / official + SP information,,,High,,58,Rear Main; Rear Ultra-wide; Rear Main + Rear Ultra-wide,2022.0,2026.0,0,Doogee V31 GT,Doogee,Rear Main,2023.0,,https://helpix.ru/isensor/sony_imx766/,Helpix sensor-phone mapping,,High,PHONE:DOOGEEV31GT,Not yet matched,,,,,,,,,,,,,,,,
Sony,IMX766,SONY:IMX766,IMX766,,,Canonical product name,50.3,,1/1.56,1.0,4-in-1,,All-pixel PDAF (2x2 OCL),DOL-HDR,RGGB,,,OPPO Find X5 Pro; OnePlus 10T; Nothing Phone (1),https://spinformation.info/all/smartphone-image-sensor/,Existing catalog / official + SP information,,,High,,58,Rear Main; Rear Ultra-wide; Rear Main + Rear Ultra-wide,2022.0,2026.0,0,Huawei Mate X3,Huawei,Rear Main,2023.0,,https://helpix.ru/isensor/sony_imx766/,Helpix sensor-phone mapping,,High,PHONE:MATEX3,Not yet matched,,,,,,,,,,,,,,,,
Sony,IMX766,SONY:IMX766,IMX766,,,Canonical product name,50.3,,1/1.56,1.0,4-in-1,,All-pixel PDAF (2x2 OCL),DOL-HDR,RGGB,,,OPPO Find X5 Pro; OnePlus 10T; Nothing Phone (1),https://spinformation.info/all/smartphone-image-sensor/,Existing catalog / official + SP information,,,High,,58,Rear Main; Rear Ultra-wide; Rear Main + Rear Ultra-wide,2022.0,2026.0,0,Meizu 20 Infinity,Meizu,Rear Main,2023.0,,https://helpix.ru/isensor/sony_imx766/,Helpix sensor-phone mapping,,High,PHONE:MEIZU20INFINITY,Not yet matched,,,,,,,,,,,,,,,,
Sony,IMX766,SONY:IMX766,IMX766,,,Canonical product name,50.3,,1/1.56,1.0,4-in-1,,All-pixel PDAF (2x2 OCL),DOL-HDR,RGGB,,,OPPO Find X5 Pro; OnePlus 10T; Nothing Phone (1),https://spinformation.info/all/smartphone-image-sensor/,Existing catalog / official + SP information,,,High,,58,Rear Main; Rear Ultra-wide; Rear Main + Rear Ultra-wide,2022.0,2026.0,0,NIO Phone,NIO,Rear Ultra-wide,2023.0,,https://helpix.ru/isensor/sony_imx766/,Helpix sensor-phone mapping,,High,PHONE:NIOPHONE,Not yet matched,,,,,,,,,,,,,,,,
Sony,IMX766,SONY:IMX766,IMX766,,,Canonical product name,50.3,,1/1.56,1.0,4-in-1,,All-pixel PDAF (2x2 OCL),DOL-HDR,RGGB,,,OPPO Find X5 Pro; OnePlus 10T; Nothing Phone (1),https://spinformation.info/all/smartphone-image-sensor/,Existing catalog / official + SP information,,,High,,58,Rear Main; Rear Ultra-wide; Rear Main + Rear Ultra-wide,2022.0,2026.0,0,Vivo S17 Pro,vivo,Rear Main,2023.0,,https://helpix.ru/isensor/sony_imx766/,Helpix sensor-phone mapping,,High,PHONE:S17PRO,Not yet matched,,,,,,,,,,,,,,,,
Sony,IMX766,SONY:IMX766,IMX766,,,Canonical product name,50.3,,1/1.56,1.0,4-in-1,,All-pixel PDAF (2x2 OCL),DOL-HDR,RGGB,,,OPPO Find X5 Pro; OnePlus 10T; Nothing Phone (1),https://spinformation.info/all/smartphone-image-sensor/,Existing catalog / official + SP information,,,High,,58,Rear Main; Rear Ultra-wide; Rear Main + Rear Ultra-wide,2022.0,2026.0,0,Vivo V27,vivo,Rear Main,2023.0,,https://helpix.ru/isensor/sony_imx766/,Helpix sensor-phone mapping,,High,PHONE:V27,Not yet matched,,,,,,,,,,,,,,,,
Sony,IMX766,SONY:IMX766,IMX766,,,Canonical product name,50.3,,1/1.56,1.0,4-in-1,,All-pixel PDAF (2x2 OCL),DOL-HDR,RGGB,,,OPPO Find X5 Pro; OnePlus 10T; Nothing Phone (1),https://spinformation.info/all/smartphone-image-sensor/,Existing catalog / official + SP information,,,High,,58,Rear Main; Rear Ultra-wide; Rear Main + Rear Ultra-wide,2022.0,2026.0,0,Vivo V27 Pro,vivo,Rear Main,2023.0,Dimensity 8200,https://helpix.ru/isensor/sony_imx766/,Helpix sensor-phone mapping,https://helpix.ru/vivo/v27_pro/,High,PHONE:V27PRO,Not yet matched,,,,,,,,,,,,,,,,
Sony,IMX766,SONY:IMX766,IMX766,,,Canonical product name,50.3,,1/1.56,1.0,4-in-1,,All-pixel PDAF (2x2 OCL),DOL-HDR,RGGB,,,OPPO Find X5 Pro; OnePlus 10T; Nothing Phone (1),https://spinformation.info/all/smartphone-image-sensor/,Existing catalog / official + SP information,,,High,,58,Rear Main; Rear Ultra-wide; Rear Main + Rear Ultra-wide,2022.0,2026.0,0,Vivo V29 Pro,vivo,Rear Main,2023.0,,https://helpix.ru/isensor/sony_imx766/,Helpix sensor-phone mapping,,High,PHONE:V29PRO,Not yet matched,,,,,,,,,,,,,,,,
Sony,IMX766,SONY:IMX766,IMX766,,,Canonical product name,50.3,,1/1.56,1.0,4-in-1,,All-pixel PDAF (2x2 OCL),DOL-HDR,RGGB,,,OPPO Find X5 Pro; OnePlus 10T; Nothing Phone (1),https://spinformation.info/all/smartphone-image-sensor/,Existing catalog / official + SP information,,,High,,58,Rear Main; Rear Ultra-wide; Rear Main + Rear Ultra-wide,2022.0,2026.0,0,Xiaomi 13 Lite,Xiaomi,Rear Main,2023.0,,https://helpix.ru/isensor/sony_imx766/,Helpix sensor-phone mapping,,High,PHONE:13LITE,Not yet matched,,,,,,,,,,,,,,,,
Sony,IMX766,SONY:IMX766,IMX766,,,Canonical product name,50.3,,1/1.56,1.0,4-in-1,,All-pixel PDAF (2x2 OCL),DOL-HDR,RGGB,,,OPPO Find X5 Pro; OnePlus 10T; Nothing Phone (1),https://spinformation.info/all/smartphone-image-sensor/,Existing catalog / official + SP information,,,High,,58,Rear Main; Rear Ultra-wide; Rear Main + Rear Ultra-wide,2022.0,2026.0,0,Xiaomi Civi 2 Hello Kitty,Xiaomi,Rear Main,2023.0,,https://helpix.ru/isensor/sony_imx766/,Helpix sensor-phone mapping,,High,PHONE:CIVI2HELLOKITTY,Not yet matched,,,,,,,,,,,,,,,,
Sony,IMX766,SONY:IMX766,IMX766,,,Canonical product name,50.3,,1/1.56,1.0,4-in-1,,All-pixel PDAF (2x2 OCL),DOL-HDR,RGGB,,,OPPO Find X5 Pro; OnePlus 10T; Nothing Phone (1),https://spinformation.info/all/smartphone-image-sensor/,Existing catalog / official + SP information,,,High,,58,Rear Main; Rear Ultra-wide; Rear Main + Rear Ultra-wide,2022.0,2026.0,0,Oukitel P1,Oukitel,Rear Main,2024.0,,https://helpix.ru/isensor/sony_imx766/,Helpix sensor-phone mapping,,High,PHONE:OUKITELP1,Not yet matched,,,,,,,,,,,,,,,,
Sony,IMX766,SONY:IMX766,IMX766,,,Canonical product name,50.3,,1/1.56,1.0,4-in-1,,All-pixel PDAF (2x2 OCL),DOL-HDR,RGGB,,,OPPO Find X5 Pro; OnePlus 10T; Nothing Phone (1),https://spinformation.info/all/smartphone-image-sensor/,Existing catalog / official + SP information,,,High,,58,Rear Main; Rear Ultra-wide; Rear Main + Rear Ultra-wide,2022.0,2026.0,0,Unihertz 8849 Shark 5G,Unihertz,Rear Main,2024.0,,https://helpix.ru/isensor/sony_imx766/,Helpix sensor-phone mapping,,High,PHONE:UNIHERTZ8849SHARK5G,Not yet matched,,,,,,,,,,,,,,,,
Sony,IMX766,SONY:IMX766,IMX766,,,Canonical product name,50.3,,1/1.56,1.0,4-in-1,,All-pixel PDAF (2x2 OCL),DOL-HDR,RGGB,,,OPPO Find X5 Pro; OnePlus 10T; Nothing Phone (1),https://spinformation.info/all/smartphone-image-sensor/,Existing catalog / official + SP information,,,High,,58,Rear Main; Rear Ultra-wide; Rear Main + Rear Ultra-wide,2022.0,2026.0,0,Unihertz 8849 Tank 3S,Unihertz,Rear Main,2024.0,,https://helpix.ru/isensor/sony_imx766/,Helpix sensor-phone mapping,,High,PHONE:UNIHERTZ8849TANK3S,Not yet matched,,,,,,,,,,,,,,,,
Sony,IMX766,SONY:IMX766,IMX766,,,Canonical product name,50.3,,1/1.56,1.0,4-in-1,,All-pixel PDAF (2x2 OCL),DOL-HDR,RGGB,,,OPPO Find X5 Pro; OnePlus 10T; Nothing Phone (1),https://spinformation.info/all/smartphone-image-sensor/,Existing catalog / official + SP information,,,High,,58,Rear Main; Rear Ultra-wide; Rear Main + Rear Ultra-wide,2022.0,2026.0,0,Crosscall Stellar-X5s,Crosscall,Rear Main,2025.0,,https://helpix.ru/isensor/sony_imx766/,Helpix sensor-phone mapping,,High,PHONE:CROSSCALLSTELLARX5S,Not yet matched,,,,,,,,,,,,,,,,
Sony,IMX766,SONY:IMX766,IMX766,,,Canonical product name,50.3,,1/1.56,1.0,4-in-1,,All-pixel PDAF (2x2 OCL),DOL-HDR,RGGB,,,OPPO Find X5 Pro; OnePlus 10T; Nothing Phone (1),https://spinformation.info/all/smartphone-image-sensor/,Existing catalog / official + SP information,,,High,,58,Rear Main; Rear Ultra-wide; Rear Main + Rear Ultra-wide,2022.0,2026.0,0,Crosscall Stellar-X5s Chamonix,Crosscall,Rear Main,2025.0,,https://helpix.ru/isensor/sony_imx766/,Helpix sensor-phone mapping,,High,PHONE:CROSSCALLSTELLARX5SCHAMONIX,Not yet matched,,,,,,,,,,,,,,,,
Sony,IMX766,SONY:IMX766,IMX766,,,Canonical product name,50.3,,1/1.56,1.0,4-in-1,,All-pixel PDAF (2x2 OCL),DOL-HDR,RGGB,,,OPPO Find X5 Pro; OnePlus 10T; Nothing Phone (1),https://spinformation.info/all/smartphone-image-sensor/,Existing catalog / official + SP information,,,High,,58,Rear Main; Rear Ultra-wide; Rear Main + Rear Ultra-wide,2022.0,2026.0,0,FOSSiBOT F107 Pro,FOSSiBOT,Rear Ultra-wide,2025.0,,https://helpix.ru/isensor/sony_imx766/,Helpix sensor-phone mapping,,High,PHONE:FOSSIBOTF107PRO,Not yet matched,,,,,,,,,,,,,,,,
Sony,IMX766,SONY:IMX766,IMX766,,,Canonical product name,50.3,,1/1.56,1.0,4-in-1,,All-pixel PDAF (2x2 OCL),DOL-HDR,RGGB,,,OPPO Find X5 Pro; OnePlus 10T; Nothing Phone (1),https://spinformation.info/all/smartphone-image-sensor/,Existing catalog / official + SP information,,,High,,58,Rear Main; Rear Ultra-wide; Rear Main + Rear Ultra-wide,2022.0,2026.0,0,FOSSiBOT F113,FOSSiBOT,Rear Main,2025.0,,https://helpix.ru/isensor/sony_imx766/,Helpix sensor-phone mapping,,High,PHONE:FOSSIBOTF113,Not yet matched,,,,,,,,,,,,,,,,
Sony,IMX766,SONY:IMX766,IMX766,,,Canonical product name,50.3,,1/1.56,1.0,4-in-1,,All-pixel PDAF (2x2 OCL),DOL-HDR,RGGB,,,OPPO Find X5 Pro; OnePlus 10T; Nothing Phone (1),https://spinformation.info/all/smartphone-image-sensor/,Existing catalog / official + SP information,,,High,,58,Rear Main; Rear Ultra-wide; Rear Main + Rear Ultra-wide,2022.0,2026.0,0,IIIF150 Action 15 Pro,IIIF150,Rear Main,2025.0,,https://helpix.ru/isensor/sony_imx766/,Helpix sensor-phone mapping,,High,PHONE:IIIF150ACTION15PRO,Not yet matched,,,,,,,,,,,,,,,,
Sony,IMX766,SONY:IMX766,IMX766,,,Canonical product name,50.3,,1/1.56,1.0,4-in-1,,All-pixel PDAF (2x2 OCL),DOL-HDR,RGGB,,,OPPO Find X5 Pro; OnePlus 10T; Nothing Phone (1),https://spinformation.info/all/smartphone-image-sensor/,Existing catalog / official + SP information,,,High,,58,Rear Main; Rear Ultra-wide; Rear Main + Rear Ultra-wide,2022.0,2026.0,0,IIIF150 Raptor 5G,IIIF150,Rear Main,2025.0,,https://helpix.ru/isensor/sony_imx766/,Helpix sensor-phone mapping,,High,PHONE:IIIF150RAPTOR5G,Not yet matched,,,,,,,,,,,,,,,,
Sony,IMX766,SONY:IMX766,IMX766,,,Canonical product name,50.3,,1/1.56,1.0,4-in-1,,All-pixel PDAF (2x2 OCL),DOL-HDR,RGGB,,,OPPO Find X5 Pro; OnePlus 10T; Nothing Phone (1),https://spinformation.info/all/smartphone-image-sensor/,Existing catalog / official + SP information,,,High,,58,Rear Main; Rear Ultra-wide; Rear Main + Rear Ultra-wide,2022.0,2026.0,0,Kenshi Armor P1 Pro,Kenshi,Rear Main,2025.0,,https://helpix.ru/isensor/sony_imx766/,Helpix sensor-phone mapping,,High,PHONE:KENSHIARMORP1PRO,Not yet matched,,,,,,,,,,,,,,,,
Sony,IMX766,SONY:IMX766,IMX766,,,Canonical product name,50.3,,1/1.56,1.0,4-in-1,,All-pixel PDAF (2x2 OCL),DOL-HDR,RGGB,,,OPPO Find X5 Pro; OnePlus 10T; Nothing Phone (1),https://spinformation.info/all/smartphone-image-sensor/,Existing catalog / official + SP information,,,High,,58,Rear Main; Rear Ultra-wide; Rear Main + Rear Ultra-wide,2022.0,2026.0,0,Oukitel P1 Pro,Oukitel,Rear Main,2025.0,,https://helpix.ru/isensor/sony_imx766/,Helpix sensor-phone mapping,,High,PHONE:OUKITELP1PRO,Not yet matched,,,,,,,,,,,,,,,,
Sony,IMX766,SONY:IMX766,IMX766,,,Canonical product name,50.3,,1/1.56,1.0,4-in-1,,All-pixel PDAF (2x2 OCL),DOL-HDR,RGGB,,,OPPO Find X5 Pro; OnePlus 10T; Nothing Phone (1),https://spinformation.info/all/smartphone-image-sensor/,Existing catalog / official + SP information,,,High,,58,Rear Main; Rear Ultra-wide; Rear Main + Rear Ultra-wide,2022.0,2026.0,0,Xperia 10 VII,Sony,Rear Main,2025.0,,https://helpix.ru/isensor/sony_imx766/,Helpix sensor-phone mapping,,High,PHONE:XPERIA10VII,Not yet matched,,,,,,,,,,,,,,,,
Sony,IMX766,SONY:IMX766,IMX766,,,Canonical product name,50.3,,1/1.56,1.0,4-in-1,,All-pixel PDAF (2x2 OCL),DOL-HDR,RGGB,,,OPPO Find X5 Pro; OnePlus 10T; Nothing Phone (1),https://spinformation.info/all/smartphone-image-sensor/,Existing catalog / official + SP information,,,High,,58,Rear Main; Rear Ultra-wide; Rear Main + Rear Ultra-wide,2022.0,2026.0,0,Unihertz 8849 Hike,Unihertz,Rear Main,2025.0,,https://helpix.ru/isensor/sony_imx766/,Helpix sensor-phone mapping,,High,PHONE:UNIHERTZ8849HIKE,Not yet matched,,,,,,,,,,,,,,,,
Sony,IMX766,SONY:IMX766,IMX766,,,Canonical product name,50.3,,1/1.56,1.0,4-in-1,,All-pixel PDAF (2x2 OCL),DOL-HDR,RGGB,,,OPPO Find X5 Pro; OnePlus 10T; Nothing Phone (1),https://spinformation.info/all/smartphone-image-sensor/,Existing catalog / official + SP information,,,High,,58,Rear Main; Rear Ultra-wide; Rear Main + Rear Ultra-wide,2022.0,2026.0,0,Unihertz 8849 Tank 4,Unihertz,Rear Main,2025.0,,https://helpix.ru/isensor/sony_imx766/,Helpix sensor-phone mapping,,High,PHONE:UNIHERTZ8849TANK4,Not yet matched,,,,,,,,,,,,,,,,
Sony,IMX766,SONY:IMX766,IMX766,,,Canonical product name,50.3,,1/1.56,1.0,4-in-1,,All-pixel PDAF (2x2 OCL),DOL-HDR,RGGB,,,OPPO Find X5 Pro; OnePlus 10T; Nothing Phone (1),https://spinformation.info/all/smartphone-image-sensor/,Existing catalog / official + SP information,,,High,,58,Rear Main; Rear Ultra-wide; Rear Main + Rear Ultra-wide,2022.0,2026.0,0,Vivo V60,vivo,Rear Main,2025.0,,https://helpix.ru/isensor/sony_imx766/,Helpix sensor-phone mapping,,High,PHONE:V60,Not yet matched,,,,,,,,,,,,,,,,
Sony,IMX766,SONY:IMX766,IMX766,,,Canonical product name,50.3,,1/1.56,1.0,4-in-1,,All-pixel PDAF (2x2 OCL),DOL-HDR,RGGB,,,OPPO Find X5 Pro; OnePlus 10T; Nothing Phone (1),https://spinformation.info/all/smartphone-image-sensor/,Existing catalog / official + SP information,,,High,,58,Rear Main; Rear Ultra-wide; Rear Main + Rear Ultra-wide,2022.0,2026.0,0,FOSSiBOT F115 Ultra,FOSSiBOT,Rear Main,2026.0,,https://helpix.ru/isensor/sony_imx766/,Helpix sensor-phone mapping,,High,PHONE:FOSSIBOTF115ULTRA,Not yet matched,,,,,,,,,,,,,,,,
Sony,IMX766,SONY:IMX766,IMX766,,,Canonical product name,50.3,,1/1.56,1.0,4-in-1,,All-pixel PDAF (2x2 OCL),DOL-HDR,RGGB,,,OPPO Find X5 Pro; OnePlus 10T; Nothing Phone (1),https://spinformation.info/all/smartphone-image-sensor/,Existing catalog / official + SP information,,,High,,58,Rear Main; Rear Ultra-wide; Rear Main + Rear Ultra-wide,2022.0,2026.0,0,Honor Turbo,HONOR,Rear Main,2026.0,,https://helpix.ru/isensor/sony_imx766/,Helpix sensor-phone mapping,,High,PHONE:TURBO,Not yet matched,,,,,,,,,,,,,,,,
Sony,IMX766,SONY:IMX766,IMX766,,,Canonical product name,50.3,,1/1.56,1.0,4-in-1,,All-pixel PDAF (2x2 OCL),DOL-HDR,RGGB,,,OPPO Find X5 Pro; OnePlus 10T; Nothing Phone (1),https://spinformation.info/all/smartphone-image-sensor/,Existing catalog / official + SP information,,,High,,58,Rear Main; Rear Ultra-wide; Rear Main + Rear Ultra-wide,2022.0,2026.0,0,Oukitel P2 Plus,Oukitel,Rear Main,2026.0,,https://helpix.ru/isensor/sony_imx766/,Helpix sensor-phone mapping,,High,PHONE:OUKITELP2PLUS,Not yet matched,,,,,,,,,,,,,,,,
Sony,IMX766,SONY:IMX766,IMX766,,,Canonical product name,50.3,,1/1.56,1.0,4-in-1,,All-pixel PDAF (2x2 OCL),DOL-HDR,RGGB,,,OPPO Find X5 Pro; OnePlus 10T; Nothing Phone (1),https://spinformation.info/all/smartphone-image-sensor/,Existing catalog / official + SP information,,,High,,58,Rear Main; Rear Ultra-wide; Rear Main + Rear Ultra-wide,2022.0,2026.0,0,Xperia 10 VIII,Sony,Rear Main,2026.0,,https://helpix.ru/isensor/sony_imx766/,Helpix sensor-phone mapping,,High,PHONE:XPERIA10VIII,Not yet matched,,,,,,,,,,,,,,,,
Sony,IMX766,SONY:IMX766,IMX766,,,Canonical product name,50.3,,1/1.56,1.0,4-in-1,,All-pixel PDAF (2x2 OCL),DOL-HDR,RGGB,,,OPPO Find X5 Pro; OnePlus 10T; Nothing Phone (1),https://spinformation.info/all/smartphone-image-sensor/,Existing catalog / official + SP information,,,High,,58,Rear Main; Rear Ultra-wide; Rear Main + Rear Ultra-wide,2022.0,2026.0,0,Unihertz 8849 Tank X,Unihertz,Rear Main,2026.0,,https://helpix.ru/isensor/sony_imx766/,Helpix sensor-phone mapping,,High,PHONE:UNIHERTZ8849TANKX,Not yet matched,,,,,,,,,,,,,,,,
Sony,IMX766V,SONY:IMX766V,IMX766V,,,Canonical product name,50.3,,1/1.56,1.0,4-in-1,,All-pixel PDAF (2x2 OCL),DOL-HDR,RGGB,,,vivo X70 Pro; vivo V27 Pro,https://spinformation.info/all/smartphone-image-sensor/,Existing catalog / official + SP information,,,High,,2,,,,0,vivo V27 Pro,vivo,Rear Main,,Dimensity 8200,https://helpix.ru/vivo/v27_pro/,Helpix phone specification,https://helpix.ru/vivo/v27_pro/,Medium,PHONE:V27PRO,Not yet matched,,,,,,,,,,,,,,,,
Sony,IMX766V,SONY:IMX766V,IMX766V,,,Canonical product name,50.3,,1/1.56,1.0,4-in-1,,All-pixel PDAF (2x2 OCL),DOL-HDR,RGGB,,,vivo X70 Pro; vivo V27 Pro,https://spinformation.info/all/smartphone-image-sensor/,Existing catalog / official + SP information,,,High,,2,,,,0,vivo X70 Pro,vivo,Rear Main,2021,,https://helpix.ru/vivo/x70_pro_china/,Helpix phone specification,,Medium,PHONE:X70PRO,Not yet matched,,,,,,,,,,,,,,,,
Sony,IMX766Y,SONY:IMX766Y,IMX766Y,,,Canonical product name,50.3,,1/1.56,1.0,4-in-1,,All-pixel PDAF (2x2 OCL),DOL-HDR,RYYB,,,HUAWEI Mate 50 Pro; HUAWEI Nova 11 Ultra,https://spinformation.info/all/smartphone-image-sensor/,Existing catalog / official + SP information,,,High,,2,,,,0,HUAWEI Mate 50 Pro,Huawei,Rear Main,,,https://helpix.ru/isensor/sony_imx766/,Helpix sensor database,,Medium,PHONE:MATE50PRO,Not yet matched,,,,,,,,,,,,,,,,
Sony,IMX766Y,SONY:IMX766Y,IMX766Y,,,Canonical product name,50.3,,1/1.56,1.0,4-in-1,,All-pixel PDAF (2x2 OCL),DOL-HDR,RYYB,,,HUAWEI Mate 50 Pro; HUAWEI Nova 11 Ultra,https://spinformation.info/all/smartphone-image-sensor/,Existing catalog / official + SP information,,,High,,2,,,,0,HUAWEI Nova 11 Ultra,Huawei,Unknown,2023,Snapdragon 778G,https://spinformation.info/all/smartphone-image-sensor/,Existing master Example_Phones,https://helpix.ru/huawei/nova_11_ultra/,High,PHONE:NOVA11ULTRA,Not yet matched,,,,,,,,,,,,,,,,
Sony,IMX772,SONY:IMX772,IMX772,,,Canonical product name,12.2,,1/3.40,1.0,,,,,,,,,https://helpix.ru/isensor/,Helpix smartphone sensor index,Added in ultra expansion; mobile-camera sensor index listing.,2021.0,Medium,,0,,,,0,,,,,,,,,,,No phone mapping,,,,,,,,,,,,,,,,
Sony,IMX787,SONY:IMX787,IMX787,,,Canonical product name,64,,1/1.7,0.8,4-in-1,,All-pixel PDAF (2x2 OCL),,RGGB,,,Google Pixel 7a; Google Pixel 8a; Nubia Z50 Ultra,https://spinformation.info/all/smartphone-image-sensor/,Existing catalog / official + SP information,,2022.0,High,https://helpix.ru/isensor/,3,,,,0,Google Pixel 7a,Google,Unknown,2023,Tensor G2,https://spinformation.info/all/smartphone-image-sensor/,Existing master Example_Phones,https://helpix.ru/google/pixel_7a/,High,PHONE:PIXEL7A,Not yet matched,,,,,,,,,,,,,,,,
Sony,IMX787,SONY:IMX787,IMX787,,,Canonical product name,64,,1/1.7,0.8,4-in-1,,All-pixel PDAF (2x2 OCL),,RGGB,,,Google Pixel 7a; Google Pixel 8a; Nubia Z50 Ultra,https://spinformation.info/all/smartphone-image-sensor/,Existing catalog / official + SP information,,2022.0,High,https://helpix.ru/isensor/,3,,,,0,Google Pixel 8a,Google,Rear Main,2024,Tensor G3,https://helpix.ru/google/pixel_8a/,Helpix phone specification,https://helpix.ru/google/pixel_8a/,High,PHONE:PIXEL8A,Not yet matched,,,,,,,,,,,,,,,,
Sony,IMX787,SONY:IMX787,IMX787,,,Canonical product name,64,,1/1.7,0.8,4-in-1,,All-pixel PDAF (2x2 OCL),,RGGB,,,Google Pixel 7a; Google Pixel 8a; Nubia Z50 Ultra,https://spinformation.info/all/smartphone-image-sensor/,Existing catalog / official + SP information,,2022.0,High,https://helpix.ru/isensor/,3,,,,0,Nubia Z50 Ultra,nubia,Rear Main,2023,Snapdragon 8 Gen 2,https://helpix.ru/zte/nubia_z50_ultra/,Helpix phone specification,https://helpix.ru/zte/nubia_z50_ultra/,High,PHONE:NUBIAZ50ULTRA,Not yet matched,,,,,,,,,,,,,,,,
Sony,IMX789 RGGB,SONY:IMX789 RGGB,IMX789 RGGB,,,Canonical product name,48,,1/1.43,1.12,4-in-1,,All-pixel PDAF (2x2 OCL),DOL-HDR,RGGB,,,OnePlus 9 Pro; OnePlus 10 Pro,https://spinformation.info/all/smartphone-image-sensor/,Existing catalog / official + SP information,Resolution_MP per https://www.oneplus.com/us/press/press-release/oneplus-launches-oneplus-9-series-flagship-smartphones-and-first. Sensor_Size per https://www.oneplus.com/us/press/press-release/oneplus-launches-oneplus-9-series-flagship-smartphones-and-first.,,High,https://www.oneplus.com/us/press/press-release/oneplus-launches-oneplus-9-series-flagship-smartphones-and-first,2,,,,0,OnePlus 10 Pro,OnePlus,Rear Main,2022,Snapdragon 8 Gen 1,https://helpix.ru/isensor/sony_imx789/,Helpix sensor database,https://helpix.ru/oneplus/10_pro/,Medium,PHONE:ONEPLUS10PRO,Not yet matched,,,,,,,,,,,,,,,,
Sony,IMX789 RGGB,SONY:IMX789 RGGB,IMX789 RGGB,,,Canonical product name,48,,1/1.43,1.12,4-in-1,,All-pixel PDAF (2x2 OCL),DOL-HDR,RGGB,,,OnePlus 9 Pro; OnePlus 10 Pro,https://spinformation.info/all/smartphone-image-sensor/,Existing catalog / official + SP information,Resolution_MP per https://www.oneplus.com/us/press/press-release/oneplus-launches-oneplus-9-series-flagship-smartphones-and-first. Sensor_Size per https://www.oneplus.com/us/press/press-release/oneplus-launches-oneplus-9-series-flagship-smartphones-and-first.,,High,https://www.oneplus.com/us/press/press-release/oneplus-launches-oneplus-9-series-flagship-smartphones-and-first,2,,,,0,OnePlus 9 Pro,OnePlus,Rear Main,2021,Snapdragon 888,https://helpix.ru/isensor/sony_imx789/,Helpix sensor database,https://helpix.ru/oneplus/9_pro/,Medium,PHONE:ONEPLUS9PRO,Not yet matched,,,,,,,,,,,,,,,,
Sony,IMX789 RYYB,SONY:IMX789 RYYB,IMX789 RYYB,,,Canonical product name,52,,1/1.35,1.12,4-in-1,,All-pixel PDAF (2x2 OCL),DOL-HDR,RYYB,,,HUAWEI P60 Pro,https://spinformation.info/all/smartphone-image-sensor/,Existing catalog / official + SP information,,,High,,1,,,,0,HUAWEI P60 Pro,Huawei,Unknown,2023,Snapdragon 8+ Gen 1,https://spinformation.info/all/smartphone-image-sensor/,Existing master Example_Phones,https://helpix.ru/huawei/p60_pro/,High,PHONE:P60PRO,Not yet matched,,,,,,,,,,,,,,,,
Sony,IMX800,SONY:IMX800,IMX800,,,Canonical product name,54,,1/1.49,1.0,4-in-1,,All-pixel PDAF (2x2 OCL),QDOL-HDR4,RGGB,,,Xiaomi 13; HONOR Magic 5; Nubia Z60 Ultra,https://spinformation.info/all/smartphone-image-sensor/,Existing catalog / official + SP information,,2022.0,High,https://helpix.ru/isensor/,3,,,,0,HONOR Magic 5,HONOR,Unknown,2023,Snapdragon 8 Gen 2,https://spinformation.info/all/smartphone-image-sensor/,Existing master Example_Phones,https://helpix.ru/honor/magic5/,High,PHONE:MAGIC5,Not yet matched,,,,,,,,,,,,,,,,
Sony,IMX800,SONY:IMX800,IMX800,,,Canonical product name,54,,1/1.49,1.0,4-in-1,,All-pixel PDAF (2x2 OCL),QDOL-HDR4,RGGB,,,Xiaomi 13; HONOR Magic 5; Nubia Z60 Ultra,https://spinformation.info/all/smartphone-image-sensor/,Existing catalog / official + SP information,,2022.0,High,https://helpix.ru/isensor/,3,,,,0,Nubia Z60 Ultra,nubia,Rear Main,2023,Snapdragon 8 Gen 3,https://helpix.ru/zte/nubia_z60_ultra/,Helpix phone specification,https://helpix.ru/zte/nubia_z60_ultra/,High,PHONE:NUBIAZ60ULTRA,Not yet matched,,,,,,,,,,,,,,,,
Sony,IMX800,SONY:IMX800,IMX800,,,Canonical product name,54,,1/1.49,1.0,4-in-1,,All-pixel PDAF (2x2 OCL),QDOL-HDR4,RGGB,,,Xiaomi 13; HONOR Magic 5; Nubia Z60 Ultra,https://spinformation.info/all/smartphone-image-sensor/,Existing catalog / official + SP information,,2022.0,High,https://helpix.ru/isensor/,3,,,,0,Xiaomi 13,Xiaomi,Rear Main,2022,Snapdragon 8 Gen 2,https://helpix.ru/xiaomi/13/,Helpix phone specification,https://helpix.ru/xiaomi/13/,High,PHONE:13,Not yet matched,,,,,,,,,,,,,,,,
Sony,IMX803,SONY:IMX803,IMX803,,,Canonical product name,48,,1/1.3,1.22,4-in-1,,All-pixel PDAF (DualPD),,RGGB,,,iPhone 14 Pro; iPhone 15 Pro,https://spinformation.info/all/smartphone-image-sensor/,Existing catalog / official + SP information,,2022.0,High,https://helpix.ru/isensor/,2,,,,1,iPhone 14 Pro,Apple,Rear Main,2022,A16 Bionic,https://helpix.ru/apple/iphone_14_pro/,Helpix phone specification,https://helpix.ru/apple/iphone_14_pro/,High,PHONE:IPHONE14PRO,Not yet matched,,,,,,,,,,,,,,,,
Sony,IMX803,SONY:IMX803,IMX803,,,Canonical product name,48,,1/1.3,1.22,4-in-1,,All-pixel PDAF (DualPD),,RGGB,,,iPhone 14 Pro; iPhone 15 Pro,https://spinformation.info/all/smartphone-image-sensor/,Existing catalog / official + SP information,,2022.0,High,https://helpix.ru/isensor/,2,,,,1,iPhone 15 Pro,Apple,Rear Main,2023,A17 Pro,https://helpix.ru/apple/iphone_15_pro/,Helpix phone specification,https://support.apple.com/ko-kr/111829,High,PHONE:IPHONE15PRO,Not yet matched,,,,,,,,,,,,,,,,
Sony,IMX816,SONY:IMX816,IMX816,,,Canonical product name,50,,1/2.93,0.6,4-in-1,,PDAF,,RGGB,,,Motorola Razr60 Ultra; iQOO 13; vivo X Fold3,https://spinformation.info/all/smartphone-image-sensor/,Existing catalog / official + SP information,Pixel_Size_um per https://www.techinsights.com/blog/sony-imx816-060-mm-device-essentials-folder. Sensor_Size per https://www.techinsights.com/blog/sony-imx816-060-mm-device-essentials-folder.,2023.0,High,https://helpix.ru/isensor/,3,,,,0,Motorola Razr60 Ultra,Motorola,Rear Ultra-wide,2025,Snapdragon 8 Elite,https://www.gsmarena.com/motorola_razr_60_ultra-review-2824p5.php,review,https://helpix.ru/motorola/razr_60_ultra/,High,PHONE:RAZR60ULTRA,Not yet matched,,,,,,,,,,,,,,,,
Sony,IMX816,SONY:IMX816,IMX816,,,Canonical product name,50,,1/2.93,0.6,4-in-1,,PDAF,,RGGB,,,Motorola Razr60 Ultra; iQOO 13; vivo X Fold3,https://spinformation.info/all/smartphone-image-sensor/,Existing catalog / official + SP information,Pixel_Size_um per https://www.techinsights.com/blog/sony-imx816-060-mm-device-essentials-folder. Sensor_Size per https://www.techinsights.com/blog/sony-imx816-060-mm-device-essentials-folder.,2023.0,High,https://helpix.ru/isensor/,3,,,,0,iQOO 13,iQOO,Rear Telephoto,2024,Snapdragon 8 Elite,https://helpix.ru/vivo/iqoo_13/,Helpix phone specification,https://helpix.ru/vivo/iqoo_13/,High,PHONE:IQOO13,Not yet matched,,,,,,,,,,,,,,,,
Sony,IMX816,SONY:IMX816,IMX816,,,Canonical product name,50,,1/2.93,0.6,4-in-1,,PDAF,,RGGB,,,Motorola Razr60 Ultra; iQOO 13; vivo X Fold3,https://spinformation.info/all/smartphone-image-sensor/,Existing catalog / official + SP information,Pixel_Size_um per https://www.techinsights.com/blog/sony-imx816-060-mm-device-essentials-folder. Sensor_Size per https://www.techinsights.com/blog/sony-imx816-060-mm-device-essentials-folder.,2023.0,High,https://helpix.ru/isensor/,3,,,,0,vivo X Fold3,vivo,Rear Telephoto,2024,Snapdragon 8 Gen 2,https://helpix.ru/vivo/x_fold3/,Helpix phone specification,https://helpix.ru/vivo/x_fold3/,High,PHONE:XFOLD3,Not yet matched,,,,,,,,,,,,,,,,
Sony,IMX852,SONY:IMX852,IMX852,,,Canonical product name,50,,1/2.96,0.6,,,,,,,,,https://helpix.ru/isensor/,Helpix smartphone sensor index,Added in ultra expansion; mobile-camera sensor index listing.,2024.0,Medium,,0,,,,0,,,,,,,,,,,No phone mapping,,,,,,,,,,,,,,,,
Sony,IMX854,SONY:IMX854,IMX854,,,Canonical product name,50,,1/2.51,0.7,4-in-1,,PDAF,,RGGB,,,Galaxy S24 Ultra; Galaxy S25 Ultra; Galaxy S26 Ultra,https://spinformation.info/all/smartphone-image-sensor/,Existing catalog / official + SP information,,2024.0,High,https://helpix.ru/isensor/,3,,,,0,Galaxy S24 Ultra,Samsung,Rear Telephoto,2024,Snapdragon 8 Gen 3,https://helpix.ru/samsung/galaxy_s24_ultra/,Helpix phone specification,https://helpix.ru/samsung/galaxy_s24_ultra/,High,PHONE:GALAXYS24ULTRA,Not yet matched,,,,,,,,,,,,,,,,
Sony,IMX854,SONY:IMX854,IMX854,,,Canonical product name,50,,1/2.51,0.7,4-in-1,,PDAF,,RGGB,,,Galaxy S24 Ultra; Galaxy S25 Ultra; Galaxy S26 Ultra,https://spinformation.info/all/smartphone-image-sensor/,Existing catalog / official + SP information,,2024.0,High,https://helpix.ru/isensor/,3,,,,0,Galaxy S25 Ultra,Samsung,Rear Telephoto,2025,Snapdragon 8 Elite for Galaxy,https://helpix.ru/samsung/galaxy_s25_ultra/,Helpix phone specification,https://helpix.ru/samsung/galaxy_s25_ultra/,High,PHONE:GALAXYS25ULTRA,Not yet matched,,,,,,,,,,,,,,,,
Sony,IMX854,SONY:IMX854,IMX854,,,Canonical product name,50,,1/2.51,0.7,4-in-1,,PDAF,,RGGB,,,Galaxy S24 Ultra; Galaxy S25 Ultra; Galaxy S26 Ultra,https://spinformation.info/all/smartphone-image-sensor/,Existing catalog / official + SP information,,2024.0,High,https://helpix.ru/isensor/,3,,,,0,Galaxy S26 Ultra,Samsung,Rear Telephoto,2026,Snapdragon 8 Elite Gen 5 for Galaxy,https://helpix.ru/samsung/galaxy_s26_ultra/,Helpix phone specification,https://helpix.ru/samsung/galaxy_s26_ultra/,High,PHONE:GALAXYS26ULTRA,Not yet matched,,,,,,,,,,,,,,,,
Sony,IMX856,SONY:IMX856,IMX856,,,Canonical product name,50,,1/2.51,0.7,4-in-1,,,,RGGB,,,HONOR 200; HONOR 200 Pro,https://spinformation.info/all/smartphone-image-sensor/,Existing catalog / official + SP information,,2024.0,High,https://helpix.ru/isensor/,2,,,,0,HONOR 200,HONOR,Rear Telephoto,2024,Snapdragon 7 Gen 3,https://helpix.ru/honor/200/,Helpix phone specification,https://helpix.ru/honor/200/,High,PHONE:200,Not yet matched,,,,,,,,,,,,,,,,
Sony,IMX856,SONY:IMX856,IMX856,,,Canonical product name,50,,1/2.51,0.7,4-in-1,,,,RGGB,,,HONOR 200; HONOR 200 Pro,https://spinformation.info/all/smartphone-image-sensor/,Existing catalog / official + SP information,,2024.0,High,https://helpix.ru/isensor/,2,,,,0,HONOR 200 Pro,HONOR,Rear Telephoto,2024,Snapdragon 8s Gen 3,https://www.gsmarena.com/honor_200_pro-review-2710p5.php,review,https://helpix.ru/honor/200_pro/,High,PHONE:200PRO,Verified normalized match,Honor 200 Pro,137,138,134,,,,,151,145,,May 2024,V5,https://www.dxomark.com/smartphones/Honor/200-Pro,DXOMARK device page,2026-09-26
Sony,IMX858,SONY:IMX858,IMX858,,,Canonical product name,50.3,,1/2.51,0.7,4-in-1,,All-pixel PDAF (2x2 OCL),,RGGB,,,Google Pixel 9 Pro; Xiaomi 14 Ultra; OPPO Find X7 Ultra,https://spinformation.info/all/smartphone-image-sensor/,Existing catalog / official + SP information,,,High,,3,,,,0,Google Pixel 9 Pro,Google,Unknown,2024,Tensor G4,https://spinformation.info/all/smartphone-image-sensor/,Existing master Example_Phones,https://helpix.ru/google/pixel_9_pro/,High,PHONE:PIXEL9PRO,Not yet matched,,,,,,,,,,,,,,,,
Sony,IMX858,SONY:IMX858,IMX858,,,Canonical product name,50.3,,1/2.51,0.7,4-in-1,,All-pixel PDAF (2x2 OCL),,RGGB,,,Google Pixel 9 Pro; Xiaomi 14 Ultra; OPPO Find X7 Ultra,https://spinformation.info/all/smartphone-image-sensor/,Existing catalog / official + SP information,,,High,,3,,,,0,Xiaomi 14 Ultra,Xiaomi,Rear Telephoto + Rear Ultra-wide,2024,Snapdragon 8 Gen 3,https://helpix.ru/xiaomi/14_ultra/,Helpix phone specification,https://helpix.ru/xiaomi/14_ultra/,High,PHONE:14ULTRA,Not yet matched,,,,,,,,,,,,,,,,
Sony,IMX858,SONY:IMX858,IMX858,,,Canonical product name,50.3,,1/2.51,0.7,4-in-1,,All-pixel PDAF (2x2 OCL),,RGGB,,,Google Pixel 9 Pro; Xiaomi 14 Ultra; OPPO Find X7 Ultra,https://spinformation.info/all/smartphone-image-sensor/,Existing catalog / official + SP information,,,High,,3,,,,0,OPPO Find X7 Ultra,OPPO,Rear Telephoto,2024.0,Snapdragon 8 Gen 3,https://helpix.ru/oppo/find_x7_ultra/,Helpix phone specification,https://helpix.ru/oppo/find_x7_ultra/,High,PHONE:FINDX7ULTRA,Not yet matched,,,,,,,,,,,,,,,,
Sony,IMX866,SONY:IMX866,IMX866,,,Canonical product name,50.3,,1/1.49,1.0,4-in-1,,All-pixel PDAF (2x2 OCL),,RGBW / RGGB,,,vivo X90; vivo X80; iQOO 11 Pro,https://spinformation.info/all/smartphone-image-sensor/,Existing catalog / official + SP information,,,High,,3,,,,0,iQOO 11 Pro,iQOO,Rear Main,2022,Snapdragon 8 Gen 2,https://helpix.ru/vivo/iqoo_11_pro/,Helpix phone specification,https://helpix.ru/vivo/iqoo_11_pro/,High,PHONE:IQOO11PRO,Not yet matched,,,,,,,,,,,,,,,,
Sony,IMX866,SONY:IMX866,IMX866,,,Canonical product name,50.3,,1/1.49,1.0,4-in-1,,All-pixel PDAF (2x2 OCL),,RGBW / RGGB,,,vivo X90; vivo X80; iQOO 11 Pro,https://spinformation.info/all/smartphone-image-sensor/,Existing catalog / official + SP information,,,High,,3,,,,0,vivo X80,vivo,Rear Main,2022,Dimensity 9000,https://helpix.ru/vivo/x80/,Helpix phone specification,https://helpix.ru/vivo/x80/,High,PHONE:X80,Not yet matched,,,,,,,,,,,,,,,,
Sony,IMX866,SONY:IMX866,IMX866,,,Canonical product name,50.3,,1/1.49,1.0,4-in-1,,All-pixel PDAF (2x2 OCL),,RGBW / RGGB,,,vivo X90; vivo X80; iQOO 11 Pro,https://spinformation.info/all/smartphone-image-sensor/,Existing catalog / official + SP information,,,High,,3,,,,0,vivo X90,vivo,Rear Main,2022,Dimensity 9200,https://helpix.ru/vivo/x90/,Helpix phone specification,https://helpix.ru/vivo/x90/,High,PHONE:X90,Not yet matched,,,,,,,,,,,,,,,,
Sony,LYTIA 600,SONY:IMX882,LYTIA 600,IMX882,LYTIA 600 / IMX882; LYT-600; LYTIA 600,Marketing+internal mapped,50,,1/1.95,0.8,4-in-1,,PDAF,,RGGB,,,POCO F6; Nothing CMF Phone 1; Realme GT7 Pro,https://spinformation.info/all/smartphone-image-sensor/,Existing catalog / official + SP information,Pixel_Size_um per https://helpix.ru/isensor/sony_imx882/.,,High,https://helpix.ru/isensor/sony_imx882/,61,Rear Main; Rear Telephoto; Rear Main + Rear Unknown,2025.0,2026.0,0,Nothing CMF Phone 1,Nothing,Rear Main,2024,Dimensity 7300,https://helpix.ru/nothing/cmf_phone_1/,Helpix phone specification,https://helpix.ru/nothing/cmf_phone_1/,High,PHONE:NOTHINGCMFPHONE1,Not yet matched,,,,,,,,,,,,,,,,
Sony,LYTIA 600,SONY:IMX882,LYTIA 600,IMX882,LYTIA 600 / IMX882; LYT-600; LYTIA 600,Marketing+internal mapped,50,,1/1.95,0.8,4-in-1,,PDAF,,RGGB,,,POCO F6; Nothing CMF Phone 1; Realme GT7 Pro,https://spinformation.info/all/smartphone-image-sensor/,Existing catalog / official + SP information,Pixel_Size_um per https://helpix.ru/isensor/sony_imx882/.,,High,https://helpix.ru/isensor/sony_imx882/,61,Rear Main; Rear Telephoto; Rear Main + Rear Unknown,2025.0,2026.0,0,POCO F6,Xiaomi,Rear Main,2024,Snapdragon 8s Gen 3,https://helpix.ru/xiaomi/poco_f6/,Helpix phone specification,https://helpix.ru/xiaomi/poco_f6/,High,PHONE:POCOF6,Not yet matched,,,,,,,,,,,,,,,,
Sony,LYTIA 600,SONY:IMX882,LYTIA 600,IMX882,LYTIA 600 / IMX882; LYT-600; LYTIA 600,Marketing+internal mapped,50,,1/1.95,0.8,4-in-1,,PDAF,,RGGB,,,POCO F6; Nothing CMF Phone 1; Realme GT7 Pro,https://spinformation.info/all/smartphone-image-sensor/,Existing catalog / official + SP information,Pixel_Size_um per https://helpix.ru/isensor/sony_imx882/.,,High,https://helpix.ru/isensor/sony_imx882/,61,Rear Main; Rear Telephoto; Rear Main + Rear Unknown,2025.0,2026.0,0,Realme GT7 Pro,Realme,Rear Telephoto,2024,Snapdragon 8 Elite,https://helpix.ru/realme/gt7_pro/,Helpix phone specification,https://helpix.ru/realme/gt7_pro/,High,PHONE:REALMEGT7PRO,Not yet matched,,,,,,,,,,,,,,,,
Sony,LYTIA 600,SONY:IMX882,LYTIA 600,IMX882,LYTIA 600 / IMX882; LYT-600; LYTIA 600,Marketing+internal mapped,50,,1/1.95,0.8,4-in-1,,PDAF,,RGGB,,,POCO F6; Nothing CMF Phone 1; Realme GT7 Pro,https://spinformation.info/all/smartphone-image-sensor/,Existing catalog / official + SP information,Pixel_Size_um per https://helpix.ru/isensor/sony_imx882/.,,High,https://helpix.ru/isensor/sony_imx882/,61,Rear Main; Rear Telephoto; Rear Main + Rear Unknown,2025.0,2026.0,0,Infinix Hot 60 Pro+,Infinix,Rear Main,2025.0,,https://helpix.ru/isensor/sony_imx882/,Helpix sensor-phone mapping,,High,PHONE:INFINIXHOT60PRO,Not yet matched,,,,,,,,,,,,,,,,
Sony,LYTIA 600,SONY:IMX882,LYTIA 600,IMX882,LYTIA 600 / IMX882; LYT-600; LYTIA 600,Marketing+internal mapped,50,,1/1.95,0.8,4-in-1,,PDAF,,RGGB,,,POCO F6; Nothing CMF Phone 1; Realme GT7 Pro,https://spinformation.info/all/smartphone-image-sensor/,Existing catalog / official + SP information,Pixel_Size_um per https://helpix.ru/isensor/sony_imx882/.,,High,https://helpix.ru/isensor/sony_imx882/,61,Rear Main; Rear Telephoto; Rear Main + Rear Unknown,2025.0,2026.0,0,Meizu 22,Meizu,Rear Telephoto,2025.0,,https://helpix.ru/isensor/sony_imx882/,Helpix sensor-phone mapping,,High,PHONE:MEIZU22,Not yet matched,,,,,,,,,,,,,,,,
Sony,LYTIA 600,SONY:IMX882,LYTIA 600,IMX882,LYTIA 600 / IMX882; LYT-600; LYTIA 600,Marketing+internal mapped,50,,1/1.95,0.8,4-in-1,,PDAF,,RGGB,,,POCO F6; Nothing CMF Phone 1; Realme GT7 Pro,https://spinformation.info/all/smartphone-image-sensor/,Existing catalog / official + SP information,Pixel_Size_um per https://helpix.ru/isensor/sony_imx882/.,,High,https://helpix.ru/isensor/sony_imx882/,61,Rear Main; Rear Telephoto; Rear Main + Rear Unknown,2025.0,2026.0,0,Meizu 22 China Flagship,Meizu,Rear Telephoto,2025.0,,https://helpix.ru/isensor/sony_imx882/,Helpix sensor-phone mapping,,High,PHONE:MEIZU22CHINAFLAGSHIP,Not yet matched,,,,,,,,,,,,,,,,
Sony,LYTIA 600,SONY:IMX882,LYTIA 600,IMX882,LYTIA 600 / IMX882; LYT-600; LYTIA 600,Marketing+internal mapped,50,,1/1.95,0.8,4-in-1,,PDAF,,RGGB,,,POCO F6; Nothing CMF Phone 1; Realme GT7 Pro,https://spinformation.info/all/smartphone-image-sensor/,Existing catalog / official + SP information,Pixel_Size_um per https://helpix.ru/isensor/sony_imx882/.,,High,https://helpix.ru/isensor/sony_imx882/,61,Rear Main; Rear Telephoto; Rear Main + Rear Unknown,2025.0,2026.0,0,OPPO Reno14 F 5G,OPPO,Rear Main,2025.0,,https://helpix.ru/isensor/sony_imx882/,Helpix sensor-phone mapping,,High,PHONE:RENO14F5G,Not yet matched,,,,,,,,,,,,,,,,
Sony,LYTIA 600,SONY:IMX882,LYTIA 600,IMX882,LYTIA 600 / IMX882; LYT-600; LYTIA 600,Marketing+internal mapped,50,,1/1.95,0.8,4-in-1,,PDAF,,RGGB,,,POCO F6; Nothing CMF Phone 1; Realme GT7 Pro,https://spinformation.info/all/smartphone-image-sensor/,Existing catalog / official + SP information,Pixel_Size_um per https://helpix.ru/isensor/sony_imx882/.,,High,https://helpix.ru/isensor/sony_imx882/,61,Rear Main; Rear Telephoto; Rear Main + Rear Unknown,2025.0,2026.0,0,OPPO Reno14 F 5G Dark Side Edition,OPPO,Rear Main,2025.0,,https://helpix.ru/isensor/sony_imx882/,Helpix sensor-phone mapping,,High,PHONE:RENO14F5GDARKSIDEEDITION,Not yet matched,,,,,,,,,,,,,,,,
Sony,LYTIA 600,SONY:IMX882,LYTIA 600,IMX882,LYTIA 600 / IMX882; LYT-600; LYTIA 600,Marketing+internal mapped,50,,1/1.95,0.8,4-in-1,,PDAF,,RGGB,,,POCO F6; Nothing CMF Phone 1; Realme GT7 Pro,https://spinformation.info/all/smartphone-image-sensor/,Existing catalog / official + SP information,Pixel_Size_um per https://helpix.ru/isensor/sony_imx882/.,,High,https://helpix.ru/isensor/sony_imx882/,61,Rear Main; Rear Telephoto; Rear Main + Rear Unknown,2025.0,2026.0,0,OPPO Reno14 FS 5G,OPPO,Rear Main,2025.0,,https://helpix.ru/isensor/sony_imx882/,Helpix sensor-phone mapping,,High,PHONE:RENO14FS5G,Not yet matched,,,,,,,,,,,,,,,,
Sony,LYTIA 600,SONY:IMX882,LYTIA 600,IMX882,LYTIA 600 / IMX882; LYT-600; LYTIA 600,Marketing+internal mapped,50,,1/1.95,0.8,4-in-1,,PDAF,,RGGB,,,POCO F6; Nothing CMF Phone 1; Realme GT7 Pro,https://spinformation.info/all/smartphone-image-sensor/,Existing catalog / official + SP information,Pixel_Size_um per https://helpix.ru/isensor/sony_imx882/.,,High,https://helpix.ru/isensor/sony_imx882/,61,Rear Main; Rear Telephoto; Rear Main + Rear Unknown,2025.0,2026.0,0,OnePlus Ace 5 Racing Edition,OnePlus,Rear Main,2025.0,,https://helpix.ru/isensor/sony_imx882/,Helpix sensor-phone mapping,,High,PHONE:ONEPLUSACE5RACINGEDITION,Not yet matched,,,,,,,,,,,,,,,,
Sony,LYTIA 600,SONY:IMX882,LYTIA 600,IMX882,LYTIA 600 / IMX882; LYT-600; LYTIA 600,Marketing+internal mapped,50,,1/1.95,0.8,4-in-1,,PDAF,,RGGB,,,POCO F6; Nothing CMF Phone 1; Realme GT7 Pro,https://spinformation.info/all/smartphone-image-sensor/,Existing catalog / official + SP information,Pixel_Size_um per https://helpix.ru/isensor/sony_imx882/.,,High,https://helpix.ru/isensor/sony_imx882/,61,Rear Main; Rear Telephoto; Rear Main + Rear Unknown,2025.0,2026.0,0,Realme 14 Pro,Realme,Rear Main,2025.0,,https://helpix.ru/isensor/sony_imx882/,Helpix sensor-phone mapping,,High,PHONE:REALME14PRO,Not yet matched,,,,,,,,,,,,,,,,
Sony,LYTIA 600,SONY:IMX882,LYTIA 600,IMX882,LYTIA 600 / IMX882; LYT-600; LYTIA 600,Marketing+internal mapped,50,,1/1.95,0.8,4-in-1,,PDAF,,RGGB,,,POCO F6; Nothing CMF Phone 1; Realme GT7 Pro,https://spinformation.info/all/smartphone-image-sensor/,Existing catalog / official + SP information,Pixel_Size_um per https://helpix.ru/isensor/sony_imx882/.,,High,https://helpix.ru/isensor/sony_imx882/,61,Rear Main; Rear Telephoto; Rear Main + Rear Unknown,2025.0,2026.0,0,Realme 14 Pro+,Realme,Rear Telephoto,2025.0,,https://helpix.ru/isensor/sony_imx882/,Helpix sensor-phone mapping,,High,PHONE:REALME14PROPLUS,Not yet matched,,,,,,,,,,,,,,,,
Sony,LYTIA 600,SONY:IMX882,LYTIA 600,IMX882,LYTIA 600 / IMX882; LYT-600; LYTIA 600,Marketing+internal mapped,50,,1/1.95,0.8,4-in-1,,PDAF,,RGGB,,,POCO F6; Nothing CMF Phone 1; Realme GT7 Pro,https://spinformation.info/all/smartphone-image-sensor/,Existing catalog / official + SP information,Pixel_Size_um per https://helpix.ru/isensor/sony_imx882/.,,High,https://helpix.ru/isensor/sony_imx882/,61,Rear Main; Rear Telephoto; Rear Main + Rear Unknown,2025.0,2026.0,0,Realme 15 5G 6500mAh,Realme,Rear Main,2025.0,,https://helpix.ru/isensor/sony_imx882/,Helpix sensor-phone mapping,,High,PHONE:REALME155G6500MAH,Not yet matched,,,,,,,,,,,,,,,,
Sony,LYTIA 600,SONY:IMX882,LYTIA 600,IMX882,LYTIA 600 / IMX882; LYT-600; LYTIA 600,Marketing+internal mapped,50,,1/1.95,0.8,4-in-1,,PDAF,,RGGB,,,POCO F6; Nothing CMF Phone 1; Realme GT7 Pro,https://spinformation.info/all/smartphone-image-sensor/,Existing catalog / official + SP information,Pixel_Size_um per https://helpix.ru/isensor/sony_imx882/.,,High,https://helpix.ru/isensor/sony_imx882/,61,Rear Main; Rear Telephoto; Rear Main + Rear Unknown,2025.0,2026.0,0,Realme 15 5G Global China,Realme,Rear Main,2025.0,,https://helpix.ru/isensor/sony_imx882/,Helpix sensor-phone mapping,,High,PHONE:REALME155GGLOBALCHINA,Not yet matched,,,,,,,,,,,,,,,,
Sony,LYTIA 600,SONY:IMX882,LYTIA 600,IMX882,LYTIA 600 / IMX882; LYT-600; LYTIA 600,Marketing+internal mapped,50,,1/1.95,0.8,4-in-1,,PDAF,,RGGB,,,POCO F6; Nothing CMF Phone 1; Realme GT7 Pro,https://spinformation.info/all/smartphone-image-sensor/,Existing catalog / official + SP information,Pixel_Size_um per https://helpix.ru/isensor/sony_imx882/.,,High,https://helpix.ru/isensor/sony_imx882/,61,Rear Main; Rear Telephoto; Rear Main + Rear Unknown,2025.0,2026.0,0,Realme 15 5G India,Realme,Rear Main,2025.0,,https://helpix.ru/isensor/sony_imx882/,Helpix sensor-phone mapping,,High,PHONE:REALME155GINDIA,Not yet matched,,,,,,,,,,,,,,,,
Sony,LYTIA 600,SONY:IMX882,LYTIA 600,IMX882,LYTIA 600 / IMX882; LYT-600; LYTIA 600,Marketing+internal mapped,50,,1/1.95,0.8,4-in-1,,PDAF,,RGGB,,,POCO F6; Nothing CMF Phone 1; Realme GT7 Pro,https://spinformation.info/all/smartphone-image-sensor/,Existing catalog / official + SP information,Pixel_Size_um per https://helpix.ru/isensor/sony_imx882/.,,High,https://helpix.ru/isensor/sony_imx882/,61,Rear Main; Rear Telephoto; Rear Main + Rear Unknown,2025.0,2026.0,0,Realme Narzo 80 Pro 5G,Realme,Rear Main,2025.0,,https://helpix.ru/isensor/sony_imx882/,Helpix sensor-phone mapping,,High,PHONE:REALMENARZO80PRO5G,Not yet matched,,,,,,,,,,,,,,,,
Sony,LYTIA 600,SONY:IMX882,LYTIA 600,IMX882,LYTIA 600 / IMX882; LYT-600; LYTIA 600,Marketing+internal mapped,50,,1/1.95,0.8,4-in-1,,PDAF,,RGGB,,,POCO F6; Nothing CMF Phone 1; Realme GT7 Pro,https://spinformation.info/all/smartphone-image-sensor/,Existing catalog / official + SP information,Pixel_Size_um per https://helpix.ru/isensor/sony_imx882/.,,High,https://helpix.ru/isensor/sony_imx882/,61,Rear Main; Rear Telephoto; Rear Main + Rear Unknown,2025.0,2026.0,0,Realme Neo7 SE,Realme,Rear Main,2025.0,,https://helpix.ru/isensor/sony_imx882/,Helpix sensor-phone mapping,,High,PHONE:REALMENEO7SE,Not yet matched,,,,,,,,,,,,,,,,
Sony,LYTIA 600,SONY:IMX882,LYTIA 600,IMX882,LYTIA 600 / IMX882; LYT-600; LYTIA 600,Marketing+internal mapped,50,,1/1.95,0.8,4-in-1,,PDAF,,RGGB,,,POCO F6; Nothing CMF Phone 1; Realme GT7 Pro,https://spinformation.info/all/smartphone-image-sensor/,Existing catalog / official + SP information,Pixel_Size_um per https://helpix.ru/isensor/sony_imx882/.,,High,https://helpix.ru/isensor/sony_imx882/,61,Rear Main; Rear Telephoto; Rear Main + Rear Unknown,2025.0,2026.0,0,Realme Neo7 Turbo,Realme,Rear Main,2025.0,,https://helpix.ru/isensor/sony_imx882/,Helpix sensor-phone mapping,,High,PHONE:REALMENEO7TURBO,Not yet matched,,,,,,,,,,,,,,,,
Sony,LYTIA 600,SONY:IMX882,LYTIA 600,IMX882,LYTIA 600 / IMX882; LYT-600; LYTIA 600,Marketing+internal mapped,50,,1/1.95,0.8,4-in-1,,PDAF,,RGGB,,,POCO F6; Nothing CMF Phone 1; Realme GT7 Pro,https://spinformation.info/all/smartphone-image-sensor/,Existing catalog / official + SP information,Pixel_Size_um per https://helpix.ru/isensor/sony_imx882/.,,High,https://helpix.ru/isensor/sony_imx882/,61,Rear Main; Rear Telephoto; Rear Main + Rear Unknown,2025.0,2026.0,0,Galaxy A36 5G,Samsung,Rear Main,2025.0,,https://helpix.ru/isensor/sony_imx882/,Helpix sensor-phone mapping,,High,PHONE:GALAXYA365G,Not yet matched,,,,,,,,,,,,,,,,
Sony,LYTIA 600,SONY:IMX882,LYTIA 600,IMX882,LYTIA 600 / IMX882; LYT-600; LYTIA 600,Marketing+internal mapped,50,,1/1.95,0.8,4-in-1,,PDAF,,RGGB,,,POCO F6; Nothing CMF Phone 1; Realme GT7 Pro,https://spinformation.info/all/smartphone-image-sensor/,Existing catalog / official + SP information,Pixel_Size_um per https://helpix.ru/isensor/sony_imx882/.,,High,https://helpix.ru/isensor/sony_imx882/,61,Rear Main; Rear Telephoto; Rear Main + Rear Unknown,2025.0,2026.0,0,Vivo S30,vivo,Rear Telephoto,2025.0,,https://helpix.ru/isensor/sony_imx882/,Helpix sensor-phone mapping,,High,PHONE:S30,Not yet matched,,,,,,,,,,,,,,,,
Sony,LYTIA 600,SONY:IMX882,LYTIA 600,IMX882,LYTIA 600 / IMX882; LYT-600; LYTIA 600,Marketing+internal mapped,50,,1/1.95,0.8,4-in-1,,PDAF,,RGGB,,,POCO F6; Nothing CMF Phone 1; Realme GT7 Pro,https://spinformation.info/all/smartphone-image-sensor/,Existing catalog / official + SP information,Pixel_Size_um per https://helpix.ru/isensor/sony_imx882/.,,High,https://helpix.ru/isensor/sony_imx882/,61,Rear Main; Rear Telephoto; Rear Main + Rear Unknown,2025.0,2026.0,0,Vivo S30 Pro mini,vivo,Rear Telephoto,2025.0,,https://helpix.ru/isensor/sony_imx882/,Helpix sensor-phone mapping,,High,PHONE:S30PROMINI,Not yet matched,,,,,,,,,,,,,,,,
Sony,LYTIA 600,SONY:IMX882,LYTIA 600,IMX882,LYTIA 600 / IMX882; LYT-600; LYTIA 600,Marketing+internal mapped,50,,1/1.95,0.8,4-in-1,,PDAF,,RGGB,,,POCO F6; Nothing CMF Phone 1; Realme GT7 Pro,https://spinformation.info/all/smartphone-image-sensor/,Existing catalog / official + SP information,Pixel_Size_um per https://helpix.ru/isensor/sony_imx882/.,,High,https://helpix.ru/isensor/sony_imx882/,61,Rear Main; Rear Telephoto; Rear Main + Rear Unknown,2025.0,2026.0,0,Vivo S50,vivo,Rear Telephoto,2025.0,,https://helpix.ru/isensor/sony_imx882/,Helpix sensor-phone mapping,,High,PHONE:S50,Not yet matched,,,,,,,,,,,,,,,,
Sony,LYTIA 600,SONY:IMX882,LYTIA 600,IMX882,LYTIA 600 / IMX882; LYT-600; LYTIA 600,Marketing+internal mapped,50,,1/1.95,0.8,4-in-1,,PDAF,,RGGB,,,POCO F6; Nothing CMF Phone 1; Realme GT7 Pro,https://spinformation.info/all/smartphone-image-sensor/,Existing catalog / official + SP information,Pixel_Size_um per https://helpix.ru/isensor/sony_imx882/.,,High,https://helpix.ru/isensor/sony_imx882/,61,Rear Main; Rear Telephoto; Rear Main + Rear Unknown,2025.0,2026.0,0,Vivo S50 Pro Mini,vivo,Rear Telephoto,2025.0,,https://helpix.ru/isensor/sony_imx882/,Helpix sensor-phone mapping,,High,PHONE:S50PROMINI,Not yet matched,,,,,,,,,,,,,,,,
Sony,LYTIA 600,SONY:IMX882,LYTIA 600,IMX882,LYTIA 600 / IMX882; LYT-600; LYTIA 600,Marketing+internal mapped,50,,1/1.95,0.8,4-in-1,,PDAF,,RGGB,,,POCO F6; Nothing CMF Phone 1; Realme GT7 Pro,https://spinformation.info/all/smartphone-image-sensor/,Existing catalog / official + SP information,Pixel_Size_um per https://helpix.ru/isensor/sony_imx882/.,,High,https://helpix.ru/isensor/sony_imx882/,61,Rear Main; Rear Telephoto; Rear Main + Rear Unknown,2025.0,2026.0,0,Vivo T4 5G,vivo,Rear Main,2025.0,,https://helpix.ru/isensor/sony_imx882/,Helpix sensor-phone mapping,,High,PHONE:T45G,Not yet matched,,,,,,,,,,,,,,,,
Sony,LYTIA 600,SONY:IMX882,LYTIA 600,IMX882,LYTIA 600 / IMX882; LYT-600; LYTIA 600,Marketing+internal mapped,50,,1/1.95,0.8,4-in-1,,PDAF,,RGGB,,,POCO F6; Nothing CMF Phone 1; Realme GT7 Pro,https://spinformation.info/all/smartphone-image-sensor/,Existing catalog / official + SP information,Pixel_Size_um per https://helpix.ru/isensor/sony_imx882/.,,High,https://helpix.ru/isensor/sony_imx882/,61,Rear Main; Rear Telephoto; Rear Main + Rear Unknown,2025.0,2026.0,0,Vivo T4 Pro,vivo,Rear Main + Rear Unknown,2025.0,,https://helpix.ru/isensor/sony_imx882/,Helpix sensor-phone mapping,,High,PHONE:T4PRO,Not yet matched,,,,,,,,,,,,,,,,
Sony,LYTIA 600,SONY:IMX882,LYTIA 600,IMX882,LYTIA 600 / IMX882; LYT-600; LYTIA 600,Marketing+internal mapped,50,,1/1.95,0.8,4-in-1,,PDAF,,RGGB,,,POCO F6; Nothing CMF Phone 1; Realme GT7 Pro,https://spinformation.info/all/smartphone-image-sensor/,Existing catalog / official + SP information,Pixel_Size_um per https://helpix.ru/isensor/sony_imx882/.,,High,https://helpix.ru/isensor/sony_imx882/,61,Rear Main; Rear Telephoto; Rear Main + Rear Unknown,2025.0,2026.0,0,Vivo T4 Ultra,vivo,Rear Telephoto,2025.0,,https://helpix.ru/isensor/sony_imx882/,Helpix sensor-phone mapping,,High,PHONE:T4ULTRA,Not yet matched,,,,,,,,,,,,,,,,
Sony,LYTIA 600,SONY:IMX882,LYTIA 600,IMX882,LYTIA 600 / IMX882; LYT-600; LYTIA 600,Marketing+internal mapped,50,,1/1.95,0.8,4-in-1,,PDAF,,RGGB,,,POCO F6; Nothing CMF Phone 1; Realme GT7 Pro,https://spinformation.info/all/smartphone-image-sensor/,Existing catalog / official + SP information,Pixel_Size_um per https://helpix.ru/isensor/sony_imx882/.,,High,https://helpix.ru/isensor/sony_imx882/,61,Rear Main; Rear Telephoto; Rear Main + Rear Unknown,2025.0,2026.0,0,Vivo T4R 5G,vivo,Rear Main,2025.0,,https://helpix.ru/isensor/sony_imx882/,Helpix sensor-phone mapping,,High,PHONE:T4R5G,Not yet matched,,,,,,,,,,,,,,,,
Sony,LYTIA 600,SONY:IMX882,LYTIA 600,IMX882,LYTIA 600 / IMX882; LYT-600; LYTIA 600,Marketing+internal mapped,50,,1/1.95,0.8,4-in-1,,PDAF,,RGGB,,,POCO F6; Nothing CMF Phone 1; Realme GT7 Pro,https://spinformation.info/all/smartphone-image-sensor/,Existing catalog / official + SP information,Pixel_Size_um per https://helpix.ru/isensor/sony_imx882/.,,High,https://helpix.ru/isensor/sony_imx882/,61,Rear Main; Rear Telephoto; Rear Main + Rear Unknown,2025.0,2026.0,0,Vivo V50 Lite 4G,vivo,Rear Main,2025.0,,https://helpix.ru/isensor/sony_imx882/,Helpix sensor-phone mapping,,High,PHONE:V50LITE4G,Not yet matched,,,,,,,,,,,,,,,,
Sony,LYTIA 600,SONY:IMX882,LYTIA 600,IMX882,LYTIA 600 / IMX882; LYT-600; LYTIA 600,Marketing+internal mapped,50,,1/1.95,0.8,4-in-1,,PDAF,,RGGB,,,POCO F6; Nothing CMF Phone 1; Realme GT7 Pro,https://spinformation.info/all/smartphone-image-sensor/,Existing catalog / official + SP information,Pixel_Size_um per https://helpix.ru/isensor/sony_imx882/.,,High,https://helpix.ru/isensor/sony_imx882/,61,Rear Main; Rear Telephoto; Rear Main + Rear Unknown,2025.0,2026.0,0,Vivo V50 Lite 5G,vivo,Rear Main,2025.0,,https://helpix.ru/isensor/sony_imx882/,Helpix sensor-phone mapping,,High,PHONE:V50LITE5G,Not yet matched,,,,,,,,,,,,,,,,
Sony,LYTIA 600,SONY:IMX882,LYTIA 600,IMX882,LYTIA 600 / IMX882; LYT-600; LYTIA 600,Marketing+internal mapped,50,,1/1.95,0.8,4-in-1,,PDAF,,RGGB,,,POCO F6; Nothing CMF Phone 1; Realme GT7 Pro,https://spinformation.info/all/smartphone-image-sensor/,Existing catalog / official + SP information,Pixel_Size_um per https://helpix.ru/isensor/sony_imx882/.,,High,https://helpix.ru/isensor/sony_imx882/,61,Rear Main; Rear Telephoto; Rear Main + Rear Unknown,2025.0,2026.0,0,Vivo V50e,vivo,Rear Main,2025.0,,https://helpix.ru/isensor/sony_imx882/,Helpix sensor-phone mapping,,High,PHONE:V50E,Not yet matched,,,,,,,,,,,,,,,,
Sony,LYTIA 600,SONY:IMX882,LYTIA 600,IMX882,LYTIA 600 / IMX882; LYT-600; LYTIA 600,Marketing+internal mapped,50,,1/1.95,0.8,4-in-1,,PDAF,,RGGB,,,POCO F6; Nothing CMF Phone 1; Realme GT7 Pro,https://spinformation.info/all/smartphone-image-sensor/,Existing catalog / official + SP information,Pixel_Size_um per https://helpix.ru/isensor/sony_imx882/.,,High,https://helpix.ru/isensor/sony_imx882/,61,Rear Main; Rear Telephoto; Rear Main + Rear Unknown,2025.0,2026.0,0,Vivo V60,vivo,Rear Telephoto,2025.0,,https://helpix.ru/isensor/sony_imx882/,Helpix sensor-phone mapping,,High,PHONE:V60,Not yet matched,,,,,,,,,,,,,,,,
Sony,LYTIA 600,SONY:IMX882,LYTIA 600,IMX882,LYTIA 600 / IMX882; LYT-600; LYTIA 600,Marketing+internal mapped,50,,1/1.95,0.8,4-in-1,,PDAF,,RGGB,,,POCO F6; Nothing CMF Phone 1; Realme GT7 Pro,https://spinformation.info/all/smartphone-image-sensor/,Existing catalog / official + SP information,Pixel_Size_um per https://helpix.ru/isensor/sony_imx882/.,,High,https://helpix.ru/isensor/sony_imx882/,61,Rear Main; Rear Telephoto; Rear Main + Rear Unknown,2025.0,2026.0,0,Vivo V60 Lite 4G,vivo,Rear Main,2025.0,,https://helpix.ru/isensor/sony_imx882/,Helpix sensor-phone mapping,,High,PHONE:V60LITE4G,Not yet matched,,,,,,,,,,,,,,,,
Sony,LYTIA 600,SONY:IMX882,LYTIA 600,IMX882,LYTIA 600 / IMX882; LYT-600; LYTIA 600,Marketing+internal mapped,50,,1/1.95,0.8,4-in-1,,PDAF,,RGGB,,,POCO F6; Nothing CMF Phone 1; Realme GT7 Pro,https://spinformation.info/all/smartphone-image-sensor/,Existing catalog / official + SP information,Pixel_Size_um per https://helpix.ru/isensor/sony_imx882/.,,High,https://helpix.ru/isensor/sony_imx882/,61,Rear Main; Rear Telephoto; Rear Main + Rear Unknown,2025.0,2026.0,0,Vivo V60 Lite 5G,vivo,Rear Main,2025.0,,https://helpix.ru/isensor/sony_imx882/,Helpix sensor-phone mapping,,High,PHONE:V60LITE5G,Not yet matched,,,,,,,,,,,,,,,,
Sony,LYTIA 600,SONY:IMX882,LYTIA 600,IMX882,LYTIA 600 / IMX882; LYT-600; LYTIA 600,Marketing+internal mapped,50,,1/1.95,0.8,4-in-1,,PDAF,,RGGB,,,POCO F6; Nothing CMF Phone 1; Realme GT7 Pro,https://spinformation.info/all/smartphone-image-sensor/,Existing catalog / official + SP information,Pixel_Size_um per https://helpix.ru/isensor/sony_imx882/.,,High,https://helpix.ru/isensor/sony_imx882/,61,Rear Main; Rear Telephoto; Rear Main + Rear Unknown,2025.0,2026.0,0,Vivo X Fold5,vivo,Rear Telephoto,2025.0,Snapdragon 8 Gen 3,https://helpix.ru/isensor/sony_imx882/,Helpix sensor-phone mapping,https://helpix.ru/vivo/x_fold5/,High,PHONE:XFOLD5,Not yet matched,,,,,,,,,,,,,,,,
Sony,LYTIA 600,SONY:IMX882,LYTIA 600,IMX882,LYTIA 600 / IMX882; LYT-600; LYTIA 600,Marketing+internal mapped,50,,1/1.95,0.8,4-in-1,,PDAF,,RGGB,,,POCO F6; Nothing CMF Phone 1; Realme GT7 Pro,https://spinformation.info/all/smartphone-image-sensor/,Existing catalog / official + SP information,Pixel_Size_um per https://helpix.ru/isensor/sony_imx882/.,,High,https://helpix.ru/isensor/sony_imx882/,61,Rear Main; Rear Telephoto; Rear Main + Rear Unknown,2025.0,2026.0,0,Vivo X200 FE,vivo,Rear Telephoto,2025.0,Dimensity 9300+,https://helpix.ru/isensor/sony_imx882/,Helpix sensor-phone mapping,https://helpix.ru/vivo/x200_fe/,High,PHONE:X200FE,Not yet matched,,,,,,,,,,,,,,,,
Sony,LYTIA 600,SONY:IMX882,LYTIA 600,IMX882,LYTIA 600 / IMX882; LYT-600; LYTIA 600,Marketing+internal mapped,50,,1/1.95,0.8,4-in-1,,PDAF,,RGGB,,,POCO F6; Nothing CMF Phone 1; Realme GT7 Pro,https://spinformation.info/all/smartphone-image-sensor/,Existing catalog / official + SP information,Pixel_Size_um per https://helpix.ru/isensor/sony_imx882/.,,High,https://helpix.ru/isensor/sony_imx882/,61,Rear Main; Rear Telephoto; Rear Main + Rear Unknown,2025.0,2026.0,0,Vivo X200s,vivo,Rear Telephoto,2025.0,,https://helpix.ru/isensor/sony_imx882/,Helpix sensor-phone mapping,,High,PHONE:X200S,Not yet matched,,,,,,,,,,,,,,,,
Sony,LYTIA 600,SONY:IMX882,LYTIA 600,IMX882,LYTIA 600 / IMX882; LYT-600; LYTIA 600,Marketing+internal mapped,50,,1/1.95,0.8,4-in-1,,PDAF,,RGGB,,,POCO F6; Nothing CMF Phone 1; Realme GT7 Pro,https://spinformation.info/all/smartphone-image-sensor/,Existing catalog / official + SP information,Pixel_Size_um per https://helpix.ru/isensor/sony_imx882/.,,High,https://helpix.ru/isensor/sony_imx882/,61,Rear Main; Rear Telephoto; Rear Main + Rear Unknown,2025.0,2026.0,0,Vivo Y400 Pro 5G,vivo,Rear Main,2025.0,,https://helpix.ru/isensor/sony_imx882/,Helpix sensor-phone mapping,,High,PHONE:Y400PRO5G,Not yet matched,,,,,,,,,,,,,,,,
Sony,LYTIA 600,SONY:IMX882,LYTIA 600,IMX882,LYTIA 600 / IMX882; LYT-600; LYTIA 600,Marketing+internal mapped,50,,1/1.95,0.8,4-in-1,,PDAF,,RGGB,,,POCO F6; Nothing CMF Phone 1; Realme GT7 Pro,https://spinformation.info/all/smartphone-image-sensor/,Existing catalog / official + SP information,Pixel_Size_um per https://helpix.ru/isensor/sony_imx882/.,,High,https://helpix.ru/isensor/sony_imx882/,61,Rear Main; Rear Telephoto; Rear Main + Rear Unknown,2025.0,2026.0,0,Vivo iQOO 15,vivo,Rear Telephoto,2025.0,,https://helpix.ru/isensor/sony_imx882/,Helpix sensor-phone mapping,,High,PHONE:IQOO15,Not yet matched,,,,,,,,,,,,,,,,
Sony,LYTIA 600,SONY:IMX882,LYTIA 600,IMX882,LYTIA 600 / IMX882; LYT-600; LYTIA 600,Marketing+internal mapped,50,,1/1.95,0.8,4-in-1,,PDAF,,RGGB,,,POCO F6; Nothing CMF Phone 1; Realme GT7 Pro,https://spinformation.info/all/smartphone-image-sensor/,Existing catalog / official + SP information,Pixel_Size_um per https://helpix.ru/isensor/sony_imx882/.,,High,https://helpix.ru/isensor/sony_imx882/,61,Rear Main; Rear Telephoto; Rear Main + Rear Unknown,2025.0,2026.0,0,Infinix Hot 70 Pro 5G+,Infinix,Rear Main,2026.0,,https://helpix.ru/isensor/sony_imx882/,Helpix sensor-phone mapping,,High,PHONE:INFINIXHOT70PRO5G,Not yet matched,,,,,,,,,,,,,,,,
Sony,LYTIA 600,SONY:IMX882,LYTIA 600,IMX882,LYTIA 600 / IMX882; LYT-600; LYTIA 600,Marketing+internal mapped,50,,1/1.95,0.8,4-in-1,,PDAF,,RGGB,,,POCO F6; Nothing CMF Phone 1; Realme GT7 Pro,https://spinformation.info/all/smartphone-image-sensor/,Existing catalog / official + SP information,Pixel_Size_um per https://helpix.ru/isensor/sony_imx882/.,,High,https://helpix.ru/isensor/sony_imx882/,61,Rear Main; Rear Telephoto; Rear Main + Rear Unknown,2025.0,2026.0,0,Motorola razr Fold,Motorola,Rear Telephoto,2026.0,,https://helpix.ru/isensor/sony_imx882/,Helpix sensor-phone mapping,,High,PHONE:RAZRFOLD,Verified normalized match,Motorola Razr Fold,164,,,,,,,,,1999,Mar 2026,V6,https://www.dxomark.com/smartphones/,DXOMARK ranking,2026-09-26
Sony,LYTIA 600,SONY:IMX882,LYTIA 600,IMX882,LYTIA 600 / IMX882; LYT-600; LYTIA 600,Marketing+internal mapped,50,,1/1.95,0.8,4-in-1,,PDAF,,RGGB,,,POCO F6; Nothing CMF Phone 1; Realme GT7 Pro,https://spinformation.info/all/smartphone-image-sensor/,Existing catalog / official + SP information,Pixel_Size_um per https://helpix.ru/isensor/sony_imx882/.,,High,https://helpix.ru/isensor/sony_imx882/,61,Rear Main; Rear Telephoto; Rear Main + Rear Unknown,2025.0,2026.0,0,Realme Narzo Power 5G,Realme,Rear Main,2026.0,,https://helpix.ru/isensor/sony_imx882/,Helpix sensor-phone mapping,,High,PHONE:REALMENARZOPOWER5G,Not yet matched,,,,,,,,,,,,,,,,
Sony,LYTIA 600,SONY:IMX882,LYTIA 600,IMX882,LYTIA 600 / IMX882; LYT-600; LYTIA 600,Marketing+internal mapped,50,,1/1.95,0.8,4-in-1,,PDAF,,RGGB,,,POCO F6; Nothing CMF Phone 1; Realme GT7 Pro,https://spinformation.info/all/smartphone-image-sensor/,Existing catalog / official + SP information,Pixel_Size_um per https://helpix.ru/isensor/sony_imx882/.,,High,https://helpix.ru/isensor/sony_imx882/,61,Rear Main; Rear Telephoto; Rear Main + Rear Unknown,2025.0,2026.0,0,Realme P4 Power,Realme,Rear Main,2026.0,,https://helpix.ru/isensor/sony_imx882/,Helpix sensor-phone mapping,,High,PHONE:REALMEP4POWER,Not yet matched,,,,,,,,,,,,,,,,
Sony,LYTIA 600,SONY:IMX882,LYTIA 600,IMX882,LYTIA 600 / IMX882; LYT-600; LYTIA 600,Marketing+internal mapped,50,,1/1.95,0.8,4-in-1,,PDAF,,RGGB,,,POCO F6; Nothing CMF Phone 1; Realme GT7 Pro,https://spinformation.info/all/smartphone-image-sensor/,Existing catalog / official + SP information,Pixel_Size_um per https://helpix.ru/isensor/sony_imx882/.,,High,https://helpix.ru/isensor/sony_imx882/,61,Rear Main; Rear Telephoto; Rear Main + Rear Unknown,2025.0,2026.0,0,Vivo S50t,vivo,Rear Telephoto,2026.0,,https://helpix.ru/isensor/sony_imx882/,Helpix sensor-phone mapping,,High,PHONE:S50T,Not yet matched,,,,,,,,,,,,,,,,
Sony,LYTIA 600,SONY:IMX882,LYTIA 600,IMX882,LYTIA 600 / IMX882; LYT-600; LYTIA 600,Marketing+internal mapped,50,,1/1.95,0.8,4-in-1,,PDAF,,RGGB,,,POCO F6; Nothing CMF Phone 1; Realme GT7 Pro,https://spinformation.info/all/smartphone-image-sensor/,Existing catalog / official + SP information,Pixel_Size_um per https://helpix.ru/isensor/sony_imx882/.,,High,https://helpix.ru/isensor/sony_imx882/,61,Rear Main; Rear Telephoto; Rear Main + Rear Unknown,2025.0,2026.0,0,Vivo S50t Vitality Edition,vivo,Rear Telephoto,2026.0,,https://helpix.ru/isensor/sony_imx882/,Helpix sensor-phone mapping,,High,PHONE:S50TVITALITYEDITION,Not yet matched,,,,,,,,,,,,,,,,
Sony,LYTIA 600,SONY:IMX882,LYTIA 600,IMX882,LYTIA 600 / IMX882; LYT-600; LYTIA 600,Marketing+internal mapped,50,,1/1.95,0.8,4-in-1,,PDAF,,RGGB,,,POCO F6; Nothing CMF Phone 1; Realme GT7 Pro,https://spinformation.info/all/smartphone-image-sensor/,Existing catalog / official + SP information,Pixel_Size_um per https://helpix.ru/isensor/sony_imx882/.,,High,https://helpix.ru/isensor/sony_imx882/,61,Rear Main; Rear Telephoto; Rear Main + Rear Unknown,2025.0,2026.0,0,Vivo S60,vivo,Rear Telephoto,2026.0,,https://helpix.ru/isensor/sony_imx882/,Helpix sensor-phone mapping,,High,PHONE:S60,Not yet matched,,,,,,,,,,,,,,,,
Sony,LYTIA 600,SONY:IMX882,LYTIA 600,IMX882,LYTIA 600 / IMX882; LYT-600; LYTIA 600,Marketing+internal mapped,50,,1/1.95,0.8,4-in-1,,PDAF,,RGGB,,,POCO F6; Nothing CMF Phone 1; Realme GT7 Pro,https://spinformation.info/all/smartphone-image-sensor/,Existing catalog / official + SP information,Pixel_Size_um per https://helpix.ru/isensor/sony_imx882/.,,High,https://helpix.ru/isensor/sony_imx882/,61,Rear Main; Rear Telephoto; Rear Main + Rear Unknown,2025.0,2026.0,0,Vivo T5 5G,vivo,Rear Main,2026.0,,https://helpix.ru/isensor/sony_imx882/,Helpix sensor-phone mapping,,High,PHONE:T55G,Not yet matched,,,,,,,,,,,,,,,,
Sony,LYTIA 600,SONY:IMX882,LYTIA 600,IMX882,LYTIA 600 / IMX882; LYT-600; LYTIA 600,Marketing+internal mapped,50,,1/1.95,0.8,4-in-1,,PDAF,,RGGB,,,POCO F6; Nothing CMF Phone 1; Realme GT7 Pro,https://spinformation.info/all/smartphone-image-sensor/,Existing catalog / official + SP information,Pixel_Size_um per https://helpix.ru/isensor/sony_imx882/.,,High,https://helpix.ru/isensor/sony_imx882/,61,Rear Main; Rear Telephoto; Rear Main + Rear Unknown,2025.0,2026.0,0,Vivo T5 Pro 5G (Dimensity 7400),vivo,Rear Main,2026.0,,https://helpix.ru/isensor/sony_imx882/,Helpix sensor-phone mapping,,High,PHONE:T5PRO5GDIMENSITY7400,Not yet matched,,,,,,,,,,,,,,,,
Sony,LYTIA 600,SONY:IMX882,LYTIA 600,IMX882,LYTIA 600 / IMX882; LYT-600; LYTIA 600,Marketing+internal mapped,50,,1/1.95,0.8,4-in-1,,PDAF,,RGGB,,,POCO F6; Nothing CMF Phone 1; Realme GT7 Pro,https://spinformation.info/all/smartphone-image-sensor/,Existing catalog / official + SP information,Pixel_Size_um per https://helpix.ru/isensor/sony_imx882/.,,High,https://helpix.ru/isensor/sony_imx882/,61,Rear Main; Rear Telephoto; Rear Main + Rear Unknown,2025.0,2026.0,0,Vivo T5 Pro 5G (Snapdragon 7s Gen 4),vivo,Rear Main,2026.0,,https://helpix.ru/isensor/sony_imx882/,Helpix sensor-phone mapping,,High,PHONE:T5PRO5GSNAPDRAGON7SGEN4,Not yet matched,,,,,,,,,,,,,,,,
Sony,LYTIA 600,SONY:IMX882,LYTIA 600,IMX882,LYTIA 600 / IMX882; LYT-600; LYTIA 600,Marketing+internal mapped,50,,1/1.95,0.8,4-in-1,,PDAF,,RGGB,,,POCO F6; Nothing CMF Phone 1; Realme GT7 Pro,https://spinformation.info/all/smartphone-image-sensor/,Existing catalog / official + SP information,Pixel_Size_um per https://helpix.ru/isensor/sony_imx882/.,,High,https://helpix.ru/isensor/sony_imx882/,61,Rear Main; Rear Telephoto; Rear Main + Rear Unknown,2025.0,2026.0,0,Vivo V70,vivo,Rear Telephoto,2026.0,,https://helpix.ru/isensor/sony_imx882/,Helpix sensor-phone mapping,,High,PHONE:V70,Not yet matched,,,,,,,,,,,,,,,,
Sony,LYTIA 600,SONY:IMX882,LYTIA 600,IMX882,LYTIA 600 / IMX882; LYT-600; LYTIA 600,Marketing+internal mapped,50,,1/1.95,0.8,4-in-1,,PDAF,,RGGB,,,POCO F6; Nothing CMF Phone 1; Realme GT7 Pro,https://spinformation.info/all/smartphone-image-sensor/,Existing catalog / official + SP information,Pixel_Size_um per https://helpix.ru/isensor/sony_imx882/.,,High,https://helpix.ru/isensor/sony_imx882/,61,Rear Main; Rear Telephoto; Rear Main + Rear Unknown,2025.0,2026.0,0,Vivo V70 Elite,vivo,Rear Telephoto,2026.0,,https://helpix.ru/isensor/sony_imx882/,Helpix sensor-phone mapping,,High,PHONE:V70ELITE,Not yet matched,,,,,,,,,,,,,,,,
Sony,LYTIA 600,SONY:IMX882,LYTIA 600,IMX882,LYTIA 600 / IMX882; LYT-600; LYTIA 600,Marketing+internal mapped,50,,1/1.95,0.8,4-in-1,,PDAF,,RGGB,,,POCO F6; Nothing CMF Phone 1; Realme GT7 Pro,https://spinformation.info/all/smartphone-image-sensor/,Existing catalog / official + SP information,Pixel_Size_um per https://helpix.ru/isensor/sony_imx882/.,,High,https://helpix.ru/isensor/sony_imx882/,61,Rear Main; Rear Telephoto; Rear Main + Rear Unknown,2025.0,2026.0,0,Vivo V70 Lite 5G,vivo,Rear Main,2026.0,,https://helpix.ru/isensor/sony_imx882/,Helpix sensor-phone mapping,,High,PHONE:V70LITE5G,Not yet matched,,,,,,,,,,,,,,,,
Sony,LYTIA 600,SONY:IMX882,LYTIA 600,IMX882,LYTIA 600 / IMX882; LYT-600; LYTIA 600,Marketing+internal mapped,50,,1/1.95,0.8,4-in-1,,PDAF,,RGGB,,,POCO F6; Nothing CMF Phone 1; Realme GT7 Pro,https://spinformation.info/all/smartphone-image-sensor/,Existing catalog / official + SP information,Pixel_Size_um per https://helpix.ru/isensor/sony_imx882/.,,High,https://helpix.ru/isensor/sony_imx882/,61,Rear Main; Rear Telephoto; Rear Main + Rear Unknown,2025.0,2026.0,0,Vivo V80,vivo,Rear Telephoto,2026.0,,https://helpix.ru/isensor/sony_imx882/,Helpix sensor-phone mapping,,High,PHONE:V80,Not yet matched,,,,,,,,,,,,,,,,
Sony,LYTIA 600,SONY:IMX882,LYTIA 600,IMX882,LYTIA 600 / IMX882; LYT-600; LYTIA 600,Marketing+internal mapped,50,,1/1.95,0.8,4-in-1,,PDAF,,RGGB,,,POCO F6; Nothing CMF Phone 1; Realme GT7 Pro,https://spinformation.info/all/smartphone-image-sensor/,Existing catalog / official + SP information,Pixel_Size_um per https://helpix.ru/isensor/sony_imx882/.,,High,https://helpix.ru/isensor/sony_imx882/,61,Rear Main; Rear Telephoto; Rear Main + Rear Unknown,2025.0,2026.0,0,Vivo X200T,vivo,Rear Telephoto,2026.0,,https://helpix.ru/isensor/sony_imx882/,Helpix sensor-phone mapping,,High,PHONE:X200T,Not yet matched,,,,,,,,,,,,,,,,
Sony,LYTIA 600,SONY:IMX882,LYTIA 600,IMX882,LYTIA 600 / IMX882; LYT-600; LYTIA 600,Marketing+internal mapped,50,,1/1.95,0.8,4-in-1,,PDAF,,RGGB,,,POCO F6; Nothing CMF Phone 1; Realme GT7 Pro,https://spinformation.info/all/smartphone-image-sensor/,Existing catalog / official + SP information,Pixel_Size_um per https://helpix.ru/isensor/sony_imx882/.,,High,https://helpix.ru/isensor/sony_imx882/,61,Rear Main; Rear Telephoto; Rear Main + Rear Unknown,2025.0,2026.0,0,Vivo X300 E,vivo,Rear Telephoto,2026.0,,https://helpix.ru/isensor/sony_imx882/,Helpix sensor-phone mapping,,High,PHONE:X300E,Not yet matched,,,,,,,,,,,,,,,,
Sony,LYTIA 600,SONY:IMX882,LYTIA 600,IMX882,LYTIA 600 / IMX882; LYT-600; LYTIA 600,Marketing+internal mapped,50,,1/1.95,0.8,4-in-1,,PDAF,,RGGB,,,POCO F6; Nothing CMF Phone 1; Realme GT7 Pro,https://spinformation.info/all/smartphone-image-sensor/,Existing catalog / official + SP information,Pixel_Size_um per https://helpix.ru/isensor/sony_imx882/.,,High,https://helpix.ru/isensor/sony_imx882/,61,Rear Main; Rear Telephoto; Rear Main + Rear Unknown,2025.0,2026.0,0,Vivo X300 FE,vivo,Rear Telephoto,2026.0,,https://helpix.ru/isensor/sony_imx882/,Helpix sensor-phone mapping,,High,PHONE:X300FE,Not yet matched,,,,,,,,,,,,,,,,
Sony,LYTIA 600,SONY:IMX882,LYTIA 600,IMX882,LYTIA 600 / IMX882; LYT-600; LYTIA 600,Marketing+internal mapped,50,,1/1.95,0.8,4-in-1,,PDAF,,RGGB,,,POCO F6; Nothing CMF Phone 1; Realme GT7 Pro,https://spinformation.info/all/smartphone-image-sensor/,Existing catalog / official + SP information,Pixel_Size_um per https://helpix.ru/isensor/sony_imx882/.,,High,https://helpix.ru/isensor/sony_imx882/,61,Rear Main; Rear Telephoto; Rear Main + Rear Unknown,2025.0,2026.0,0,Vivo iQOO 15 Ultra,vivo,Rear Telephoto,2026.0,,https://helpix.ru/isensor/sony_imx882/,Helpix sensor-phone mapping,,High,PHONE:IQOO15ULTRA,Not yet matched,,,,,,,,,,,,,,,,
Sony,LYTIA 600,SONY:IMX882,LYTIA 600,IMX882,LYTIA 600 / IMX882; LYT-600; LYTIA 600,Marketing+internal mapped,50,,1/1.95,0.8,4-in-1,,PDAF,,RGGB,,,POCO F6; Nothing CMF Phone 1; Realme GT7 Pro,https://spinformation.info/all/smartphone-image-sensor/,Existing catalog / official + SP information,Pixel_Size_um per https://helpix.ru/isensor/sony_imx882/.,,High,https://helpix.ru/isensor/sony_imx882/,61,Rear Main; Rear Telephoto; Rear Main + Rear Unknown,2025.0,2026.0,0,Vivo iQOO Z11 Global,vivo,Rear Main,2026.0,,https://helpix.ru/isensor/sony_imx882/,Helpix sensor-phone mapping,,High,PHONE:IQOOZ11GLOBAL,Not yet matched,,,,,,,,,,,,,,,,
Sony,LYTIA 600,SONY:IMX882,LYTIA 600,IMX882,LYTIA 600 / IMX882; LYT-600; LYTIA 600,Marketing+internal mapped,50,,1/1.95,0.8,4-in-1,,PDAF,,RGGB,,,POCO F6; Nothing CMF Phone 1; Realme GT7 Pro,https://spinformation.info/all/smartphone-image-sensor/,Existing catalog / official + SP information,Pixel_Size_um per https://helpix.ru/isensor/sony_imx882/.,,High,https://helpix.ru/isensor/sony_imx882/,61,Rear Main; Rear Telephoto; Rear Main + Rear Unknown,2025.0,2026.0,0,Vivo iQOO Z11 India,vivo,Rear Main,2026.0,,https://helpix.ru/isensor/sony_imx882/,Helpix sensor-phone mapping,,High,PHONE:IQOOZ11INDIA,Not yet matched,,,,,,,,,,,,,,,,
Sony,LYTIA 600,SONY:IMX882,LYTIA 600,IMX882,LYTIA 600 / IMX882; LYT-600; LYTIA 600,Marketing+internal mapped,50,,1/1.95,0.8,4-in-1,,PDAF,,RGGB,,,POCO F6; Nothing CMF Phone 1; Realme GT7 Pro,https://spinformation.info/all/smartphone-image-sensor/,Existing catalog / official + SP information,Pixel_Size_um per https://helpix.ru/isensor/sony_imx882/.,,High,https://helpix.ru/isensor/sony_imx882/,61,Rear Main; Rear Telephoto; Rear Main + Rear Unknown,2025.0,2026.0,0,Xiaomi Poco X8 Pro,Xiaomi,Rear Main,2026.0,,https://helpix.ru/isensor/sony_imx882/,Helpix sensor-phone mapping,,High,PHONE:POCOX8PRO,Not yet matched,,,,,,,,,,,,,,,,
Sony,LYTIA 600,SONY:IMX882,LYTIA 600,IMX882,LYTIA 600 / IMX882; LYT-600; LYTIA 600,Marketing+internal mapped,50,,1/1.95,0.8,4-in-1,,PDAF,,RGGB,,,POCO F6; Nothing CMF Phone 1; Realme GT7 Pro,https://spinformation.info/all/smartphone-image-sensor/,Existing catalog / official + SP information,Pixel_Size_um per https://helpix.ru/isensor/sony_imx882/.,,High,https://helpix.ru/isensor/sony_imx882/,61,Rear Main; Rear Telephoto; Rear Main + Rear Unknown,2025.0,2026.0,0,Xiaomi Poco X8 Pro Iron Man Edition,Xiaomi,Rear Main,2026.0,,https://helpix.ru/isensor/sony_imx882/,Helpix sensor-phone mapping,,High,PHONE:POCOX8PROIRONMANEDITION,Not yet matched,,,,,,,,,,,,,,,,
Sony,LYTIA 600,SONY:IMX882,LYTIA 600,IMX882,LYTIA 600 / IMX882; LYT-600; LYTIA 600,Marketing+internal mapped,50,,1/1.95,0.8,4-in-1,,PDAF,,RGGB,,,POCO F6; Nothing CMF Phone 1; Realme GT7 Pro,https://spinformation.info/all/smartphone-image-sensor/,Existing catalog / official + SP information,Pixel_Size_um per https://helpix.ru/isensor/sony_imx882/.,,High,https://helpix.ru/isensor/sony_imx882/,61,Rear Main; Rear Telephoto; Rear Main + Rear Unknown,2025.0,2026.0,0,Xiaomi Redmi Turbo 5,Xiaomi,Rear Main,2026.0,,https://helpix.ru/isensor/sony_imx882/,Helpix sensor-phone mapping,,High,PHONE:REDMITURBO5,Not yet matched,,,,,,,,,,,,,,,,
Sony,IMX888,SONY:IMX888,IMX888,,,Canonical product name,52,,1/1.35,1.12,4-in-1,,All-pixel PDAF (OctaPD),,RGGB,,,Xperia 1 V; Xperia 5 V; Xperia 1 VII,https://spinformation.info/all/smartphone-image-sensor/,Existing catalog / official + SP information,2-layer transistor listed by SP information.,2023.0,High,https://helpix.ru/isensor/,3,,,,0,Xperia 1 V,Sony,Rear Main,2023,Snapdragon 8 Gen 2,https://helpix.ru/sony/xperia_1_v/,Helpix phone specification,https://helpix.ru/sony/xperia_1_v/,High,PHONE:XPERIA1V,Not yet matched,,,,,,,,,,,,,,,,
Sony,IMX888,SONY:IMX888,IMX888,,,Canonical product name,52,,1/1.35,1.12,4-in-1,,All-pixel PDAF (OctaPD),,RGGB,,,Xperia 1 V; Xperia 5 V; Xperia 1 VII,https://spinformation.info/all/smartphone-image-sensor/,Existing catalog / official + SP information,2-layer transistor listed by SP information.,2023.0,High,https://helpix.ru/isensor/,3,,,,0,Xperia 1 VII,Sony,Rear Main,2025,Snapdragon 8 Elite,https://helpix.ru/sony/xperia_1_vii/,Helpix phone specification,https://helpix.ru/sony/xperia_1_vii/,High,PHONE:XPERIA1VII,Not yet matched,,,,,,,,,,,,,,,,
Sony,IMX888,SONY:IMX888,IMX888,,,Canonical product name,52,,1/1.35,1.12,4-in-1,,All-pixel PDAF (OctaPD),,RGGB,,,Xperia 1 V; Xperia 5 V; Xperia 1 VII,https://spinformation.info/all/smartphone-image-sensor/,Existing catalog / official + SP information,2-layer transistor listed by SP information.,2023.0,High,https://helpix.ru/isensor/,3,,,,0,Xperia 5 V,Sony,Rear Main,2023,Snapdragon 8 Gen 2,https://helpix.ru/sony/xperia_5_v/,Helpix phone specification,https://helpix.ru/sony/xperia_5_v/,High,PHONE:XPERIA5V,Not yet matched,,,,,,,,,,,,,,,,
Sony,IMX890,SONY:IMX890,IMX890,,,Canonical product name,50.3,,1/1.56,1.0,4-in-1,,All-pixel PDAF (2x2 OCL),DOL-HDR,RGGB,,,OPPO Find X6 Pro; OnePlus 11; Nothing Phone (2),https://spinformation.info/all/smartphone-image-sensor/,Existing catalog / official + SP information,Reportedly renamed LYTIA 701 (LYT-701) per a tipster; specs match but kept as a separate record until Sony confirms. Notes per https://www.sonyalpharumors.com/sony-is-slowly-ending-the-imx-sensor-lineup-and-rebranding-existing-products-to-lytia-series/.,,High,https://www.sonyalpharumors.com/sony-is-slowly-ending-the-imx-sensor-lineup-and-rebranding-existing-products-to-lytia-series/,42,Rear Main; Rear Telephoto; Rear Main + Rear Telephoto; Rear Telephoto + Rear Ultra-wide,2022.0,2025.0,2,OPPO Find N2,OPPO,Rear Main,2022.0,Snapdragon 8+ Gen 1,https://helpix.ru/isensor/sony_imx890/,Helpix sensor-phone mapping,https://helpix.ru/oppo/find_n2/,High,PHONE:FINDN2,Not yet matched,,,,,,,,,,,,,,,,
Sony,IMX890,SONY:IMX890,IMX890,,,Canonical product name,50.3,,1/1.56,1.0,4-in-1,,All-pixel PDAF (2x2 OCL),DOL-HDR,RGGB,,,OPPO Find X6 Pro; OnePlus 11; Nothing Phone (2),https://spinformation.info/all/smartphone-image-sensor/,Existing catalog / official + SP information,Reportedly renamed LYTIA 701 (LYT-701) per a tipster; specs match but kept as a separate record until Sony confirms. Notes per https://www.sonyalpharumors.com/sony-is-slowly-ending-the-imx-sensor-lineup-and-rebranding-existing-products-to-lytia-series/.,,High,https://www.sonyalpharumors.com/sony-is-slowly-ending-the-imx-sensor-lineup-and-rebranding-existing-products-to-lytia-series/,42,Rear Main; Rear Telephoto; Rear Main + Rear Telephoto; Rear Telephoto + Rear Ultra-wide,2022.0,2025.0,2,OPPO Find N2 Flip,OPPO,Rear Main,2022.0,,https://helpix.ru/isensor/sony_imx890/,Helpix sensor-phone mapping,,High,PHONE:FINDN2FLIP,Not yet matched,,,,,,,,,,,,,,,,
Sony,IMX890,SONY:IMX890,IMX890,,,Canonical product name,50.3,,1/1.56,1.0,4-in-1,,All-pixel PDAF (2x2 OCL),DOL-HDR,RGGB,,,OPPO Find X6 Pro; OnePlus 11; Nothing Phone (2),https://spinformation.info/all/smartphone-image-sensor/,Existing catalog / official + SP information,Reportedly renamed LYTIA 701 (LYT-701) per a tipster; specs match but kept as a separate record until Sony confirms. Notes per https://www.sonyalpharumors.com/sony-is-slowly-ending-the-imx-sensor-lineup-and-rebranding-existing-products-to-lytia-series/.,,High,https://www.sonyalpharumors.com/sony-is-slowly-ending-the-imx-sensor-lineup-and-rebranding-existing-products-to-lytia-series/,42,Rear Main; Rear Telephoto; Rear Main + Rear Telephoto; Rear Telephoto + Rear Ultra-wide,2022.0,2025.0,2,NIO Phone,NIO,Rear Telephoto,2023.0,,https://helpix.ru/isensor/sony_imx890/,Helpix sensor-phone mapping,,High,PHONE:NIOPHONE,Not yet matched,,,,,,,,,,,,,,,,
Sony,IMX890,SONY:IMX890,IMX890,,,Canonical product name,50.3,,1/1.56,1.0,4-in-1,,All-pixel PDAF (2x2 OCL),DOL-HDR,RGGB,,,OPPO Find X6 Pro; OnePlus 11; Nothing Phone (2),https://spinformation.info/all/smartphone-image-sensor/,Existing catalog / official + SP information,Reportedly renamed LYTIA 701 (LYT-701) per a tipster; specs match but kept as a separate record until Sony confirms. Notes per https://www.sonyalpharumors.com/sony-is-slowly-ending-the-imx-sensor-lineup-and-rebranding-existing-products-to-lytia-series/.,,High,https://www.sonyalpharumors.com/sony-is-slowly-ending-the-imx-sensor-lineup-and-rebranding-existing-products-to-lytia-series/,42,Rear Main; Rear Telephoto; Rear Main + Rear Telephoto; Rear Telephoto + Rear Ultra-wide,2022.0,2025.0,2,Nothing Phone (2),Nothing,Rear Main,2023.0,,https://helpix.ru/isensor/sony_imx890/,Helpix sensor-phone mapping,,High,PHONE:NOTHINGPHONE2,Not yet matched,,,,,,,,,,,,,,,,
Sony,IMX890,SONY:IMX890,IMX890,,,Canonical product name,50.3,,1/1.56,1.0,4-in-1,,All-pixel PDAF (2x2 OCL),DOL-HDR,RGGB,,,OPPO Find X6 Pro; OnePlus 11; Nothing Phone (2),https://spinformation.info/all/smartphone-image-sensor/,Existing catalog / official + SP information,Reportedly renamed LYTIA 701 (LYT-701) per a tipster; specs match but kept as a separate record until Sony confirms. Notes per https://www.sonyalpharumors.com/sony-is-slowly-ending-the-imx-sensor-lineup-and-rebranding-existing-products-to-lytia-series/.,,High,https://www.sonyalpharumors.com/sony-is-slowly-ending-the-imx-sensor-lineup-and-rebranding-existing-products-to-lytia-series/,42,Rear Main; Rear Telephoto; Rear Main + Rear Telephoto; Rear Telephoto + Rear Ultra-wide,2022.0,2025.0,2,OPPO Find N3 Flip,OPPO,Rear Main,2023.0,,https://helpix.ru/isensor/sony_imx890/,Helpix sensor-phone mapping,,High,PHONE:FINDN3FLIP,Not yet matched,,,,,,,,,,,,,,,,
Sony,IMX890,SONY:IMX890,IMX890,,,Canonical product name,50.3,,1/1.56,1.0,4-in-1,,All-pixel PDAF (2x2 OCL),DOL-HDR,RGGB,,,OPPO Find X6 Pro; OnePlus 11; Nothing Phone (2),https://spinformation.info/all/smartphone-image-sensor/,Existing catalog / official + SP information,Reportedly renamed LYTIA 701 (LYT-701) per a tipster; specs match but kept as a separate record until Sony confirms. Notes per https://www.sonyalpharumors.com/sony-is-slowly-ending-the-imx-sensor-lineup-and-rebranding-existing-products-to-lytia-series/.,,High,https://www.sonyalpharumors.com/sony-is-slowly-ending-the-imx-sensor-lineup-and-rebranding-existing-products-to-lytia-series/,42,Rear Main; Rear Telephoto; Rear Main + Rear Telephoto; Rear Telephoto + Rear Ultra-wide,2022.0,2025.0,2,OPPO Find X6,OPPO,Rear Main + Rear Telephoto,2023.0,,https://helpix.ru/isensor/sony_imx890/,Helpix sensor-phone mapping,,High,PHONE:FINDX6,Not yet matched,,,,,,,,,,,,,,,,
Sony,IMX890,SONY:IMX890,IMX890,,,Canonical product name,50.3,,1/1.56,1.0,4-in-1,,All-pixel PDAF (2x2 OCL),DOL-HDR,RGGB,,,OPPO Find X6 Pro; OnePlus 11; Nothing Phone (2),https://spinformation.info/all/smartphone-image-sensor/,Existing catalog / official + SP information,Reportedly renamed LYTIA 701 (LYT-701) per a tipster; specs match but kept as a separate record until Sony confirms. Notes per https://www.sonyalpharumors.com/sony-is-slowly-ending-the-imx-sensor-lineup-and-rebranding-existing-products-to-lytia-series/.,,High,https://www.sonyalpharumors.com/sony-is-slowly-ending-the-imx-sensor-lineup-and-rebranding-existing-products-to-lytia-series/,42,Rear Main; Rear Telephoto; Rear Main + Rear Telephoto; Rear Telephoto + Rear Ultra-wide,2022.0,2025.0,2,OPPO Find X6 Pro,OPPO,Rear Telephoto + Rear Ultra-wide,2023.0,Snapdragon 8 Gen 2,https://helpix.ru/isensor/sony_imx890/,Helpix sensor-phone mapping,https://helpix.ru/oppo/find_x6_pro/,High,PHONE:FINDX6PRO,Not yet matched,,,,,,,,,,,,,,,,
Sony,IMX890,SONY:IMX890,IMX890,,,Canonical product name,50.3,,1/1.56,1.0,4-in-1,,All-pixel PDAF (2x2 OCL),DOL-HDR,RGGB,,,OPPO Find X6 Pro; OnePlus 11; Nothing Phone (2),https://spinformation.info/all/smartphone-image-sensor/,Existing catalog / official + SP information,Reportedly renamed LYTIA 701 (LYT-701) per a tipster; specs match but kept as a separate record until Sony confirms. Notes per https://www.sonyalpharumors.com/sony-is-slowly-ending-the-imx-sensor-lineup-and-rebranding-existing-products-to-lytia-series/.,,High,https://www.sonyalpharumors.com/sony-is-slowly-ending-the-imx-sensor-lineup-and-rebranding-existing-products-to-lytia-series/,42,Rear Main; Rear Telephoto; Rear Main + Rear Telephoto; Rear Telephoto + Rear Ultra-wide,2022.0,2025.0,2,OPPO K11,OPPO,Rear Main,2023.0,,https://helpix.ru/isensor/sony_imx890/,Helpix sensor-phone mapping,,High,PHONE:K11,Not yet matched,,,,,,,,,,,,,,,,
Sony,IMX890,SONY:IMX890,IMX890,,,Canonical product name,50.3,,1/1.56,1.0,4-in-1,,All-pixel PDAF (2x2 OCL),DOL-HDR,RGGB,,,OPPO Find X6 Pro; OnePlus 11; Nothing Phone (2),https://spinformation.info/all/smartphone-image-sensor/,Existing catalog / official + SP information,Reportedly renamed LYTIA 701 (LYT-701) per a tipster; specs match but kept as a separate record until Sony confirms. Notes per https://www.sonyalpharumors.com/sony-is-slowly-ending-the-imx-sensor-lineup-and-rebranding-existing-products-to-lytia-series/.,,High,https://www.sonyalpharumors.com/sony-is-slowly-ending-the-imx-sensor-lineup-and-rebranding-existing-products-to-lytia-series/,42,Rear Main; Rear Telephoto; Rear Main + Rear Telephoto; Rear Telephoto + Rear Ultra-wide,2022.0,2025.0,2,OPPO Reno10 Pro Global (Snapdragon),OPPO,Rear Main,2023.0,,https://helpix.ru/isensor/sony_imx890/,Helpix sensor-phone mapping,,High,PHONE:RENO10PROGLOBALSNAPDRAGON,Not yet matched,,,,,,,,,,,,,,,,
Sony,IMX890,SONY:IMX890,IMX890,,,Canonical product name,50.3,,1/1.56,1.0,4-in-1,,All-pixel PDAF (2x2 OCL),DOL-HDR,RGGB,,,OPPO Find X6 Pro; OnePlus 11; Nothing Phone (2),https://spinformation.info/all/smartphone-image-sensor/,Existing catalog / official + SP information,Reportedly renamed LYTIA 701 (LYT-701) per a tipster; specs match but kept as a separate record until Sony confirms. Notes per https://www.sonyalpharumors.com/sony-is-slowly-ending-the-imx-sensor-lineup-and-rebranding-existing-products-to-lytia-series/.,,High,https://www.sonyalpharumors.com/sony-is-slowly-ending-the-imx-sensor-lineup-and-rebranding-existing-products-to-lytia-series/,42,Rear Main; Rear Telephoto; Rear Main + Rear Telephoto; Rear Telephoto + Rear Ultra-wide,2022.0,2025.0,2,OPPO Reno10 Pro+,OPPO,Rear Main,2023.0,,https://helpix.ru/isensor/sony_imx890/,Helpix sensor-phone mapping,,High,PHONE:RENO10PRO,Not yet matched,,,,,,,,,,,,,,,,
Sony,IMX890,SONY:IMX890,IMX890,,,Canonical product name,50.3,,1/1.56,1.0,4-in-1,,All-pixel PDAF (2x2 OCL),DOL-HDR,RGGB,,,OPPO Find X6 Pro; OnePlus 11; Nothing Phone (2),https://spinformation.info/all/smartphone-image-sensor/,Existing catalog / official + SP information,Reportedly renamed LYTIA 701 (LYT-701) per a tipster; specs match but kept as a separate record until Sony confirms. Notes per https://www.sonyalpharumors.com/sony-is-slowly-ending-the-imx-sensor-lineup-and-rebranding-existing-products-to-lytia-series/.,,High,https://www.sonyalpharumors.com/sony-is-slowly-ending-the-imx-sensor-lineup-and-rebranding-existing-products-to-lytia-series/,42,Rear Main; Rear Telephoto; Rear Main + Rear Telephoto; Rear Telephoto + Rear Ultra-wide,2022.0,2025.0,2,OPPO Reno11 Pro China (Snapdragon),OPPO,Rear Main,2023.0,,https://helpix.ru/isensor/sony_imx890/,Helpix sensor-phone mapping,,High,PHONE:RENO11PROCHINASNAPDRAGON,Not yet matched,,,,,,,,,,,,,,,,
Sony,IMX890,SONY:IMX890,IMX890,,,Canonical product name,50.3,,1/1.56,1.0,4-in-1,,All-pixel PDAF (2x2 OCL),DOL-HDR,RGGB,,,OPPO Find X6 Pro; OnePlus 11; Nothing Phone (2),https://spinformation.info/all/smartphone-image-sensor/,Existing catalog / official + SP information,Reportedly renamed LYTIA 701 (LYT-701) per a tipster; specs match but kept as a separate record until Sony confirms. Notes per https://www.sonyalpharumors.com/sony-is-slowly-ending-the-imx-sensor-lineup-and-rebranding-existing-products-to-lytia-series/.,,High,https://www.sonyalpharumors.com/sony-is-slowly-ending-the-imx-sensor-lineup-and-rebranding-existing-products-to-lytia-series/,42,Rear Main; Rear Telephoto; Rear Main + Rear Telephoto; Rear Telephoto + Rear Ultra-wide,2022.0,2025.0,2,OnePlus 11,OnePlus,Rear Main,2023.0,Snapdragon 8 Gen 2,https://helpix.ru/isensor/sony_imx890/,Helpix sensor-phone mapping,https://en.wikipedia.org/wiki/OnePlus_11,High,PHONE:ONEPLUS11,Not yet matched,,,,,,,,,,,,,,,,
Sony,IMX890,SONY:IMX890,IMX890,,,Canonical product name,50.3,,1/1.56,1.0,4-in-1,,All-pixel PDAF (2x2 OCL),DOL-HDR,RGGB,,,OPPO Find X6 Pro; OnePlus 11; Nothing Phone (2),https://spinformation.info/all/smartphone-image-sensor/,Existing catalog / official + SP information,Reportedly renamed LYTIA 701 (LYT-701) per a tipster; specs match but kept as a separate record until Sony confirms. Notes per https://www.sonyalpharumors.com/sony-is-slowly-ending-the-imx-sensor-lineup-and-rebranding-existing-products-to-lytia-series/.,,High,https://www.sonyalpharumors.com/sony-is-slowly-ending-the-imx-sensor-lineup-and-rebranding-existing-products-to-lytia-series/,42,Rear Main; Rear Telephoto; Rear Main + Rear Telephoto; Rear Telephoto + Rear Ultra-wide,2022.0,2025.0,2,OnePlus 11 Jupiter Rock Edition,OnePlus,Rear Main,2023.0,,https://helpix.ru/isensor/sony_imx890/,Helpix sensor-phone mapping,,High,PHONE:ONEPLUS11JUPITERROCKEDITION,Not yet matched,,,,,,,,,,,,,,,,
Sony,IMX890,SONY:IMX890,IMX890,,,Canonical product name,50.3,,1/1.56,1.0,4-in-1,,All-pixel PDAF (2x2 OCL),DOL-HDR,RGGB,,,OPPO Find X6 Pro; OnePlus 11; Nothing Phone (2),https://spinformation.info/all/smartphone-image-sensor/,Existing catalog / official + SP information,Reportedly renamed LYTIA 701 (LYT-701) per a tipster; specs match but kept as a separate record until Sony confirms. Notes per https://www.sonyalpharumors.com/sony-is-slowly-ending-the-imx-sensor-lineup-and-rebranding-existing-products-to-lytia-series/.,,High,https://www.sonyalpharumors.com/sony-is-slowly-ending-the-imx-sensor-lineup-and-rebranding-existing-products-to-lytia-series/,42,Rear Main; Rear Telephoto; Rear Main + Rear Telephoto; Rear Telephoto + Rear Ultra-wide,2022.0,2025.0,2,OnePlus 11R,OnePlus,Rear Main,2023.0,,https://helpix.ru/isensor/sony_imx890/,Helpix sensor-phone mapping,,High,PHONE:ONEPLUS11R,Not yet matched,,,,,,,,,,,,,,,,
Sony,IMX890,SONY:IMX890,IMX890,,,Canonical product name,50.3,,1/1.56,1.0,4-in-1,,All-pixel PDAF (2x2 OCL),DOL-HDR,RGGB,,,OPPO Find X6 Pro; OnePlus 11; Nothing Phone (2),https://spinformation.info/all/smartphone-image-sensor/,Existing catalog / official + SP information,Reportedly renamed LYTIA 701 (LYT-701) per a tipster; specs match but kept as a separate record until Sony confirms. Notes per https://www.sonyalpharumors.com/sony-is-slowly-ending-the-imx-sensor-lineup-and-rebranding-existing-products-to-lytia-series/.,,High,https://www.sonyalpharumors.com/sony-is-slowly-ending-the-imx-sensor-lineup-and-rebranding-existing-products-to-lytia-series/,42,Rear Main; Rear Telephoto; Rear Main + Rear Telephoto; Rear Telephoto + Rear Ultra-wide,2022.0,2025.0,2,OnePlus Ace 2,OnePlus,Rear Main,2023.0,,https://helpix.ru/isensor/sony_imx890/,Helpix sensor-phone mapping,,High,PHONE:ONEPLUSACE2,Not yet matched,,,,,,,,,,,,,,,,
Sony,IMX890,SONY:IMX890,IMX890,,,Canonical product name,50.3,,1/1.56,1.0,4-in-1,,All-pixel PDAF (2x2 OCL),DOL-HDR,RGGB,,,OPPO Find X6 Pro; OnePlus 11; Nothing Phone (2),https://spinformation.info/all/smartphone-image-sensor/,Existing catalog / official + SP information,Reportedly renamed LYTIA 701 (LYT-701) per a tipster; specs match but kept as a separate record until Sony confirms. Notes per https://www.sonyalpharumors.com/sony-is-slowly-ending-the-imx-sensor-lineup-and-rebranding-existing-products-to-lytia-series/.,,High,https://www.sonyalpharumors.com/sony-is-slowly-ending-the-imx-sensor-lineup-and-rebranding-existing-products-to-lytia-series/,42,Rear Main; Rear Telephoto; Rear Main + Rear Telephoto; Rear Telephoto + Rear Ultra-wide,2022.0,2025.0,2,OnePlus Ace 2 Genshin Edition,OnePlus,Rear Main,2023.0,,https://helpix.ru/isensor/sony_imx890/,Helpix sensor-phone mapping,,High,PHONE:ONEPLUSACE2GENSHINEDITION,Not yet matched,,,,,,,,,,,,,,,,
Sony,IMX890,SONY:IMX890,IMX890,,,Canonical product name,50.3,,1/1.56,1.0,4-in-1,,All-pixel PDAF (2x2 OCL),DOL-HDR,RGGB,,,OPPO Find X6 Pro; OnePlus 11; Nothing Phone (2),https://spinformation.info/all/smartphone-image-sensor/,Existing catalog / official + SP information,Reportedly renamed LYTIA 701 (LYT-701) per a tipster; specs match but kept as a separate record until Sony confirms. Notes per https://www.sonyalpharumors.com/sony-is-slowly-ending-the-imx-sensor-lineup-and-rebranding-existing-products-to-lytia-series/.,,High,https://www.sonyalpharumors.com/sony-is-slowly-ending-the-imx-sensor-lineup-and-rebranding-existing-products-to-lytia-series/,42,Rear Main; Rear Telephoto; Rear Main + Rear Telephoto; Rear Telephoto + Rear Ultra-wide,2022.0,2025.0,2,OnePlus Ace 2 Pro,OnePlus,Rear Main,2023.0,,https://helpix.ru/isensor/sony_imx890/,Helpix sensor-phone mapping,,High,PHONE:ONEPLUSACE2PRO,Not yet matched,,,,,,,,,,,,,,,,
Sony,IMX890,SONY:IMX890,IMX890,,,Canonical product name,50.3,,1/1.56,1.0,4-in-1,,All-pixel PDAF (2x2 OCL),DOL-HDR,RGGB,,,OPPO Find X6 Pro; OnePlus 11; Nothing Phone (2),https://spinformation.info/all/smartphone-image-sensor/,Existing catalog / official + SP information,Reportedly renamed LYTIA 701 (LYT-701) per a tipster; specs match but kept as a separate record until Sony confirms. Notes per https://www.sonyalpharumors.com/sony-is-slowly-ending-the-imx-sensor-lineup-and-rebranding-existing-products-to-lytia-series/.,,High,https://www.sonyalpharumors.com/sony-is-slowly-ending-the-imx-sensor-lineup-and-rebranding-existing-products-to-lytia-series/,42,Rear Main; Rear Telephoto; Rear Main + Rear Telephoto; Rear Telephoto + Rear Ultra-wide,2022.0,2025.0,2,OnePlus Nord 3 5G,OnePlus,Rear Main,2023.0,,https://helpix.ru/isensor/sony_imx890/,Helpix sensor-phone mapping,,High,PHONE:ONEPLUSNORD35G,Not yet matched,,,,,,,,,,,,,,,,
Sony,IMX890,SONY:IMX890,IMX890,,,Canonical product name,50.3,,1/1.56,1.0,4-in-1,,All-pixel PDAF (2x2 OCL),DOL-HDR,RGGB,,,OPPO Find X6 Pro; OnePlus 11; Nothing Phone (2),https://spinformation.info/all/smartphone-image-sensor/,Existing catalog / official + SP information,Reportedly renamed LYTIA 701 (LYT-701) per a tipster; specs match but kept as a separate record until Sony confirms. Notes per https://www.sonyalpharumors.com/sony-is-slowly-ending-the-imx-sensor-lineup-and-rebranding-existing-products-to-lytia-series/.,,High,https://www.sonyalpharumors.com/sony-is-slowly-ending-the-imx-sensor-lineup-and-rebranding-existing-products-to-lytia-series/,42,Rear Main; Rear Telephoto; Rear Main + Rear Telephoto; Rear Telephoto + Rear Ultra-wide,2022.0,2025.0,2,OnePlus Nord CE3 5G,OnePlus,Rear Main,2023.0,,https://helpix.ru/isensor/sony_imx890/,Helpix sensor-phone mapping,,High,PHONE:ONEPLUSNORDCE35G,Not yet matched,,,,,,,,,,,,,,,,
Sony,IMX890,SONY:IMX890,IMX890,,,Canonical product name,50.3,,1/1.56,1.0,4-in-1,,All-pixel PDAF (2x2 OCL),DOL-HDR,RGGB,,,OPPO Find X6 Pro; OnePlus 11; Nothing Phone (2),https://spinformation.info/all/smartphone-image-sensor/,Existing catalog / official + SP information,Reportedly renamed LYTIA 701 (LYT-701) per a tipster; specs match but kept as a separate record until Sony confirms. Notes per https://www.sonyalpharumors.com/sony-is-slowly-ending-the-imx-sensor-lineup-and-rebranding-existing-products-to-lytia-series/.,,High,https://www.sonyalpharumors.com/sony-is-slowly-ending-the-imx-sensor-lineup-and-rebranding-existing-products-to-lytia-series/,42,Rear Main; Rear Telephoto; Rear Main + Rear Telephoto; Rear Telephoto + Rear Ultra-wide,2022.0,2025.0,2,Realme GT Neo 5,Realme,Rear Main,2023.0,,https://helpix.ru/isensor/sony_imx890/,Helpix sensor-phone mapping,,High,PHONE:REALMEGTNEO5,Not yet matched,,,,,,,,,,,,,,,,
Sony,IMX890,SONY:IMX890,IMX890,,,Canonical product name,50.3,,1/1.56,1.0,4-in-1,,All-pixel PDAF (2x2 OCL),DOL-HDR,RGGB,,,OPPO Find X6 Pro; OnePlus 11; Nothing Phone (2),https://spinformation.info/all/smartphone-image-sensor/,Existing catalog / official + SP information,Reportedly renamed LYTIA 701 (LYT-701) per a tipster; specs match but kept as a separate record until Sony confirms. Notes per https://www.sonyalpharumors.com/sony-is-slowly-ending-the-imx-sensor-lineup-and-rebranding-existing-products-to-lytia-series/.,,High,https://www.sonyalpharumors.com/sony-is-slowly-ending-the-imx-sensor-lineup-and-rebranding-existing-products-to-lytia-series/,42,Rear Main; Rear Telephoto; Rear Main + Rear Telephoto; Rear Telephoto + Rear Ultra-wide,2022.0,2025.0,2,Realme GT3,Realme,Rear Main,2023.0,,https://helpix.ru/isensor/sony_imx890/,Helpix sensor-phone mapping,,High,PHONE:REALMEGT3,Not yet matched,,,,,,,,,,,,,,,,
Sony,IMX890,SONY:IMX890,IMX890,,,Canonical product name,50.3,,1/1.56,1.0,4-in-1,,All-pixel PDAF (2x2 OCL),DOL-HDR,RGGB,,,OPPO Find X6 Pro; OnePlus 11; Nothing Phone (2),https://spinformation.info/all/smartphone-image-sensor/,Existing catalog / official + SP information,Reportedly renamed LYTIA 701 (LYT-701) per a tipster; specs match but kept as a separate record until Sony confirms. Notes per https://www.sonyalpharumors.com/sony-is-slowly-ending-the-imx-sensor-lineup-and-rebranding-existing-products-to-lytia-series/.,,High,https://www.sonyalpharumors.com/sony-is-slowly-ending-the-imx-sensor-lineup-and-rebranding-existing-products-to-lytia-series/,42,Rear Main; Rear Telephoto; Rear Main + Rear Telephoto; Rear Telephoto + Rear Ultra-wide,2022.0,2025.0,2,Realme GT5,Realme,Rear Main,2023.0,,https://helpix.ru/isensor/sony_imx890/,Helpix sensor-phone mapping,,High,PHONE:REALMEGT5,Not yet matched,,,,,,,,,,,,,,,,
Sony,IMX890,SONY:IMX890,IMX890,,,Canonical product name,50.3,,1/1.56,1.0,4-in-1,,All-pixel PDAF (2x2 OCL),DOL-HDR,RGGB,,,OPPO Find X6 Pro; OnePlus 11; Nothing Phone (2),https://spinformation.info/all/smartphone-image-sensor/,Existing catalog / official + SP information,Reportedly renamed LYTIA 701 (LYT-701) per a tipster; specs match but kept as a separate record until Sony confirms. Notes per https://www.sonyalpharumors.com/sony-is-slowly-ending-the-imx-sensor-lineup-and-rebranding-existing-products-to-lytia-series/.,,High,https://www.sonyalpharumors.com/sony-is-slowly-ending-the-imx-sensor-lineup-and-rebranding-existing-products-to-lytia-series/,42,Rear Main; Rear Telephoto; Rear Main + Rear Telephoto; Rear Telephoto + Rear Ultra-wide,2022.0,2025.0,2,Realme GT5 Pro,Realme,Rear Telephoto,2023.0,,https://helpix.ru/isensor/sony_imx890/,Helpix sensor-phone mapping,,High,PHONE:REALMEGT5PRO,Not yet matched,,,,,,,,,,,,,,,,
Sony,IMX890,SONY:IMX890,IMX890,,,Canonical product name,50.3,,1/1.56,1.0,4-in-1,,All-pixel PDAF (2x2 OCL),DOL-HDR,RGGB,,,OPPO Find X6 Pro; OnePlus 11; Nothing Phone (2),https://spinformation.info/all/smartphone-image-sensor/,Existing catalog / official + SP information,Reportedly renamed LYTIA 701 (LYT-701) per a tipster; specs match but kept as a separate record until Sony confirms. Notes per https://www.sonyalpharumors.com/sony-is-slowly-ending-the-imx-sensor-lineup-and-rebranding-existing-products-to-lytia-series/.,,High,https://www.sonyalpharumors.com/sony-is-slowly-ending-the-imx-sensor-lineup-and-rebranding-existing-products-to-lytia-series/,42,Rear Main; Rear Telephoto; Rear Main + Rear Telephoto; Rear Telephoto + Rear Ultra-wide,2022.0,2025.0,2,ASUS ROG Phone 8,ASUS,Rear Main,2024.0,,https://helpix.ru/isensor/sony_imx890/,Helpix sensor-phone mapping,,High,PHONE:ASUSROGPHONE8,Not yet matched,,,,,,,,,,,,,,,,
Sony,IMX890,SONY:IMX890,IMX890,,,Canonical product name,50.3,,1/1.56,1.0,4-in-1,,All-pixel PDAF (2x2 OCL),DOL-HDR,RGGB,,,OPPO Find X6 Pro; OnePlus 11; Nothing Phone (2),https://spinformation.info/all/smartphone-image-sensor/,Existing catalog / official + SP information,Reportedly renamed LYTIA 701 (LYT-701) per a tipster; specs match but kept as a separate record until Sony confirms. Notes per https://www.sonyalpharumors.com/sony-is-slowly-ending-the-imx-sensor-lineup-and-rebranding-existing-products-to-lytia-series/.,,High,https://www.sonyalpharumors.com/sony-is-slowly-ending-the-imx-sensor-lineup-and-rebranding-existing-products-to-lytia-series/,42,Rear Main; Rear Telephoto; Rear Main + Rear Telephoto; Rear Telephoto + Rear Ultra-wide,2022.0,2025.0,2,ASUS ROG Phone 8 Pro,ASUS,Rear Main,2024.0,,https://helpix.ru/isensor/sony_imx890/,Helpix sensor-phone mapping,,High,PHONE:ASUSROGPHONE8PRO,Not yet matched,,,,,,,,,,,,,,,,
Sony,IMX890,SONY:IMX890,IMX890,,,Canonical product name,50.3,,1/1.56,1.0,4-in-1,,All-pixel PDAF (2x2 OCL),DOL-HDR,RGGB,,,OPPO Find X6 Pro; OnePlus 11; Nothing Phone (2),https://spinformation.info/all/smartphone-image-sensor/,Existing catalog / official + SP information,Reportedly renamed LYTIA 701 (LYT-701) per a tipster; specs match but kept as a separate record until Sony confirms. Notes per https://www.sonyalpharumors.com/sony-is-slowly-ending-the-imx-sensor-lineup-and-rebranding-existing-products-to-lytia-series/.,,High,https://www.sonyalpharumors.com/sony-is-slowly-ending-the-imx-sensor-lineup-and-rebranding-existing-products-to-lytia-series/,42,Rear Main; Rear Telephoto; Rear Main + Rear Telephoto; Rear Telephoto + Rear Ultra-wide,2022.0,2025.0,2,ASUS Zenfone 11 Ultra,ASUS,Rear Main,2024.0,,https://helpix.ru/isensor/sony_imx890/,Helpix sensor-phone mapping,,High,PHONE:ASUSZENFONE11ULTRA,Not yet matched,,,,,,,,,,,,,,,,
Sony,IMX890,SONY:IMX890,IMX890,,,Canonical product name,50.3,,1/1.56,1.0,4-in-1,,All-pixel PDAF (2x2 OCL),DOL-HDR,RGGB,,,OPPO Find X6 Pro; OnePlus 11; Nothing Phone (2),https://spinformation.info/all/smartphone-image-sensor/,Existing catalog / official + SP information,Reportedly renamed LYTIA 701 (LYT-701) per a tipster; specs match but kept as a separate record until Sony confirms. Notes per https://www.sonyalpharumors.com/sony-is-slowly-ending-the-imx-sensor-lineup-and-rebranding-existing-products-to-lytia-series/.,,High,https://www.sonyalpharumors.com/sony-is-slowly-ending-the-imx-sensor-lineup-and-rebranding-existing-products-to-lytia-series/,42,Rear Main; Rear Telephoto; Rear Main + Rear Telephoto; Rear Telephoto + Rear Ultra-wide,2022.0,2025.0,2,NIO Phone 2,NIO,Rear Telephoto,2024.0,,https://helpix.ru/isensor/sony_imx890/,Helpix sensor-phone mapping,,High,PHONE:NIOPHONE2,Not yet matched,,,,,,,,,,,,,,,,
Sony,IMX890,SONY:IMX890,IMX890,,,Canonical product name,50.3,,1/1.56,1.0,4-in-1,,All-pixel PDAF (2x2 OCL),DOL-HDR,RGGB,,,OPPO Find X6 Pro; OnePlus 11; Nothing Phone (2),https://spinformation.info/all/smartphone-image-sensor/,Existing catalog / official + SP information,Reportedly renamed LYTIA 701 (LYT-701) per a tipster; specs match but kept as a separate record until Sony confirms. Notes per https://www.sonyalpharumors.com/sony-is-slowly-ending-the-imx-sensor-lineup-and-rebranding-existing-products-to-lytia-series/.,,High,https://www.sonyalpharumors.com/sony-is-slowly-ending-the-imx-sensor-lineup-and-rebranding-existing-products-to-lytia-series/,42,Rear Main; Rear Telephoto; Rear Main + Rear Telephoto; Rear Telephoto + Rear Ultra-wide,2022.0,2025.0,2,OPPO Find X7 Ultra,OPPO,Rear Telephoto,2024.0,Snapdragon 8 Gen 3,https://helpix.ru/isensor/sony_imx890/,Helpix sensor-phone mapping,https://helpix.ru/oppo/find_x7_ultra/,High,PHONE:FINDX7ULTRA,Not yet matched,,,,,,,,,,,,,,,,
Sony,IMX890,SONY:IMX890,IMX890,,,Canonical product name,50.3,,1/1.56,1.0,4-in-1,,All-pixel PDAF (2x2 OCL),DOL-HDR,RGGB,,,OPPO Find X6 Pro; OnePlus 11; Nothing Phone (2),https://spinformation.info/all/smartphone-image-sensor/,Existing catalog / official + SP information,Reportedly renamed LYTIA 701 (LYT-701) per a tipster; specs match but kept as a separate record until Sony confirms. Notes per https://www.sonyalpharumors.com/sony-is-slowly-ending-the-imx-sensor-lineup-and-rebranding-existing-products-to-lytia-series/.,,High,https://www.sonyalpharumors.com/sony-is-slowly-ending-the-imx-sensor-lineup-and-rebranding-existing-products-to-lytia-series/,42,Rear Main; Rear Telephoto; Rear Main + Rear Telephoto; Rear Telephoto + Rear Ultra-wide,2022.0,2025.0,2,OPPO Reno11 Pro Global (Dimensity),OPPO,Rear Main,2024.0,,https://helpix.ru/isensor/sony_imx890/,Helpix sensor-phone mapping,,High,PHONE:RENO11PROGLOBALDIMENSITY,Not yet matched,,,,,,,,,,,,,,,,
Sony,IMX890,SONY:IMX890,IMX890,,,Canonical product name,50.3,,1/1.56,1.0,4-in-1,,All-pixel PDAF (2x2 OCL),DOL-HDR,RGGB,,,OPPO Find X6 Pro; OnePlus 11; Nothing Phone (2),https://spinformation.info/all/smartphone-image-sensor/,Existing catalog / official + SP information,Reportedly renamed LYTIA 701 (LYT-701) per a tipster; specs match but kept as a separate record until Sony confirms. Notes per https://www.sonyalpharumors.com/sony-is-slowly-ending-the-imx-sensor-lineup-and-rebranding-existing-products-to-lytia-series/.,,High,https://www.sonyalpharumors.com/sony-is-slowly-ending-the-imx-sensor-lineup-and-rebranding-existing-products-to-lytia-series/,42,Rear Main; Rear Telephoto; Rear Main + Rear Telephoto; Rear Telephoto + Rear Ultra-wide,2022.0,2025.0,2,OPPO Reno12 Pro China (Dimensity 9200+),OPPO,Rear Main,2024.0,,https://helpix.ru/isensor/sony_imx890/,Helpix sensor-phone mapping,,High,PHONE:RENO12PROCHINADIMENSITY9200,Not yet matched,,,,,,,,,,,,,,,,
Sony,IMX890,SONY:IMX890,IMX890,,,Canonical product name,50.3,,1/1.56,1.0,4-in-1,,All-pixel PDAF (2x2 OCL),DOL-HDR,RGGB,,,OPPO Find X6 Pro; OnePlus 11; Nothing Phone (2),https://spinformation.info/all/smartphone-image-sensor/,Existing catalog / official + SP information,Reportedly renamed LYTIA 701 (LYT-701) per a tipster; specs match but kept as a separate record until Sony confirms. Notes per https://www.sonyalpharumors.com/sony-is-slowly-ending-the-imx-sensor-lineup-and-rebranding-existing-products-to-lytia-series/.,,High,https://www.sonyalpharumors.com/sony-is-slowly-ending-the-imx-sensor-lineup-and-rebranding-existing-products-to-lytia-series/,42,Rear Main; Rear Telephoto; Rear Main + Rear Telephoto; Rear Telephoto + Rear Ultra-wide,2022.0,2025.0,2,OPPO Reno13 Pro,OPPO,Rear Main,2024.0,,https://helpix.ru/isensor/sony_imx890/,Helpix sensor-phone mapping,,High,PHONE:RENO13PRO,Not yet matched,,,,,,,,,,,,,,,,
Sony,IMX890,SONY:IMX890,IMX890,,,Canonical product name,50.3,,1/1.56,1.0,4-in-1,,All-pixel PDAF (2x2 OCL),DOL-HDR,RGGB,,,OPPO Find X6 Pro; OnePlus 11; Nothing Phone (2),https://spinformation.info/all/smartphone-image-sensor/,Existing catalog / official + SP information,Reportedly renamed LYTIA 701 (LYT-701) per a tipster; specs match but kept as a separate record until Sony confirms. Notes per https://www.sonyalpharumors.com/sony-is-slowly-ending-the-imx-sensor-lineup-and-rebranding-existing-products-to-lytia-series/.,,High,https://www.sonyalpharumors.com/sony-is-slowly-ending-the-imx-sensor-lineup-and-rebranding-existing-products-to-lytia-series/,42,Rear Main; Rear Telephoto; Rear Main + Rear Telephoto; Rear Telephoto + Rear Ultra-wide,2022.0,2025.0,2,OnePlus 12R,OnePlus,Rear Main,2024.0,Snapdragon 8 Gen 2,https://helpix.ru/isensor/sony_imx890/,Helpix sensor-phone mapping,https://www.oneplus.com/us/12r/specs,High,PHONE:ONEPLUS12R,Not yet matched,,,,,,,,,,,,,,,,
Sony,IMX890,SONY:IMX890,IMX890,,,Canonical product name,50.3,,1/1.56,1.0,4-in-1,,All-pixel PDAF (2x2 OCL),DOL-HDR,RGGB,,,OPPO Find X6 Pro; OnePlus 11; Nothing Phone (2),https://spinformation.info/all/smartphone-image-sensor/,Existing catalog / official + SP information,Reportedly renamed LYTIA 701 (LYT-701) per a tipster; specs match but kept as a separate record until Sony confirms. Notes per https://www.sonyalpharumors.com/sony-is-slowly-ending-the-imx-sensor-lineup-and-rebranding-existing-products-to-lytia-series/.,,High,https://www.sonyalpharumors.com/sony-is-slowly-ending-the-imx-sensor-lineup-and-rebranding-existing-products-to-lytia-series/,42,Rear Main; Rear Telephoto; Rear Main + Rear Telephoto; Rear Telephoto + Rear Ultra-wide,2022.0,2025.0,2,OnePlus 12R Genshin Impact,OnePlus,Rear Main,2024.0,,https://helpix.ru/isensor/sony_imx890/,Helpix sensor-phone mapping,,High,PHONE:ONEPLUS12RGENSHINIMPACT,Not yet matched,,,,,,,,,,,,,,,,
Sony,IMX890,SONY:IMX890,IMX890,,,Canonical product name,50.3,,1/1.56,1.0,4-in-1,,All-pixel PDAF (2x2 OCL),DOL-HDR,RGGB,,,OPPO Find X6 Pro; OnePlus 11; Nothing Phone (2),https://spinformation.info/all/smartphone-image-sensor/,Existing catalog / official + SP information,Reportedly renamed LYTIA 701 (LYT-701) per a tipster; specs match but kept as a separate record until Sony confirms. Notes per https://www.sonyalpharumors.com/sony-is-slowly-ending-the-imx-sensor-lineup-and-rebranding-existing-products-to-lytia-series/.,,High,https://www.sonyalpharumors.com/sony-is-slowly-ending-the-imx-sensor-lineup-and-rebranding-existing-products-to-lytia-series/,42,Rear Main; Rear Telephoto; Rear Main + Rear Telephoto; Rear Telephoto + Rear Ultra-wide,2022.0,2025.0,2,OnePlus Ace 3,OnePlus,Rear Main,2024.0,,https://helpix.ru/isensor/sony_imx890/,Helpix sensor-phone mapping,,High,PHONE:ONEPLUSACE3,Not yet matched,,,,,,,,,,,,,,,,
Sony,IMX890,SONY:IMX890,IMX890,,,Canonical product name,50.3,,1/1.56,1.0,4-in-1,,All-pixel PDAF (2x2 OCL),DOL-HDR,RGGB,,,OPPO Find X6 Pro; OnePlus 11; Nothing Phone (2),https://spinformation.info/all/smartphone-image-sensor/,Existing catalog / official + SP information,Reportedly renamed LYTIA 701 (LYT-701) per a tipster; specs match but kept as a separate record until Sony confirms. Notes per https://www.sonyalpharumors.com/sony-is-slowly-ending-the-imx-sensor-lineup-and-rebranding-existing-products-to-lytia-series/.,,High,https://www.sonyalpharumors.com/sony-is-slowly-ending-the-imx-sensor-lineup-and-rebranding-existing-products-to-lytia-series/,42,Rear Main; Rear Telephoto; Rear Main + Rear Telephoto; Rear Telephoto + Rear Ultra-wide,2022.0,2025.0,2,OnePlus Ace 3 Genshin Impact,OnePlus,Rear Main,2024.0,,https://helpix.ru/isensor/sony_imx890/,Helpix sensor-phone mapping,,High,PHONE:ONEPLUSACE3GENSHINIMPACT,Not yet matched,,,,,,,,,,,,,,,,
Sony,IMX890,SONY:IMX890,IMX890,,,Canonical product name,50.3,,1/1.56,1.0,4-in-1,,All-pixel PDAF (2x2 OCL),DOL-HDR,RGGB,,,OPPO Find X6 Pro; OnePlus 11; Nothing Phone (2),https://spinformation.info/all/smartphone-image-sensor/,Existing catalog / official + SP information,Reportedly renamed LYTIA 701 (LYT-701) per a tipster; specs match but kept as a separate record until Sony confirms. Notes per https://www.sonyalpharumors.com/sony-is-slowly-ending-the-imx-sensor-lineup-and-rebranding-existing-products-to-lytia-series/.,,High,https://www.sonyalpharumors.com/sony-is-slowly-ending-the-imx-sensor-lineup-and-rebranding-existing-products-to-lytia-series/,42,Rear Main; Rear Telephoto; Rear Main + Rear Telephoto; Rear Telephoto + Rear Ultra-wide,2022.0,2025.0,2,OnePlus Ace 3 Pro,OnePlus,Rear Main,2024.0,,https://helpix.ru/isensor/sony_imx890/,Helpix sensor-phone mapping,,High,PHONE:ONEPLUSACE3PRO,Not yet matched,,,,,,,,,,,,,,,,
Sony,IMX890,SONY:IMX890,IMX890,,,Canonical product name,50.3,,1/1.56,1.0,4-in-1,,All-pixel PDAF (2x2 OCL),DOL-HDR,RGGB,,,OPPO Find X6 Pro; OnePlus 11; Nothing Phone (2),https://spinformation.info/all/smartphone-image-sensor/,Existing catalog / official + SP information,Reportedly renamed LYTIA 701 (LYT-701) per a tipster; specs match but kept as a separate record until Sony confirms. Notes per https://www.sonyalpharumors.com/sony-is-slowly-ending-the-imx-sensor-lineup-and-rebranding-existing-products-to-lytia-series/.,,High,https://www.sonyalpharumors.com/sony-is-slowly-ending-the-imx-sensor-lineup-and-rebranding-existing-products-to-lytia-series/,42,Rear Main; Rear Telephoto; Rear Main + Rear Telephoto; Rear Telephoto + Rear Ultra-wide,2022.0,2025.0,2,Realme 12 Pro+,Realme,Rear Main,2024.0,,https://helpix.ru/isensor/sony_imx890/,Helpix sensor-phone mapping,,High,PHONE:REALME12PROPLUS,Not yet matched,,,,,,,,,,,,,,,,
Sony,IMX890,SONY:IMX890,IMX890,,,Canonical product name,50.3,,1/1.56,1.0,4-in-1,,All-pixel PDAF (2x2 OCL),DOL-HDR,RGGB,,,OPPO Find X6 Pro; OnePlus 11; Nothing Phone (2),https://spinformation.info/all/smartphone-image-sensor/,Existing catalog / official + SP information,Reportedly renamed LYTIA 701 (LYT-701) per a tipster; specs match but kept as a separate record until Sony confirms. Notes per https://www.sonyalpharumors.com/sony-is-slowly-ending-the-imx-sensor-lineup-and-rebranding-existing-products-to-lytia-series/.,,High,https://www.sonyalpharumors.com/sony-is-slowly-ending-the-imx-sensor-lineup-and-rebranding-existing-products-to-lytia-series/,42,Rear Main; Rear Telephoto; Rear Main + Rear Telephoto; Rear Telephoto + Rear Ultra-wide,2022.0,2025.0,2,Realme GT6 China,Realme,Rear Main,2024.0,,https://helpix.ru/isensor/sony_imx890/,Helpix sensor-phone mapping,,High,PHONE:REALMEGT6CHINA,Not yet matched,,,,,,,,,,,,,,,,
Sony,IMX890,SONY:IMX890,IMX890,,,Canonical product name,50.3,,1/1.56,1.0,4-in-1,,All-pixel PDAF (2x2 OCL),DOL-HDR,RGGB,,,OPPO Find X6 Pro; OnePlus 11; Nothing Phone (2),https://spinformation.info/all/smartphone-image-sensor/,Existing catalog / official + SP information,Reportedly renamed LYTIA 701 (LYT-701) per a tipster; specs match but kept as a separate record until Sony confirms. Notes per https://www.sonyalpharumors.com/sony-is-slowly-ending-the-imx-sensor-lineup-and-rebranding-existing-products-to-lytia-series/.,,High,https://www.sonyalpharumors.com/sony-is-slowly-ending-the-imx-sensor-lineup-and-rebranding-existing-products-to-lytia-series/,42,Rear Main; Rear Telephoto; Rear Main + Rear Telephoto; Rear Telephoto + Rear Ultra-wide,2022.0,2025.0,2,Realme Narzo 70 Pro 5G,Realme,Rear Main,2024.0,,https://helpix.ru/isensor/sony_imx890/,Helpix sensor-phone mapping,,High,PHONE:REALMENARZO70PRO5G,Not yet matched,,,,,,,,,,,,,,,,
Sony,IMX890,SONY:IMX890,IMX890,,,Canonical product name,50.3,,1/1.56,1.0,4-in-1,,All-pixel PDAF (2x2 OCL),DOL-HDR,RGGB,,,OPPO Find X6 Pro; OnePlus 11; Nothing Phone (2),https://spinformation.info/all/smartphone-image-sensor/,Existing catalog / official + SP information,Reportedly renamed LYTIA 701 (LYT-701) per a tipster; specs match but kept as a separate record until Sony confirms. Notes per https://www.sonyalpharumors.com/sony-is-slowly-ending-the-imx-sensor-lineup-and-rebranding-existing-products-to-lytia-series/.,,High,https://www.sonyalpharumors.com/sony-is-slowly-ending-the-imx-sensor-lineup-and-rebranding-existing-products-to-lytia-series/,42,Rear Main; Rear Telephoto; Rear Main + Rear Telephoto; Rear Telephoto + Rear Ultra-wide,2022.0,2025.0,2,Tecno Camon 30 Premier 5G,Tecno,Rear Main,2024.0,,https://helpix.ru/isensor/sony_imx890/,Helpix sensor-phone mapping,,High,PHONE:TECNOCAMON30PREMIER5G,Not yet matched,,,,,,,,,,,,,,,,
Sony,IMX890,SONY:IMX890,IMX890,,,Canonical product name,50.3,,1/1.56,1.0,4-in-1,,All-pixel PDAF (2x2 OCL),DOL-HDR,RGGB,,,OPPO Find X6 Pro; OnePlus 11; Nothing Phone (2),https://spinformation.info/all/smartphone-image-sensor/,Existing catalog / official + SP information,Reportedly renamed LYTIA 701 (LYT-701) per a tipster; specs match but kept as a separate record until Sony confirms. Notes per https://www.sonyalpharumors.com/sony-is-slowly-ending-the-imx-sensor-lineup-and-rebranding-existing-products-to-lytia-series/.,,High,https://www.sonyalpharumors.com/sony-is-slowly-ending-the-imx-sensor-lineup-and-rebranding-existing-products-to-lytia-series/,42,Rear Main; Rear Telephoto; Rear Main + Rear Telephoto; Rear Telephoto + Rear Ultra-wide,2022.0,2025.0,2,Tecno Camon 30 Pro 5G,Tecno,Rear Main,2024.0,,https://helpix.ru/isensor/sony_imx890/,Helpix sensor-phone mapping,,High,PHONE:TECNOCAMON30PRO5G,Not yet matched,,,,,,,,,,,,,,,,
Sony,IMX890,SONY:IMX890,IMX890,,,Canonical product name,50.3,,1/1.56,1.0,4-in-1,,All-pixel PDAF (2x2 OCL),DOL-HDR,RGGB,,,OPPO Find X6 Pro; OnePlus 11; Nothing Phone (2),https://spinformation.info/all/smartphone-image-sensor/,Existing catalog / official + SP information,Reportedly renamed LYTIA 701 (LYT-701) per a tipster; specs match but kept as a separate record until Sony confirms. Notes per https://www.sonyalpharumors.com/sony-is-slowly-ending-the-imx-sensor-lineup-and-rebranding-existing-products-to-lytia-series/.,,High,https://www.sonyalpharumors.com/sony-is-slowly-ending-the-imx-sensor-lineup-and-rebranding-existing-products-to-lytia-series/,42,Rear Main; Rear Telephoto; Rear Main + Rear Telephoto; Rear Telephoto + Rear Ultra-wide,2022.0,2025.0,2,ASUS ROG Phone 9 FE,ASUS,Rear Main,2025.0,,https://helpix.ru/isensor/sony_imx890/,Helpix sensor-phone mapping,,High,PHONE:ASUSROGPHONE9FE,Not yet matched,,,,,,,,,,,,,,,,
Sony,IMX896,SONY:IMX896,IMX896,,,Canonical product name,50,,1/1.56,1.0,4-in-1,,All-pixel PDAF (2x2 OCL),,RGGB,,,Realme GT7; Realme 14 Pro+ 5G,https://spinformation.info/all/smartphone-image-sensor/,Existing catalog / official + SP information,,2024.0,High,https://helpix.ru/isensor/,2,,,,0,Realme 14 Pro+ 5G,Realme,Rear Main,2025,Snapdragon 7s Gen 3,https://helpix.ru/realme/14_pro_plus/,Helpix phone specification,https://helpix.ru/realme/14_pro_plus/,Medium,PHONE:REALME14PRO5G,Not yet matched,,,,,,,,,,,,,,,,
Sony,IMX896,SONY:IMX896,IMX896,,,Canonical product name,50,,1/1.56,1.0,4-in-1,,All-pixel PDAF (2x2 OCL),,RGGB,,,Realme GT7; Realme 14 Pro+ 5G,https://spinformation.info/all/smartphone-image-sensor/,Existing catalog / official + SP information,,2024.0,High,https://helpix.ru/isensor/,2,,,,0,Realme GT7,Realme,Rear Main,2025,Dimensity 9400+,https://helpix.ru/realme/gt7/,Helpix phone specification,https://helpix.ru/realme/gt7/,Medium,PHONE:REALMEGT7,Not yet matched,,,,,,,,,,,,,,,,
Sony,IMX903,SONY:IMX903,IMX903,,,Canonical product name,48,,1/1.3,1.2,4-in-1,,All-pixel PDAF (Dual Pixel),,RGGB,,,iPhone 16 Pro; iPhone 17 Pro,https://spinformation.info/all/smartphone-image-sensor/,Existing catalog / official + SP information,,,High,https://helpix.ru/isensor/,2,,,,1,iPhone 16 Pro,Apple,Rear Main,2024,A18 Pro,https://helpix.ru/apple/iphone_16_pro/,Helpix phone specification,https://support.apple.com/ko-kr/121031,High,PHONE:IPHONE16PRO,Not yet matched,,,,,,,,,,,,,,,,
Sony,IMX903,SONY:IMX903,IMX903,,,Canonical product name,48,,1/1.3,1.2,4-in-1,,All-pixel PDAF (Dual Pixel),,RGGB,,,iPhone 16 Pro; iPhone 17 Pro,https://spinformation.info/all/smartphone-image-sensor/,Existing catalog / official + SP information,,,High,https://helpix.ru/isensor/,2,,,,1,iPhone 17 Pro,Apple,Rear Main,2025,A19 Pro,https://helpix.ru/apple/iphone_17_pro/,Helpix phone specification,https://helpix.ru/apple/iphone_17_pro/,High,PHONE:IPHONE17PRO,Not yet matched,,,,,,,,,,,,,,,,
Sony,IMX904,SONY:IMX904,IMX904,,,Canonical product name,48,,1/1.59,1.0,4-in-1,,All-pixel PDAF (OctaPD / Masked),,RGGB,,,iPhone 15; iPhone 16; iPhone 17,https://spinformation.info/all/smartphone-image-sensor/,Existing catalog / official + SP information,2-layer transistor listed by SP information.,,High,https://helpix.ru/isensor/,3,,,,0,iPhone 15,Apple,Rear Main,2023,A16 Bionic,https://www.techinsights.com/blog/iphone-15-rear-camera-sony-2-layer-device-essentials-folder,review,https://helpix.ru/apple/iphone_15/,High,PHONE:IPHONE15,Not yet matched,,,,,,,,,,,,,,,,
Sony,IMX904,SONY:IMX904,IMX904,,,Canonical product name,48,,1/1.59,1.0,4-in-1,,All-pixel PDAF (OctaPD / Masked),,RGGB,,,iPhone 15; iPhone 16; iPhone 17,https://spinformation.info/all/smartphone-image-sensor/,Existing catalog / official + SP information,2-layer transistor listed by SP information.,,High,https://helpix.ru/isensor/,3,,,,0,iPhone 16,Apple,Rear Main,2024,A18,https://helpix.ru/apple/iphone_16/,Helpix phone specification,https://helpix.ru/apple/iphone_16/,High,PHONE:IPHONE16,Not yet matched,,,,,,,,,,,,,,,,
Sony,IMX904,SONY:IMX904,IMX904,,,Canonical product name,48,,1/1.59,1.0,4-in-1,,All-pixel PDAF (OctaPD / Masked),,RGGB,,,iPhone 15; iPhone 16; iPhone 17,https://spinformation.info/all/smartphone-image-sensor/,Existing catalog / official + SP information,2-layer transistor listed by SP information.,,High,https://helpix.ru/isensor/,3,,,,0,iPhone 17,Apple,Rear Main,2025,A19,https://helpix.ru/apple/iphone_17/,Helpix phone specification,https://helpix.ru/apple/iphone_17/,High,PHONE:IPHONE17,Not yet matched,,,,,,,,,,,,,,,,
Sony,IMX906,SONY:IMX906,IMX906,,,Canonical product name,50,,1/1.56,1.0,4-in-1,,All-pixel PDAF (2x2 OCL),DAG-HDR,RGGB,,,Xperia 1 VII; OnePlus 15; Realme GT8 Pro; HONOR Magic V5,https://spinformation.info/all/smartphone-image-sensor/,Existing catalog / official + SP information,,2023.0,High,https://helpix.ru/isensor/,4,,,,0,HONOR Magic V5,HONOR,Rear Main,2025,Snapdragon 8 Elite,https://helpix.ru/honor/magic_v5/,Helpix phone specification,https://helpix.ru/honor/magic_v5/,High,PHONE:MAGICV5,Not yet matched,,,,,,,,,,,,,,,,
Sony,IMX906,SONY:IMX906,IMX906,,,Canonical product name,50,,1/1.56,1.0,4-in-1,,All-pixel PDAF (2x2 OCL),DAG-HDR,RGGB,,,Xperia 1 VII; OnePlus 15; Realme GT8 Pro; HONOR Magic V5,https://spinformation.info/all/smartphone-image-sensor/,Existing catalog / official + SP information,,2023.0,High,https://helpix.ru/isensor/,4,,,,0,OnePlus 15,OnePlus,Rear Main,2025,Snapdragon 8 Elite Gen 5,https://www.gsmarena.com/oneplus_15-review-2898p5.php,review,https://helpix.ru/oneplus/15/,High,PHONE:ONEPLUS15,Not yet matched,,,,,,,,,,,,,,,,
Sony,IMX906,SONY:IMX906,IMX906,,,Canonical product name,50,,1/1.56,1.0,4-in-1,,All-pixel PDAF (2x2 OCL),DAG-HDR,RGGB,,,Xperia 1 VII; OnePlus 15; Realme GT8 Pro; HONOR Magic V5,https://spinformation.info/all/smartphone-image-sensor/,Existing catalog / official + SP information,,2023.0,High,https://helpix.ru/isensor/,4,,,,0,Realme GT8 Pro,Realme,Rear Main,2025,Snapdragon 8 Elite Gen 5,https://helpix.ru/realme/gt8_pro_china/,Helpix phone specification,https://helpix.ru/realme/gt8_pro_china/,High,PHONE:REALMEGT8PRO,Not yet matched,,,,,,,,,,,,,,,,
Sony,IMX906,SONY:IMX906,IMX906,,,Canonical product name,50,,1/1.56,1.0,4-in-1,,All-pixel PDAF (2x2 OCL),DAG-HDR,RGGB,,,Xperia 1 VII; OnePlus 15; Realme GT8 Pro; HONOR Magic V5,https://spinformation.info/all/smartphone-image-sensor/,Existing catalog / official + SP information,,2023.0,High,https://helpix.ru/isensor/,4,,,,0,Xperia 1 VII,Sony,Rear Ultra-wide,2025,Snapdragon 8 Elite,https://helpix.ru/sony/xperia_1_vii/,Helpix phone specification,https://helpix.ru/sony/xperia_1_vii/,High,PHONE:XPERIA1VII,Not yet matched,,,,,,,,,,,,,,,,
Sony,IMX913,SONY:IMX913,IMX913,,,Canonical product name,12,,1/3.06,1.12,,,All-pixel PDAF (Dual Pixel),,,,,iPhone 15 Pro Max; iPhone 16 Pro; iPhone 16 Pro Max,https://spinformation.info/all/smartphone-image-sensor/,Existing catalog / official + SP information,,,High,,3,,,,3,iPhone 15 Pro Max,Apple,Rear Telephoto,2023,A17 Pro,https://www.semimedia.cc/15465.html,review,https://www.apple.com/newsroom/2023/09/apple-unveils-iphone-15-pro-and-iphone-15-pro-max/,High,PHONE:IPHONE15PROMAX,Not yet matched,,,,,,,,,,,,,,,,
Sony,IMX913,SONY:IMX913,IMX913,,,Canonical product name,12,,1/3.06,1.12,,,All-pixel PDAF (Dual Pixel),,,,,iPhone 15 Pro Max; iPhone 16 Pro; iPhone 16 Pro Max,https://spinformation.info/all/smartphone-image-sensor/,Existing catalog / official + SP information,,,High,,3,,,,3,iPhone 16 Pro,Apple,Unknown,2024,A18 Pro,https://spinformation.info/all/smartphone-image-sensor/,Existing master Example_Phones,https://support.apple.com/ko-kr/121031,High,PHONE:IPHONE16PRO,Not yet matched,,,,,,,,,,,,,,,,
Sony,IMX913,SONY:IMX913,IMX913,,,Canonical product name,12,,1/3.06,1.12,,,All-pixel PDAF (Dual Pixel),,,,,iPhone 15 Pro Max; iPhone 16 Pro; iPhone 16 Pro Max,https://spinformation.info/all/smartphone-image-sensor/,Existing catalog / official + SP information,,,High,,3,,,,3,iPhone 16 Pro Max,Apple,Unknown,2024,A18 Pro,https://spinformation.info/all/smartphone-image-sensor/,Existing master Example_Phones,https://www.apple.com/kr/newsroom/2024/09/apple-debuts-iphone-16-pro-iphone-16-pro-max/,High,PHONE:IPHONE16PROMAX,Not yet matched,,,,,,,,,,,,,,,,
Sony,IMX914,SONY:IMX914,IMX914,,,Canonical product name,18,,,1.0,,,,,,,,,https://helpix.ru/isensor/,Helpix smartphone sensor index,Added in ultra expansion; mobile-camera sensor index listing.,2025.0,Medium,,0,,,,0,,,,,,,,,,,No phone mapping,,,,,,,,,,,,,,,,
Sony,IMX920,SONY:IMX920,IMX920,,,Canonical product name,50,,1/1.49,1.0,4-in-1,,All-pixel PDAF (2x2 OCL),,RGGB,,,vivo X100; iQOO Neo 9 Pro; vivo X Fold3,https://spinformation.info/all/smartphone-image-sensor/,Existing catalog / official + SP information,,2023.0,High,https://helpix.ru/isensor/,3,,,,0,iQOO Neo 9 Pro,iQOO,Rear Main,2024,Snapdragon 8 Gen 2,https://helpix.ru/vivo/iqoo_neo_9_pro_global/,Helpix phone specification,https://helpix.ru/vivo/iqoo_neo_9_pro_global/,Medium,PHONE:IQOONEO9PRO,Not yet matched,,,,,,,,,,,,,,,,
Sony,IMX920,SONY:IMX920,IMX920,,,Canonical product name,50,,1/1.49,1.0,4-in-1,,All-pixel PDAF (2x2 OCL),,RGGB,,,vivo X100; iQOO Neo 9 Pro; vivo X Fold3,https://spinformation.info/all/smartphone-image-sensor/,Existing catalog / official + SP information,,2023.0,High,https://helpix.ru/isensor/,3,,,,0,vivo X Fold3,vivo,Rear Main,2024,Snapdragon 8 Gen 2,https://helpix.ru/vivo/x_fold3/,Helpix phone specification,https://helpix.ru/vivo/x_fold3/,High,PHONE:XFOLD3,Not yet matched,,,,,,,,,,,,,,,,
Sony,IMX920,SONY:IMX920,IMX920,,,Canonical product name,50,,1/1.49,1.0,4-in-1,,All-pixel PDAF (2x2 OCL),,RGGB,,,vivo X100; iQOO Neo 9 Pro; vivo X Fold3,https://spinformation.info/all/smartphone-image-sensor/,Existing catalog / official + SP information,,2023.0,High,https://helpix.ru/isensor/,3,,,,0,vivo X100,vivo,Rear Main,2023,Dimensity 9300,https://helpix.ru/vivo/x100/,Helpix phone specification,https://helpix.ru/vivo/x100/,High,PHONE:X100,Not yet matched,,,,,,,,,,,,,,,,
Sony,IMX921,SONY:IMX921,IMX921,,,Canonical product name,50,,1/1.56,1.0,4-in-1,,All-pixel PDAF (2x2 OCL),,RGGB,,,vivo X200; iQOO 13; vivo X Fold5,https://spinformation.info/all/smartphone-image-sensor/,Existing catalog / official + SP information,,2024.0,High,https://helpix.ru/isensor/,3,,,,0,iQOO 13,iQOO,Rear Main,2024,Snapdragon 8 Elite,https://helpix.ru/vivo/iqoo_13/,Helpix phone specification,https://helpix.ru/vivo/iqoo_13/,High,PHONE:IQOO13,Not yet matched,,,,,,,,,,,,,,,,
Sony,IMX921,SONY:IMX921,IMX921,,,Canonical product name,50,,1/1.56,1.0,4-in-1,,All-pixel PDAF (2x2 OCL),,RGGB,,,vivo X200; iQOO 13; vivo X Fold5,https://spinformation.info/all/smartphone-image-sensor/,Existing catalog / official + SP information,,2024.0,High,https://helpix.ru/isensor/,3,,,,0,vivo X Fold5,vivo,Rear Main,,Snapdragon 8 Gen 3,https://helpix.ru/vivo/x_fold5/,Helpix phone specification,https://helpix.ru/vivo/x_fold5/,High,PHONE:XFOLD5,Not yet matched,,,,,,,,,,,,,,,,
Sony,IMX921,SONY:IMX921,IMX921,,,Canonical product name,50,,1/1.56,1.0,4-in-1,,All-pixel PDAF (2x2 OCL),,RGGB,,,vivo X200; iQOO 13; vivo X Fold5,https://spinformation.info/all/smartphone-image-sensor/,Existing catalog / official + SP information,,2024.0,High,https://helpix.ru/isensor/,3,,,,0,vivo X200,vivo,Rear Main,2024,Dimensity 9400,https://helpix.ru/vivo/x200/,Helpix phone specification,https://helpix.ru/vivo/x200/,High,PHONE:X200,Not yet matched,,,,,,,,,,,,,,,,
Sony,IMX972,SONY:IMX972,IMX972,,,Canonical product name,48,,1/2.55,0.7,4-in-1,,All-pixel PDAF,,RGGB,,,iPhone 16 Pro; iPhone 16 Pro Max,https://spinformation.info/all/smartphone-image-sensor/,Existing catalog / official + SP information,,,High,https://helpix.ru/isensor/,2,,,,2,iPhone 16 Pro,Apple,Rear Ultra-wide,2024,A18 Pro,https://helpix.ru/apple/iphone_16_pro/,Helpix phone specification,https://support.apple.com/ko-kr/121031,High,PHONE:IPHONE16PRO,Not yet matched,,,,,,,,,,,,,,,,
Sony,IMX972,SONY:IMX972,IMX972,,,Canonical product name,48,,1/2.55,0.7,4-in-1,,All-pixel PDAF,,RGGB,,,iPhone 16 Pro; iPhone 16 Pro Max,https://spinformation.info/all/smartphone-image-sensor/,Existing catalog / official + SP information,,,High,https://helpix.ru/isensor/,2,,,,2,iPhone 16 Pro Max,Apple,Rear Ultra-wide,2024,A18 Pro,https://helpix.ru/apple/iphone_16_pro_max/,Helpix phone specification,https://www.apple.com/kr/newsroom/2024/09/apple-debuts-iphone-16-pro-iphone-16-pro-max/,High,PHONE:IPHONE16PROMAX,Not yet matched,,,,,,,,,,,,,,,,
Sony,IMX973,SONY:IMX973,IMX973,,,Canonical product name,48,,1/2.55,0.7,4-in-1,,All-pixel PDAF,,RGGB,,,iPhone 17; iPhone 17 Pro; iPhone 17 Pro Max,https://spinformation.info/all/smartphone-image-sensor/,Existing catalog / official + SP information,,,High,https://helpix.ru/isensor/,3,,,,0,iPhone 17 Pro,Apple,Rear Telephoto,2025,A19 Pro,https://helpix.ru/apple/iphone_17_pro/,Helpix phone specification,https://helpix.ru/apple/iphone_17_pro/,High,PHONE:IPHONE17PRO,Not yet matched,,,,,,,,,,,,,,,,
Sony,IMX973,SONY:IMX973,IMX973,,,Canonical product name,48,,1/2.55,0.7,4-in-1,,All-pixel PDAF,,RGGB,,,iPhone 17; iPhone 17 Pro; iPhone 17 Pro Max,https://spinformation.info/all/smartphone-image-sensor/,Existing catalog / official + SP information,,,High,https://helpix.ru/isensor/,3,,,,0,iPhone 17 Pro Max,Apple,Rear Telephoto,2025,A19 Pro,https://helpix.ru/apple/iphone_17_pro_max/,Helpix phone specification,https://helpix.ru/apple/iphone_17_pro_max/,High,PHONE:IPHONE17PROMAX,Not yet matched,,,,,,,,,,,,,,,,
Sony,IMX978,SONY:IMX978,IMX978,,,Canonical product name,52,,1/1.022,1.55,4-in-1,,All-pixel PDAF (2x2 OCL),,RGGB,,,,https://spinformation.info/all/smartphone-image-sensor/,Existing catalog / official + SP information,,,High,,0,,,,0,,,,,,,,,,,No phone mapping,,,,,,,,,,,,,,,,
Sony,IMX982,SONY:IMX982,IMX982,,,Canonical product name,48,,1/2.55,0.7,4-in-1,,All-pixel PDAF,,RGGB,,,iPhone 16e,https://spinformation.info/all/smartphone-image-sensor/,Existing catalog / official + SP information,,,High,,1,,,,0,iPhone 16e,Apple,Unknown,2025,A18,https://spinformation.info/all/smartphone-image-sensor/,Existing master Example_Phones,https://helpix.ru/apple/iphone_16e/,High,PHONE:IPHONE16E,Not yet matched,,,,,,,,,,,,,,,,
Sony,IMX989,SONY:IMX989,IMX989,,,Canonical product name,50.3,,1/0.98,1.6,4-in-1,,All-pixel PDAF (OctaPD),Clear HDR; QDOL-HDR4,RGGB,,,Xiaomi 13 Ultra; OPPO Find X6 Pro; vivo X100 Pro,https://spinformation.info/all/smartphone-image-sensor/,Existing catalog / official + SP information,,,High,,16,Rear Main,2022.0,2025.0,2,Leica Leitz Phone 2,Leica,Rear Main,2022.0,,https://helpix.ru/isensor/sony_imx989/,Helpix sensor-phone mapping,,High,PHONE:LEICALEITZPHONE2,Not yet matched,,,,,,,,,,,,,,,,
Sony,IMX989,SONY:IMX989,IMX989,,,Canonical product name,50.3,,1/0.98,1.6,4-in-1,,All-pixel PDAF (OctaPD),Clear HDR; QDOL-HDR4,RGGB,,,Xiaomi 13 Ultra; OPPO Find X6 Pro; vivo X100 Pro,https://spinformation.info/all/smartphone-image-sensor/,Existing catalog / official + SP information,,,High,,16,Rear Main,2022.0,2025.0,2,Sharp Aquos R7,Sharp,Rear Main,2022.0,,https://helpix.ru/isensor/sony_imx989/,Helpix sensor-phone mapping,,High,PHONE:SHARPAQUOSR7,Not yet matched,,,,,,,,,,,,,,,,
Sony,IMX989,SONY:IMX989,IMX989,,,Canonical product name,50.3,,1/0.98,1.6,4-in-1,,All-pixel PDAF (OctaPD),Clear HDR; QDOL-HDR4,RGGB,,,Xiaomi 13 Ultra; OPPO Find X6 Pro; vivo X100 Pro,https://spinformation.info/all/smartphone-image-sensor/,Existing catalog / official + SP information,,,High,,16,Rear Main,2022.0,2025.0,2,Vivo X90 Pro,vivo,Rear Main,2022.0,Dimensity 9200,https://helpix.ru/isensor/sony_imx989/,Helpix sensor-phone mapping,https://helpix.ru/vivo/x90_pro/,High,PHONE:X90PRO,Not yet matched,,,,,,,,,,,,,,,,
Sony,IMX989,SONY:IMX989,IMX989,,,Canonical product name,50.3,,1/0.98,1.6,4-in-1,,All-pixel PDAF (OctaPD),Clear HDR; QDOL-HDR4,RGGB,,,Xiaomi 13 Ultra; OPPO Find X6 Pro; vivo X100 Pro,https://spinformation.info/all/smartphone-image-sensor/,Existing catalog / official + SP information,,,High,,16,Rear Main,2022.0,2025.0,2,Vivo X90 Pro+,vivo,Rear Main,2022.0,Snapdragon 8 Gen 2,https://helpix.ru/isensor/sony_imx989/,Helpix sensor-phone mapping,https://helpix.ru/vivo/x90_pro_plus/,High,PHONE:X90PROPLUS,Not yet matched,,,,,,,,,,,,,,,,
Sony,IMX989,SONY:IMX989,IMX989,,,Canonical product name,50.3,,1/0.98,1.6,4-in-1,,All-pixel PDAF (OctaPD),Clear HDR; QDOL-HDR4,RGGB,,,Xiaomi 13 Ultra; OPPO Find X6 Pro; vivo X100 Pro,https://spinformation.info/all/smartphone-image-sensor/,Existing catalog / official + SP information,,,High,,16,Rear Main,2022.0,2025.0,2,Xiaomi 12S Ultra,Xiaomi,Rear Main,2022.0,,https://helpix.ru/isensor/sony_imx989/,Helpix sensor-phone mapping,,High,PHONE:12SULTRA,Not yet matched,,,,,,,,,,,,,,,,
Sony,IMX989,SONY:IMX989,IMX989,,,Canonical product name,50.3,,1/0.98,1.6,4-in-1,,All-pixel PDAF (OctaPD),Clear HDR; QDOL-HDR4,RGGB,,,Xiaomi 13 Ultra; OPPO Find X6 Pro; vivo X100 Pro,https://spinformation.info/all/smartphone-image-sensor/,Existing catalog / official + SP information,,,High,,16,Rear Main,2022.0,2025.0,2,Xiaomi 13 Pro,Xiaomi,Rear Main,2022.0,,https://helpix.ru/isensor/sony_imx989/,Helpix sensor-phone mapping,,High,PHONE:13PRO,Not yet matched,,,,,,,,,,,,,,,,
Sony,IMX989,SONY:IMX989,IMX989,,,Canonical product name,50.3,,1/0.98,1.6,4-in-1,,All-pixel PDAF (OctaPD),Clear HDR; QDOL-HDR4,RGGB,,,Xiaomi 13 Ultra; OPPO Find X6 Pro; vivo X100 Pro,https://spinformation.info/all/smartphone-image-sensor/,Existing catalog / official + SP information,,,High,,16,Rear Main,2022.0,2025.0,2,OPPO Find X6 Pro,OPPO,Rear Main,2023.0,Snapdragon 8 Gen 2,https://helpix.ru/isensor/sony_imx989/,Helpix sensor-phone mapping,https://helpix.ru/oppo/find_x6_pro/,High,PHONE:FINDX6PRO,Not yet matched,,,,,,,,,,,,,,,,
Sony,IMX989,SONY:IMX989,IMX989,,,Canonical product name,50.3,,1/0.98,1.6,4-in-1,,All-pixel PDAF (OctaPD),Clear HDR; QDOL-HDR4,RGGB,,,Xiaomi 13 Ultra; OPPO Find X6 Pro; vivo X100 Pro,https://spinformation.info/all/smartphone-image-sensor/,Existing catalog / official + SP information,,,High,,16,Rear Main,2022.0,2025.0,2,Sharp Aquos R7s,Sharp,Rear Main,2023.0,,https://helpix.ru/isensor/sony_imx989/,Helpix sensor-phone mapping,,High,PHONE:SHARPAQUOSR7S,Not yet matched,,,,,,,,,,,,,,,,
Sony,IMX989,SONY:IMX989,IMX989,,,Canonical product name,50.3,,1/0.98,1.6,4-in-1,,All-pixel PDAF (OctaPD),Clear HDR; QDOL-HDR4,RGGB,,,Xiaomi 13 Ultra; OPPO Find X6 Pro; vivo X100 Pro,https://spinformation.info/all/smartphone-image-sensor/,Existing catalog / official + SP information,,,High,,16,Rear Main,2022.0,2025.0,2,Vivo X100 Pro,vivo,Rear Main,2023.0,Dimensity 9300,https://helpix.ru/isensor/sony_imx989/,Helpix sensor-phone mapping,https://www.vivo.com/en/products/param/x100pro,High,PHONE:X100PRO,Not yet matched,,,,,,,,,,,,,,,,
Sony,IMX989,SONY:IMX989,IMX989,,,Canonical product name,50.3,,1/0.98,1.6,4-in-1,,All-pixel PDAF (OctaPD),Clear HDR; QDOL-HDR4,RGGB,,,Xiaomi 13 Ultra; OPPO Find X6 Pro; vivo X100 Pro,https://spinformation.info/all/smartphone-image-sensor/,Existing catalog / official + SP information,,,High,,16,Rear Main,2022.0,2025.0,2,Xiaomi 13 Ultra,Xiaomi,Rear Main,2023.0,Snapdragon 8 Gen 2,https://helpix.ru/isensor/sony_imx989/,Helpix sensor-phone mapping,https://www.mi.com/global/product/xiaomi-13-ultra/specs/,High,PHONE:13ULTRA,Not yet matched,,,,,,,,,,,,,,,,
Sony,IMX989,SONY:IMX989,IMX989,,,Canonical product name,50.3,,1/0.98,1.6,4-in-1,,All-pixel PDAF (OctaPD),Clear HDR; QDOL-HDR4,RGGB,,,Xiaomi 13 Ultra; OPPO Find X6 Pro; vivo X100 Pro,https://spinformation.info/all/smartphone-image-sensor/,Existing catalog / official + SP information,,,High,,16,Rear Main,2022.0,2025.0,2,Huawei Pura 70 Ultra,Huawei,Rear Main,2024.0,Kirin 9010,https://helpix.ru/isensor/sony_imx989/,Helpix sensor-phone mapping,https://helpix.ru/huawei/pura_70_ultra/,High,PHONE:PURA70ULTRA,Verified normalized match,Huawei Pura 70 Ultra,163,,,,,,,,,1499,Apr 2024,V6,https://www.dxomark.com/smartphones/Huawei/Pura-70-Ultra,DXOMARK device page,2026-09-26
Sony,IMX989,SONY:IMX989,IMX989,,,Canonical product name,50.3,,1/0.98,1.6,4-in-1,,All-pixel PDAF (OctaPD),Clear HDR; QDOL-HDR4,RGGB,,,Xiaomi 13 Ultra; OPPO Find X6 Pro; vivo X100 Pro,https://spinformation.info/all/smartphone-image-sensor/,Existing catalog / official + SP information,,,High,,16,Rear Main,2022.0,2025.0,2,Vivo X100s Pro,vivo,Rear Main,2024.0,,https://helpix.ru/isensor/sony_imx989/,Helpix sensor-phone mapping,,High,PHONE:X100SPRO,Not yet matched,,,,,,,,,,,,,,,,
Sony,IMX989,SONY:IMX989,IMX989,,,Canonical product name,50.3,,1/0.98,1.6,4-in-1,,All-pixel PDAF (OctaPD),Clear HDR; QDOL-HDR4,RGGB,,,Xiaomi 13 Ultra; OPPO Find X6 Pro; vivo X100 Pro,https://spinformation.info/all/smartphone-image-sensor/,Existing catalog / official + SP information,,,High,,16,Rear Main,2022.0,2025.0,2,Ulefone Armor 28 Pro,Ulefone,Rear Main,2025.0,,https://helpix.ru/isensor/sony_imx989/,Helpix sensor-phone mapping,,High,PHONE:ULEFONEARMOR28PRO,Not yet matched,,,,,,,,,,,,,,,,
Sony,IMX989,SONY:IMX989,IMX989,,,Canonical product name,50.3,,1/0.98,1.6,4-in-1,,All-pixel PDAF (OctaPD),Clear HDR; QDOL-HDR4,RGGB,,,Xiaomi 13 Ultra; OPPO Find X6 Pro; vivo X100 Pro,https://spinformation.info/all/smartphone-image-sensor/,Existing catalog / official + SP information,,,High,,16,Rear Main,2022.0,2025.0,2,Ulefone Armor 28 Ultra,Ulefone,Rear Main,2025.0,,https://helpix.ru/isensor/sony_imx989/,Helpix sensor-phone mapping,,High,PHONE:ULEFONEARMOR28ULTRA,Not yet matched,,,,,,,,,,,,,,,,
Sony,IMX989,SONY:IMX989,IMX989,,,Canonical product name,50.3,,1/0.98,1.6,4-in-1,,All-pixel PDAF (OctaPD),Clear HDR; QDOL-HDR4,RGGB,,,Xiaomi 13 Ultra; OPPO Find X6 Pro; vivo X100 Pro,https://spinformation.info/all/smartphone-image-sensor/,Existing catalog / official + SP information,,,High,,16,Rear Main,2022.0,2025.0,2,Ulefone Armor 28 Ultra Thermal Version,Ulefone,Rear Main,2025.0,,https://helpix.ru/isensor/sony_imx989/,Helpix sensor-phone mapping,,High,PHONE:ULEFONEARMOR28ULTRATHERMALVERSION,Not yet matched,,,,,,,,,,,,,,,,
Sony,IMX989,SONY:IMX989,IMX989,,,Canonical product name,50.3,,1/0.98,1.6,4-in-1,,All-pixel PDAF (OctaPD),Clear HDR; QDOL-HDR4,RGGB,,,Xiaomi 13 Ultra; OPPO Find X6 Pro; vivo X100 Pro,https://spinformation.info/all/smartphone-image-sensor/,Existing catalog / official + SP information,,,High,,16,Rear Main,2022.0,2025.0,2,Ulefone Armor 29 Ultra,Ulefone,Rear Main,2025.0,,https://helpix.ru/isensor/sony_imx989/,Helpix sensor-phone mapping,,High,PHONE:ULEFONEARMOR29ULTRA,Not yet matched,,,,,,,,,,,,,,,,
Sony,LYTIA 500,SONY:LYTIA 500,LYTIA 500,,,Canonical product name,50,,1/2.93,0.6,4-in-1,,Partial PD,LBMF,,,,,https://www.sony-semicon.com/en/products/is/mobile/lineup.html,Existing catalog / official + SP information,Always-on supported in official Sony lineup.,2026.0,High,https://helpix.ru/isensor/,0,,,,0,,,,,,,,,,,No phone mapping,,,,,,,,,,,,,,,,
Sony,LYTIA 501,SONY:LYTIA 501,LYTIA 501,,,Canonical product name,12.5,,1/2.93,0.6,,,Partial PD,LBMF,,,,,https://www.sony-semicon.com/en/products/is/mobile/lineup.html,Existing catalog / official + SP information,,,High,,0,,,,0,,,,,,,,,,,No phone mapping,,,,,,,,,,,,,,,,
Sony,LYTIA 505,SONY:LYTIA 505,LYTIA 505,,,Canonical product name,50,,1/2.93,0.6,,,Partial PD,LBMF,,,,,https://www.sony-semicon.com/en/products/is/mobile/lineup.html,Existing catalog / official + SP information,,,High,,0,,,,0,,,,,,,,,,,No phone mapping,,,,,,,,,,,,,,,,
Sony,LYTIA 600,SONY:IMX882,LYTIA 600,IMX882,LYTIA 600 / IMX882; LYT-600; LYTIA 600,Marketing+internal mapped,50,,1/1.95,0.8,4-in-1,,PDAF,,RGGB,,,OPPO Reno 14; OnePlus Nord 4; POCO F7,https://spinformation.info/all/smartphone-image-sensor/,Existing catalog / official + SP information,Pixel_Size_um per https://helpix.ru/isensor/sony_imx882/.,,High,https://helpix.ru/isensor/sony_imx882/,3,,,,0,OPPO Reno 14,OPPO,Rear Main,2025,Dimensity 8350,https://helpix.ru/oppo/reno14/,Helpix phone specification,https://helpix.ru/oppo/reno14/,Medium,PHONE:RENO14,Not yet matched,,,,,,,,,,,,,,,,
Sony,LYTIA 600,SONY:IMX882,LYTIA 600,IMX882,LYTIA 600 / IMX882; LYT-600; LYTIA 600,Marketing+internal mapped,50,,1/1.95,0.8,4-in-1,,PDAF,,RGGB,,,OPPO Reno 14; OnePlus Nord 4; POCO F7,https://spinformation.info/all/smartphone-image-sensor/,Existing catalog / official + SP information,Pixel_Size_um per https://helpix.ru/isensor/sony_imx882/.,,High,https://helpix.ru/isensor/sony_imx882/,3,,,,0,OnePlus Nord 4,OnePlus,Rear Main,2024,Snapdragon 7+ Gen 3,https://helpix.ru/oneplus/nord_4/,Helpix phone specification,https://helpix.ru/oneplus/nord_4/,High,PHONE:ONEPLUSNORD4,Not yet matched,,,,,,,,,,,,,,,,
Sony,LYTIA 600,SONY:IMX882,LYTIA 600,IMX882,LYTIA 600 / IMX882; LYT-600; LYTIA 600,Marketing+internal mapped,50,,1/1.95,0.8,4-in-1,,PDAF,,RGGB,,,OPPO Reno 14; OnePlus Nord 4; POCO F7,https://spinformation.info/all/smartphone-image-sensor/,Existing catalog / official + SP information,Pixel_Size_um per https://helpix.ru/isensor/sony_imx882/.,,High,https://helpix.ru/isensor/sony_imx882/,3,,,,0,POCO F7,Xiaomi,Rear Main,2025,Snapdragon 8s Gen 4,https://helpix.ru/xiaomi/poco_f7/,Helpix phone specification,https://helpix.ru/xiaomi/poco_f7/,High,PHONE:POCOF7,Not yet matched,,,,,,,,,,,,,,,,
Sony,LYTIA 602,SONY:LYTIA 602,LYTIA 602,,LYT-602,Canonical product name,50,,1/1.953,0.8,4-in-1,,All-pixel AF (2x2 OCL),,RGGB,,,vivo X300,https://spinformation.info/all/smartphone-image-sensor/,Existing catalog / official + SP information,,,High,,1,,,,0,vivo X300,vivo,Rear Telephoto,2025,Dimensity 9500,https://helpix.ru/vivo/x300/,Helpix phone specification,https://helpix.ru/vivo/x300/,High,PHONE:X300,Not yet matched,,,,,,,,,,,,,,,,
Sony,LYTIA 700,SONY:LYTIA 700,LYTIA 700,,LYT-700,Canonical product name,50,,1/1.56,1.0,4-in-1,,All-pixel AF,DAG-HDR; LBMF,,,,ASUS ROG Phone 9; ROG Phone 9 Pro,https://www.sony-semicon.com/en/products/is/mobile/lineup.html,Existing catalog / official + SP information,,,High,,2,,,,0,ASUS ROG Phone 9,ASUS,Rear Main,2024,Snapdragon 8 Elite,https://helpix.ru/asus/rog_phone_9/,Helpix phone specification,https://helpix.ru/asus/rog_phone_9/,High,PHONE:ASUSROGPHONE9,Not yet matched,,,,,,,,,,,,,,,,
Sony,LYTIA 700,SONY:LYTIA 700,LYTIA 700,,LYT-700,Canonical product name,50,,1/1.56,1.0,4-in-1,,All-pixel AF,DAG-HDR; LBMF,,,,ASUS ROG Phone 9; ROG Phone 9 Pro,https://www.sony-semicon.com/en/products/is/mobile/lineup.html,Existing catalog / official + SP information,,,High,,2,,,,0,ROG Phone 9 Pro,ASUS,Rear Main,2024,Snapdragon 8 Elite,https://helpix.ru/asus/rog_phone_9_pro/,Helpix phone specification,https://helpix.ru/asus/rog_phone_9_pro/,High,PHONE:ROGPHONE9PRO,Not yet matched,,,,,,,,,,,,,,,,
Sony,LYTIA 700C,SONY:LYTIA 700C,LYTIA 700C,,,Canonical product name,50,,1/1.56,1.0,4-in-1,,All-pixel AF,DAG-HDR; LBMF,,,,OnePlus 13R; OPPO Find N5; Motorola Edge 60 Pro,https://www.sony-semicon.com/en/products/is/mobile/lineup.html,Existing catalog / official + SP information,,,High,,3,,,,0,Motorola Edge 60 Pro,Motorola,Rear Main,2025,Dimensity 8350 Extreme,https://helpix.ru/motorola/edge_60_pro/,Helpix phone specification,https://helpix.ru/motorola/edge_60_pro/,High,PHONE:EDGE60PRO,Not yet matched,,,,,,,,,,,,,,,,
Sony,LYTIA 700C,SONY:LYTIA 700C,LYTIA 700C,,,Canonical product name,50,,1/1.56,1.0,4-in-1,,All-pixel AF,DAG-HDR; LBMF,,,,OnePlus 13R; OPPO Find N5; Motorola Edge 60 Pro,https://www.sony-semicon.com/en/products/is/mobile/lineup.html,Existing catalog / official + SP information,,,High,,3,,,,0,OPPO Find N5,OPPO,Rear Main,2025,Snapdragon 8 Elite,https://helpix.ru/isensor/sony_lyt-700c/,Helpix sensor database,https://helpix.ru/oppo/find_n5/,High,PHONE:FINDN5,Not yet matched,,,,,,,,,,,,,,,,
Sony,LYTIA 700C,SONY:LYTIA 700C,LYTIA 700C,,,Canonical product name,50,,1/1.56,1.0,4-in-1,,All-pixel AF,DAG-HDR; LBMF,,,,OnePlus 13R; OPPO Find N5; Motorola Edge 60 Pro,https://www.sony-semicon.com/en/products/is/mobile/lineup.html,Existing catalog / official + SP information,,,High,,3,,,,0,OnePlus 13R,OnePlus,Rear Main,2025,Snapdragon 8 Gen 3,https://helpix.ru/isensor/sony_lyt-700c/,Helpix sensor database,https://helpix.ru/oneplus/13r/,High,PHONE:ONEPLUS13R,Not yet matched,,,,,,,,,,,,,,,,
Sony,LYTIA 701,SONY:LYTIA 701,LYTIA 701,,LYT-701,Canonical product name,50,,1/1.56,1.0,4-in-1,,All-pixel AF (2x2 OCL),,RGGB,,,Realme 13 Pro+; Tecno Camon 40 Premier,https://spinformation.info/all/smartphone-image-sensor/,Existing catalog / official + SP information,Reportedly the renamed IMX890 per a tipster; specs match but kept as a separate record until Sony confirms. Notes per https://www.sonyalpharumors.com/sony-is-slowly-ending-the-imx-sensor-lineup-and-rebranding-existing-products-to-lytia-series/.,,High,https://www.sonyalpharumors.com/sony-is-slowly-ending-the-imx-sensor-lineup-and-rebranding-existing-products-to-lytia-series/,2,,,,0,Realme 13 Pro+,Realme,Rear Main,2024,Snapdragon 7s Gen 2,https://helpix.ru/realme/13_pro_plus/,Helpix phone specification,https://helpix.ru/realme/13_pro_plus/,High,PHONE:REALME13PRO,Not yet matched,,,,,,,,,,,,,,,,
Sony,LYTIA 701,SONY:LYTIA 701,LYTIA 701,,LYT-701,Canonical product name,50,,1/1.56,1.0,4-in-1,,All-pixel AF (2x2 OCL),,RGGB,,,Realme 13 Pro+; Tecno Camon 40 Premier,https://spinformation.info/all/smartphone-image-sensor/,Existing catalog / official + SP information,Reportedly the renamed IMX890 per a tipster; specs match but kept as a separate record until Sony confirms. Notes per https://www.sonyalpharumors.com/sony-is-slowly-ending-the-imx-sensor-lineup-and-rebranding-existing-products-to-lytia-series/.,,High,https://www.sonyalpharumors.com/sony-is-slowly-ending-the-imx-sensor-lineup-and-rebranding-existing-products-to-lytia-series/,2,,,,0,Tecno Camon 40 Premier,Tecno,Rear Main,2025,Dimensity 8350,https://helpix.ru/tecno/camon_40_premier/,Helpix phone specification,https://helpix.ru/tecno/camon_40_premier/,High,PHONE:TECNOCAMON40PREMIER,Not yet matched,,,,,,,,,,,,,,,,
Sony,LYTIA 710,SONY:LYTIA 710 (IMX917),LYTIA 710,IMX917,LYT-710,Marketing+internal mapped,50,,1/1.56,1.0,,,,,,,,,https://helpix.ru/isensor/,Helpix smartphone sensor index,Added in ultra expansion; mobile-camera sensor index listing.,2026.0,Medium,,0,,,,0,,,,,,,,,,,No phone mapping,,,,,,,,,,,,,,,,
Sony,LYTIA 800,SONY:LYTIA 800,LYTIA 800,,,Canonical product name,53,,1/1.43,1.12,4-in-1,,All-pixel AF,,RGGB,,,,https://spinformation.info/all/smartphone-image-sensor/,Existing catalog / official + SP information,Older LYTIA naming in third-party table.,,High,,0,,,,0,,,,,,,,,,,No phone mapping,,,,,,,,,,,,,,,,
Sony,LYTIA 808,SONY:LYTIA 808 / IMX966,LYTIA 808,IMX966,LYT-808,Marketing+internal mapped,50,,1/1.4,1.12,4-in-1,,All-pixel AF (OctaPD),DCG-HDR; LBMF,RGGB,,,OnePlus 13; OnePlus 12; OPPO Find X8 Pro,https://www.sony-semicon.com/en/products/is/mobile/lineup.html,Existing catalog / official + SP information,,,High,,3,,,,0,OPPO Find X8 Pro,OPPO,Rear Main,2024,Dimensity 9400,https://helpix.ru/oppo/find_x8_pro/,Helpix phone specification,https://helpix.ru/oppo/find_x8_pro/,High,PHONE:FINDX8PRO,Not yet matched,,,,,,,,,,,,,,,,
Sony,LYTIA 808,SONY:LYTIA 808 / IMX966,LYTIA 808,IMX966,LYT-808,Marketing+internal mapped,50,,1/1.4,1.12,4-in-1,,All-pixel AF (OctaPD),DCG-HDR; LBMF,RGGB,,,OnePlus 13; OnePlus 12; OPPO Find X8 Pro,https://www.sony-semicon.com/en/products/is/mobile/lineup.html,Existing catalog / official + SP information,,,High,,3,,,,0,OnePlus 12,OnePlus,Rear Main,2023,Snapdragon 8 Gen 3,https://helpix.ru/oneplus/12/,Helpix phone specification,https://helpix.ru/oneplus/12/,High,PHONE:ONEPLUS12,Not yet matched,,,,,,,,,,,,,,,,
Sony,LYTIA 808,SONY:LYTIA 808 / IMX966,LYTIA 808,IMX966,LYT-808,Marketing+internal mapped,50,,1/1.4,1.12,4-in-1,,All-pixel AF (OctaPD),DCG-HDR; LBMF,RGGB,,,OnePlus 13; OnePlus 12; OPPO Find X8 Pro,https://www.sony-semicon.com/en/products/is/mobile/lineup.html,Existing catalog / official + SP information,,,High,,3,,,,0,OnePlus 13,OnePlus,Rear Main,2024,Snapdragon 8 Elite,https://helpix.ru/oneplus/13/,Helpix phone specification,https://helpix.ru/oneplus/13/,High,PHONE:ONEPLUS13,Not yet matched,,,,,,,,,,,,,,,,
Sony,LYTIA 818,SONY:LYTIA 818 / IMX06C,LYTIA 818,IMX06C,LYT-818,Marketing+internal mapped,50,,1/1.28,1.22,4-in-1,,All-pixel AF,DCG-HDR; LBMF,RGGB,,,vivo X300 Ultra; vivo X200 Ultra; vivo X200 Pro,https://www.sony-semicon.com/en/products/is/mobile/lineup.html,Existing catalog / official + SP information,IMX06C alias listed by SP information.,,High,,3,,,,0,vivo X200 Pro,vivo,Rear Main,2024,Dimensity 9400,https://helpix.ru/vivo/x200_pro/,Helpix phone specification,https://helpix.ru/vivo/x200_pro/,High,PHONE:X200PRO,Not yet matched,,,,,,,,,,,,,,,,
Sony,LYTIA 818,SONY:LYTIA 818 / IMX06C,LYTIA 818,IMX06C,LYT-818,Marketing+internal mapped,50,,1/1.28,1.22,4-in-1,,All-pixel AF,DCG-HDR; LBMF,RGGB,,,vivo X300 Ultra; vivo X200 Ultra; vivo X200 Pro,https://www.sony-semicon.com/en/products/is/mobile/lineup.html,Existing catalog / official + SP information,IMX06C alias listed by SP information.,,High,,3,,,,0,vivo X200 Ultra,vivo,Rear Main + Rear Ultra-wide,2025,Snapdragon 8 Elite,https://helpix.ru/vivo/x200_ultra/,Helpix phone specification,https://helpix.ru/vivo/x200_ultra/,High,PHONE:X200ULTRA,Verified normalized match,Vivo X200 Ultra,167,,,,,,,,,1100,Apr 2025,V6,https://www.dxomark.com/smartphones/,DXOMARK ranking,2026-09-26
Sony,LYTIA 818,SONY:LYTIA 818 / IMX06C,LYTIA 818,IMX06C,LYT-818,Marketing+internal mapped,50,,1/1.28,1.22,4-in-1,,All-pixel AF,DCG-HDR; LBMF,RGGB,,,vivo X300 Ultra; vivo X200 Ultra; vivo X200 Pro,https://www.sony-semicon.com/en/products/is/mobile/lineup.html,Existing catalog / official + SP information,IMX06C alias listed by SP information.,,High,,3,,,,0,vivo X300 Ultra,vivo,Rear Ultra-wide,2026,Snapdragon 8 Elite Gen 5,https://helpix.ru/vivo/x300_ultra/,Helpix phone specification,https://helpix.ru/vivo/x300_ultra/,High,PHONE:X300ULTRA,Verified normalized match,Vivo X300 Ultra,170,,,,,,,,,1499,Apr 2026,V6,https://www.dxomark.com/smartphones/,DXOMARK ranking,2026-09-26
Sony,LYTIA 828,SONY:LYTIA 828,LYTIA 828,,LYT-828,Canonical product name,50,,1/1.28,1.22,4-in-1,,All-pixel AF,HF-HDR; DCG-HDR; LBMF,RGGB,,,OPPO Find X9 Pro; vivo X300 Pro,https://www.sony-semicon.com/en/products/is/mobile/lineup.html,Existing catalog / official + SP information,,,High,,2,,,,0,OPPO Find X9 Pro,OPPO,Rear Main,2025,Dimensity 9500,https://helpix.ru/oppo/find_x9_pro/,Helpix phone specification,https://helpix.ru/oppo/find_x9_pro/,High,PHONE:FINDX9PRO,Verified normalized match,Oppo Find X9 Pro,166,,,,,,,,,1299,Nov 2025,V6,https://www.dxomark.com/smartphones/,DXOMARK ranking,2026-09-26
Sony,LYTIA 828,SONY:LYTIA 828,LYTIA 828,,LYT-828,Canonical product name,50,,1/1.28,1.22,4-in-1,,All-pixel AF,HF-HDR; DCG-HDR; LBMF,RGGB,,,OPPO Find X9 Pro; vivo X300 Pro,https://www.sony-semicon.com/en/products/is/mobile/lineup.html,Existing catalog / official + SP information,,,High,,2,,,,0,vivo X300 Pro,vivo,Rear Main,2025,Dimensity 9500,https://helpix.ru/vivo/x300_pro/,Helpix phone specification,https://helpix.ru/vivo/x300_pro/,High,PHONE:X300PRO,Verified normalized match,Vivo X300 Pro,171,,,,,,,,,1299,Oct 2025,V6,https://www.dxomark.com/smartphones/Vivo/X300-Pro,DXOMARK device page,2026-09-26
Sony,LYTIA 900,SONY:LYTIA 900 / LYT-900 / IMX06A,LYTIA 900,IMX06A,LYT-900,Marketing+internal mapped,50.3,,1/0.98,1.6,4-in-1,,All-pixel AF (OctaPD),DCG-HDR; LBMF,RGGB,,,Xiaomi 14 Ultra; OPPO Find X8 Ultra; vivo X100 Ultra,https://www.sony-semicon.com/en/products/is/mobile/lineup.html,Existing catalog / official + SP information,Alias naming varies by source.,,High,,3,,,,0,OPPO Find X8 Ultra,OPPO,Rear Main,2025,Snapdragon 8 Elite,https://helpix.ru/oppo/find_x8_ultra/,Helpix phone specification,https://helpix.ru/oppo/find_x8_ultra/,High,PHONE:FINDX8ULTRA,Verified normalized match,Oppo Find X8 Ultra,168,,,,,,,,,899,Apr 2025,V6,https://www.dxomark.com/smartphones/Oppo/Find-X8-Ultra,DXOMARK device page,2026-09-26
Sony,LYTIA 900,SONY:LYTIA 900 / LYT-900 / IMX06A,LYTIA 900,IMX06A,LYT-900,Marketing+internal mapped,50.3,,1/0.98,1.6,4-in-1,,All-pixel AF (OctaPD),DCG-HDR; LBMF,RGGB,,,Xiaomi 14 Ultra; OPPO Find X8 Ultra; vivo X100 Ultra,https://www.sony-semicon.com/en/products/is/mobile/lineup.html,Existing catalog / official + SP information,Alias naming varies by source.,,High,,3,,,,0,Xiaomi 14 Ultra,Xiaomi,Rear Main,2024,Snapdragon 8 Gen 3,https://helpix.ru/xiaomi/14_ultra/,Helpix phone specification,https://helpix.ru/xiaomi/14_ultra/,High,PHONE:14ULTRA,Not yet matched,,,,,,,,,,,,,,,,
Sony,LYTIA 900,SONY:LYTIA 900 / LYT-900 / IMX06A,LYTIA 900,IMX06A,LYT-900,Marketing+internal mapped,50.3,,1/0.98,1.6,4-in-1,,All-pixel AF (OctaPD),DCG-HDR; LBMF,RGGB,,,Xiaomi 14 Ultra; OPPO Find X8 Ultra; vivo X100 Ultra,https://www.sony-semicon.com/en/products/is/mobile/lineup.html,Existing catalog / official + SP information,Alias naming varies by source.,,High,,3,,,,0,vivo X100 Ultra,vivo,Rear Main,2024,Snapdragon 8 Gen 3,https://helpix.ru/vivo/x100_ultra/,Helpix phone specification,https://helpix.ru/vivo/x100_ultra/,High,PHONE:X100ULTRA,Not yet matched,,,,,,,,,,,,,,,,
Sony,LYTIA 901,SONY:LYTIA 901,LYTIA 901,,,Canonical product name,200,,1/1.12,0.7,16-in-1,,All-pixel AF,HF-HDR; DCG-HDR; LBMF,,,,OPPO Find X9 Ultra; vivo X300 Ultra,https://www.sony-semicon.com/en/products/is/mobile/lineup.html,Existing catalog / official + SP information,Official LYTIA lineup; SP information lists device examples.,2025.0,High,https://helpix.ru/isensor/,2,,,,0,OPPO Find X9 Ultra,OPPO,Rear Main,2026,Snapdragon 8 Elite Gen 5,https://helpix.ru/oppo/find_x9_ultra/,Helpix phone specification,https://helpix.ru/oppo/find_x9_ultra/,High,PHONE:FINDX9ULTRA,Verified normalized match,Oppo Find X9 Ultra,170,,,,,,,,,1699,May 2026,V6,https://www.dxomark.com/smartphones/,DXOMARK ranking,2026-09-26
Sony,LYTIA 901,SONY:LYTIA 901,LYTIA 901,,,Canonical product name,200,,1/1.12,0.7,16-in-1,,All-pixel AF,HF-HDR; DCG-HDR; LBMF,,,,OPPO Find X9 Ultra; vivo X300 Ultra,https://www.sony-semicon.com/en/products/is/mobile/lineup.html,Existing catalog / official + SP information,Official LYTIA lineup; SP information lists device examples.,2025.0,High,https://helpix.ru/isensor/,2,,,,0,vivo X300 Ultra,vivo,Rear Main,2026,Snapdragon 8 Elite Gen 5,https://helpix.ru/vivo/x300_ultra/,Helpix phone specification,https://helpix.ru/vivo/x300_ultra/,High,PHONE:X300ULTRA,Verified normalized match,Vivo X300 Ultra,170,,,,,,,,,1499,Apr 2026,V6,https://www.dxomark.com/smartphones/,DXOMARK ranking,2026-09-26
Sony,LYTIA T808,SONY:LYTIA T808,LYTIA T808,,LYT-T808,Canonical product name,48,,1/1.43,1.12,4-in-1,,All-pixel AF (OctaPD),DCG-HDR; LBMF,RGGB,,,OPPO Find N3; OnePlus Open,https://www.sony-semicon.com/en/products/is/mobile/lineup.html,Existing catalog / official + SP information,2-Layer Pixel. Resolution_MP per https://www.oneplus.com/us/press/press-release/oneplus-ignites-the-foldable-smartphone-market-with-global-launch-of-the-oneplus-open.,,High,https://www.oneplus.com/us/press/press-release/oneplus-ignites-the-foldable-smartphone-market-with-global-launch-of-the-oneplus-open,2,,,,0,OPPO Find N3,OPPO,Rear Main,2023,Snapdragon 8 Gen 2,https://helpix.ru/oppo/find_n3/,Helpix phone specification,https://helpix.ru/oppo/find_n3/,High,PHONE:FINDN3,Not yet matched,,,,,,,,,,,,,,,,
Sony,LYTIA T808,SONY:LYTIA T808,LYTIA T808,,LYT-T808,Canonical product name,48,,1/1.43,1.12,4-in-1,,All-pixel AF (OctaPD),DCG-HDR; LBMF,RGGB,,,OPPO Find N3; OnePlus Open,https://www.sony-semicon.com/en/products/is/mobile/lineup.html,Existing catalog / official + SP information,2-Layer Pixel. Resolution_MP per https://www.oneplus.com/us/press/press-release/oneplus-ignites-the-foldable-smartphone-market-with-global-launch-of-the-oneplus-open.,,High,https://www.oneplus.com/us/press/press-release/oneplus-ignites-the-foldable-smartphone-market-with-global-launch-of-the-oneplus-open,2,,,,0,OnePlus Open,OnePlus,Rear Main,2023,Snapdragon 8 Gen 2,https://helpix.ru/oneplus/open/,Helpix phone specification,https://helpix.ru/oneplus/open/,High,PHONE:ONEPLUSOPEN,Not yet matched,,,,,,,,,,,,,,,,
SuperPix,SP2509,SUPERPIX:SP2509,SP2509,,,Canonical product name,2,,1/5.00,1.75,,,,,,,,,https://helpix.ru/isensor/,Helpix smartphone sensor index,Added in ultra expansion; mobile-camera sensor index listing.,2016.0,Medium,,0,,,,0,,,,,,,,,,,No phone mapping,,,,,,,,,,,,,,,,
SuperPix,SP5506,SUPERPIX:SP5506,SP5506,,,Canonical product name,5,,1/5.00,1.12,,,,,,,,,https://helpix.ru/isensor/,Helpix smartphone sensor index,Added in ultra expansion; mobile-camera sensor index listing.,2017.0,Medium,,0,,,,0,,,,,,,,,,,No phone mapping,,,,,,,,,,,,,,,,
SuperPix,SP5507,SUPERPIX:SP5507,SP5507,,,Canonical product name,5,,1/5.00,1.12,,,,,,,,,https://helpix.ru/isensor/,Helpix smartphone sensor index,Added in ultra expansion; mobile-camera sensor index listing.,2016.0,Medium,,0,,,,0,,,,,,,,,,,No phone mapping,,,,,,,,,,,,,,,,
SuperPix,SP8407,SUPERPIX:SP8407,SP8407,,,Canonical product name,8,,1/4.00,1.12,,,,,,,,,https://helpix.ru/isensor/,Helpix smartphone sensor index,Added in ultra expansion; mobile-camera sensor index listing.,2017.0,Medium,,0,,,,0,,,,,,,,,,,No phone mapping,,,,,,,,,,,,,,,,
onsemi,AR1335,ONSEMI:AR1335,AR1335,,,Canonical product name,13,,1/3.20,1.1,,,,,,,,,https://helpix.ru/isensor/,Helpix smartphone sensor index,Added in ultra expansion; mobile-camera sensor index listing.,2015.0,Medium,,0,,,,0,,,,,,,,,,,No phone mapping,,,,,,,,,,,,,,,,
GalaxyCore,GC02M1,GALAXYCORE:GC02M1,GC02M1,,,Canonical product name,2,,1/5.00,1.75,,,,,,,,,https://helpix.ru/isensor/,Helpix smartphone sensor index,Added in ultra expansion; mobile-camera sensor index listing.,2020.0,Medium,,0,,,,0,Vivo iQOO Z11x Global,vivo,Rear Depth,2026,,https://helpix.ru/isensor/galaxycore_gc02m1/,Helpix sensor database,,High,PHONE:VIVOIQOOZ11XGLOBAL,No phone mapping,,,,,,,,,,,,,,,,
GalaxyCore,GC02M2,GALAXYCORE:GC02M2,GC02M2,,,Canonical product name,2,,1/5.00,1.75,,,,,,,,,https://helpix.ru/isensor/,Helpix smartphone sensor index,Added in ultra expansion; mobile-camera sensor index listing.,2020.0,Medium,,0,,,,0,Oukitel WP35S,Oukitel,Rear Macro,2024,,https://helpix.ru/isensor/galaxycore_gc02m2/,Helpix sensor database,,High,PHONE:OUKITELWP35S,No phone mapping,,,,,,,,,,,,,,,,
GalaxyCore,GC0310,GALAXYCORE:GC0310,GC0310,,,Canonical product name,0.3,,1/10.00,2.25,,,,,,,,,https://helpix.ru/isensor/,Helpix smartphone sensor index,Added in ultra expansion; mobile-camera sensor index listing.,,Medium,,0,,,,0,Sigma mobile X-treme PQ55,Sigma mobile,Rear Depth,2023,,https://helpix.ru/isensor/galaxycore_gc0310/,Helpix sensor database,,High,PHONE:SIGMAMOBILEXTREMEPQ55,No phone mapping,,,,,,,,,,,,,,,,
GalaxyCore,GC2355,GALAXYCORE:GC2355,GC2355,,,Canonical product name,2,,1/5.00,1.75,,,,,,,,,https://helpix.ru/isensor/,Helpix smartphone sensor index,Added in ultra expansion; mobile-camera sensor index listing.,,Medium,,0,,,,0,Cubot Dinosaur,Cubot,Front Main,2016,,https://helpix.ru/isensor/galaxycore_gc2355/,Helpix sensor database,,High,PHONE:CUBOTDINOSAUR,No phone mapping,,,,,,,,,,,,,,,,
GalaxyCore,GC2375H,GALAXYCORE:GC2375H,GC2375H,,,Canonical product name,2,,1/5.00,1.75,,,,,,,,,https://helpix.ru/isensor/,Helpix smartphone sensor index,Added in ultra expansion; mobile-camera sensor index listing.,,Medium,,0,,,,0,Doogee S Punk Pro,Doogee,Rear Macro,2025,,https://helpix.ru/isensor/galaxycore_gc2375h/,Helpix sensor database,,High,PHONE:DOOGEESPUNKPRO,No phone mapping,,,,,,,,,,,,,,,,
GalaxyCore,GC5024,GALAXYCORE:GC5024,GC5024,,,Canonical product name,5,,1/4.00,1.4,,,,,,,,,https://helpix.ru/isensor/,Helpix smartphone sensor index,Added in ultra expansion; mobile-camera sensor index listing.,2016.0,Medium,,0,,,,0,Doogee Mix,Doogee,Front Main,2017,,https://helpix.ru/isensor/galaxycore_gc5024/,Helpix sensor database,,High,PHONE:DOOGEEMIX,No phone mapping,,,,,,,,,,,,,,,,
GalaxyCore,GC5035,GALAXYCORE:GC5035,GC5035,,,Canonical product name,5,,1/5.00,1.12,,,,,,,,,https://helpix.ru/isensor/,Helpix smartphone sensor index,Added in ultra expansion; mobile-camera sensor index listing.,2019.0,Medium,,0,,,,0,Oukitel WP55 Ultra,Oukitel,Rear Unknown,2025,,https://helpix.ru/isensor/galaxycore_gc5035/,Helpix sensor database,,High,PHONE:OUKITELWP55ULTRA,No phone mapping,,,,,,,,,,,,,,,,
GalaxyCore,GC8034,GALAXYCORE:GC8034,GC8034,,,Canonical product name,8,,1/4.00,1.12,,,,,,,,,https://helpix.ru/isensor/,Helpix smartphone sensor index,Added in ultra expansion; mobile-camera sensor index listing.,2018.0,Medium,,0,,,,0,Blackview BV8800,Blackview,Rear Ultra-wide,2021,,https://helpix.ru/isensor/galaxycore_gc8034/,Helpix sensor database,,High,PHONE:BLACKVIEWBV8800,No phone mapping,,,,,,,,,,,,,,,,
GalaxyCore,GC8054,GALAXYCORE:GC8054,GC8054,,,Canonical product name,8,,1/4.00,1.12,,,,,,,,,https://helpix.ru/isensor/,Helpix smartphone sensor index,Added in ultra expansion; mobile-camera sensor index listing.,2020.0,Medium,,0,,,,0,Realme 6 Pro,Realme,Front Ultra-wide,2020,,https://helpix.ru/isensor/galaxycore_gc8054/,Helpix sensor database,,High,PHONE:REALME6PRO,No phone mapping,,,,,,,,,,,,,,,,
OmniVision,OV02A,OMNIVISION:OV02A,OV02A,,,Canonical product name,2,,1/5.00,1.75,,,,,,,,,https://helpix.ru/isensor/,Helpix smartphone sensor index,Added in ultra expansion; mobile-camera sensor index listing.,2016.0,Medium,,0,,,,0,Ulefone RugKing,Ulefone,Rear Macro,2025,,https://helpix.ru/isensor/omnivision_ov02a/,Helpix sensor database,,High,PHONE:ULEFONERUGKING,No phone mapping,,,,,,,,,,,,,,,,
OmniVision,OV13855,OMNIVISION:OV13855,OV13855,,,Canonical product name,13,,1/3.06,1.12,,,,,,,,,https://helpix.ru/isensor/,Helpix smartphone sensor index,Added in ultra expansion; mobile-camera sensor index listing.,2016.0,Medium,,0,,,,0,ASUS ROG Phone 3,ASUS,Rear Ultra-wide,2020,,https://helpix.ru/isensor/omnivision_ov13855/,Helpix sensor database,,High,PHONE:ASUSROGPHONE3,No phone mapping,,,,,,,,,,,,,,,,
OmniVision,OV13858,OMNIVISION:OV13858,OV13858,,,Canonical product name,13,,1/3.06,1.12,,,,,,,,,https://helpix.ru/isensor/,Helpix smartphone sensor index,Added in ultra expansion; mobile-camera sensor index listing.,2016.0,Medium,,0,,,,0,Intex Aqua Crystal+,Intex,Rear Main,2017,,https://helpix.ru/isensor/omnivision_ov13858/,Helpix sensor database,,High,PHONE:INTEXAQUACRYSTALPLUS,No phone mapping,,,,,,,,,,,,,,,,
OmniVision,OV16885,OMNIVISION:OV16885,OV16885,,,Canonical product name,16,,1/3.06,1.0,,,,,,,,,https://helpix.ru/isensor/,Helpix smartphone sensor index,Added in ultra expansion; mobile-camera sensor index listing.,2016.0,Medium,,0,,,,0,Motorola Moto G Pro,Motorola,Rear Ultra-wide,2020,,https://helpix.ru/isensor/omnivision_ov16885/,Helpix sensor database,,High,PHONE:MOTOROLAMOTOGPRO,No phone mapping,,,,,,,,,,,,,,,,
OmniVision,OV20880,OMNIVISION:OV20880,OV20880,,,Canonical product name,20,,1/2.76,1.0,,,,,,,,,https://helpix.ru/isensor/,Helpix smartphone sensor index,Added in ultra expansion; mobile-camera sensor index listing.,2016.0,Medium,,0,,,,0,Honor 8X (View 10 Lite),HONOR,Rear Main,2018,,https://helpix.ru/isensor/omnivision_ov20880/,Helpix sensor database,,High,PHONE:HONOR8XVIEW10LITE,No phone mapping,,,,,,,,,,,,,,,,
OmniVision,OV5640,OMNIVISION:OV5640,OV5640,,,Canonical product name,5,,1/4.00,1.4,,,,,,,,,https://helpix.ru/isensor/,Helpix smartphone sensor index,Added in ultra expansion; mobile-camera sensor index listing.,2010.0,Medium,,0,,,,0,Pine64 PinePhone Pro,Pine64,Front Main,2021,,https://helpix.ru/isensor/omnivision_ov5640/,Helpix sensor database,,High,PHONE:PINE64PINEPHONEPRO,No phone mapping,,,,,,,,,,,,,,,,
OmniVision,OV5695,OMNIVISION:OV5695,OV5695,,,Canonical product name,5,,1/4.00,1.4,,,,,,,,,https://helpix.ru/isensor/,Helpix smartphone sensor index,Added in ultra expansion; mobile-camera sensor index listing.,2015.0,Medium,,0,,,,0,Motorola Moto G5,Motorola,Front Main,2017,,https://helpix.ru/isensor/omnivision_ov5695/,Helpix sensor database,,High,PHONE:MOTOROLAMOTOG5,No phone mapping,,,,,,,,,,,,,,,,
OmniVision,OV9762,OMNIVISION:OV9762,OV9762,,,Canonical product name,1.3,,1/5.70,1.87,,,,,,,,,https://helpix.ru/isensor/,Helpix smartphone sensor index,Added in ultra expansion; mobile-camera sensor index listing.,2014.0,Medium,,0,,,,0,Gretel A7,Gretel,Front Main,2017,,https://helpix.ru/isensor/omnivision_ov9762/,Helpix sensor database,,High,PHONE:GRETELA7,No phone mapping,,,,,,,,,,,,,,,,
OmniVision,OVA0B,OMNIVISION:OVA0B,OVA0B,,,Canonical product name,100,11584 x 8688,1/1.8,0.6,4in1,,PDAF (2x2 ML),Stagger HDR,Color,,,,https://spinformation.info/all/smartphone-image-sensor/,SP information,,2023.0,Medium-High,https://helpix.ru/isensor/,0,,,,0,OPPO Reno8 T 4G,OPPO,Rear Main,2023,,https://helpix.ru/isensor/omnivision_ova0b/,Helpix sensor database,,High,PHONE:OPPORENO8T4G,No phone mapping,,,,,,,,,,,,,,,,
SK hynix,Hi-1332,SK_HYNIX:Hi-1332,Hi-1332,,,Canonical product name,13,,1/3.00,1.12,,,,,,,,,https://helpix.ru/isensor/,Helpix smartphone sensor index,Added in ultra expansion; mobile-camera sensor index listing.,2016.0,Medium,,0,,,,0,Ulefone Note 14,Ulefone,Rear Main,2022,,https://helpix.ru/isensor/hynix_hi-1332/,Helpix sensor database,,High,PHONE:ULEFONENOTE14,No phone mapping,,,,,,,,,,,,,,,,
SK hynix,Hi-1333,SK_HYNIX:Hi-1333,Hi-1333,,,Canonical product name,13,,1/3.00,1.12,,,,,,,,,https://helpix.ru/isensor/,Helpix smartphone sensor index,Added in ultra expansion; mobile-camera sensor index listing.,2017.0,Medium,,0,,,,0,Huawei P Smart Z,Huawei,Rear Main,2019,,https://helpix.ru/isensor/hynix_hi-1333/,Helpix sensor database,,High,PHONE:HUAWEIPSMARTZ,No phone mapping,,,,,,,,,,,,,,,,
SK hynix,Hi-1337,SK_HYNIX:Hi-1337,Hi-1337,,,Canonical product name,13,,1/3.60,1.0,,,,,,,,,https://helpix.ru/isensor/,Helpix smartphone sensor index,Added in ultra expansion; mobile-camera sensor index listing.,2020.0,High,https://news.skhynix.com/en/everything-about-the-1-0%CE%BCm-black-pearl-sk-hynixs-image-sensor/,0,,,,0,Galaxy Z Fold3 5G,Samsung,Rear Telephoto,2021,,https://helpix.ru/isensor/hynix_hi-1337/,Helpix sensor database,,High,PHONE:GALAXYZFOLD35G,No phone mapping,,,,,,,,,,,,,,,,
SK hynix,Hi-1339,SK_HYNIX:Hi-1339,Hi-1339,,,Canonical product name,13,,1/3.00,1.12,,,,,,,,,https://helpix.ru/isensor/,Helpix smartphone sensor index,Added in ultra expansion; mobile-camera sensor index listing.,2022.0,Medium,,0,,,,0,Galaxy A24 4G,Samsung,Front Main,2023,,https://helpix.ru/isensor/hynix_hi-1339/,Helpix sensor database,,High,PHONE:GALAXYA244G,No phone mapping,,,,,,,,,,,,,,,,
SK hynix,Hi-1634,SK_HYNIX:Hi-1634,Hi-1634,,,Canonical product name,16,,1/3.00,1.0,,,,,,,,,https://helpix.ru/isensor/,Helpix smartphone sensor index,Added in ultra expansion; mobile-camera sensor index listing.,2019.0,High,https://news.skhynix.com/en/everything-about-the-1-0%CE%BCm-black-pearl-sk-hynixs-image-sensor/,0,,,,0,Realme 12 Pro,Realme,Front Main,2024,Snapdragon 6 Gen 1,https://helpix.ru/isensor/hynix_hi-1634/,Helpix sensor database,https://helpix.ru/realme/12_pro/,High,PHONE:REALME12PRO,No phone mapping,,,,,,,,,,,,,,,,
SK hynix,Hi-553,SK_HYNIX:Hi-553,Hi-553,,,Canonical product name,5,,1/5.00,1.12,,,,,,,,,https://helpix.ru/isensor/,Helpix smartphone sensor index,Added in ultra expansion; mobile-camera sensor index listing.,2016.0,Medium,,0,,,,0,Hotwav T5 Pro,Hotwav,Front Main,2022,,https://helpix.ru/isensor/hynix_hi-553/,Helpix sensor database,,High,PHONE:HOTWAVT5PRO,No phone mapping,,,,,,,,,,,,,,,,
SK hynix,Hi-556,SK_HYNIX:Hi-556,Hi-556,,,Canonical product name,5,,1/5.00,1.12,,,,,,,,,https://helpix.ru/isensor/,Helpix smartphone sensor index,Added in ultra expansion; mobile-camera sensor index listing.,2016.0,Medium,,0,,,,0,HTC U23 pro,HTC,Rear Macro,2023,,https://helpix.ru/isensor/hynix_hi-556/,Helpix sensor database,,High,PHONE:HTCU23PRO,No phone mapping,,,,,,,,,,,,,,,,
SK hynix,Hi-846,SK_HYNIX:Hi-846,Hi-846,,,Canonical product name,8,,1/4.00,1.12,,,,,,,,,https://helpix.ru/isensor/,Helpix smartphone sensor index,Added in ultra expansion; mobile-camera sensor index listing.,2016.0,Medium,,0,,,,0,Oukitel WP500,Oukitel,Rear Night,2026,,https://helpix.ru/isensor/hynix_hi-846/,Helpix sensor database,,High,PHONE:OUKITELWP500,No phone mapping,,,,,,,,,,,,,,,,
SK hynix,Hi-847,SK_HYNIX:Hi-847,Hi-847,,,Canonical product name,8,,1/4.40,1.0,,,,,,,,,https://helpix.ru/isensor/,Helpix smartphone sensor index,Added in ultra expansion; mobile-camera sensor index listing.,2020.0,High,https://news.skhynix.com/en/everything-about-the-1-0%CE%BCm-black-pearl-sk-hynixs-image-sensor/,0,,,,0,Doogee S300 Plus,Doogee,Rear Telephoto,2026,,https://helpix.ru/isensor/hynix_hi-847/,Helpix sensor database,,High,PHONE:DOOGEES300PLUS,No phone mapping,,,,,,,,,,,,,,,,
Samsung,ISOCELL 2L8,SAMSUNG:2L8,ISOCELL 2L8,S5K2L8,S5K2L8,Marketing+internal mapped,12,,1/2.80,1.28,,,,,,,,,https://helpix.ru/isensor/,Helpix smartphone sensor index,Added in ultra expansion; mobile-camera sensor index listing.,2017.0,Medium,,0,,,,0,Vivo X21,vivo,Front Main,2018,,https://helpix.ru/isensor/samsung_isocell_2l8/,Helpix sensor database,,High,PHONE:VIVOX21,No phone mapping,,,,,,,,,,,,,,,,
Samsung,ISOCELL 2L9,SAMSUNG:2L9,ISOCELL 2L9,S5K2L9,S5K2L9,Marketing+internal mapped,12,,1/2.55,1.4,,,,,,,,,https://helpix.ru/isensor/,Helpix smartphone sensor index,Added in ultra expansion; mobile-camera sensor index listing.,2017.0,Medium,,0,,,,0,Vivo X21,vivo,Rear Main,2018,,https://helpix.ru/isensor/samsung_isocell_2l9/,Helpix sensor database,,High,PHONE:VIVOX21,No phone mapping,,,,,,,,,,,,,,,,
Samsung,ISOCELL 2LD,SAMSUNG:2LD,ISOCELL 2LD,S5K2LD,S5K2LD,Marketing+internal mapped,12,,1/1.76,1.8,,,,,,,,,https://helpix.ru/isensor/,Helpix smartphone sensor index,Added in ultra expansion; mobile-camera sensor index listing.,2020.0,Medium,,0,,,,0,Galaxy S21,Samsung,Rear Main,2021,Exynos 2100,https://helpix.ru/isensor/samsung_isocell_2ld/,Helpix sensor database,https://helpix.ru/samsung/galaxy_s21/,High,PHONE:GALAXYS21,No phone mapping,,,,,,,,,,,,,,,,
Samsung,ISOCELL 2P6,SAMSUNG:2P6,ISOCELL 2P6,S5K2P6,S5K2P6,Marketing+internal mapped,16,,1/2.80,1.12,,,,,,,,,https://helpix.ru/isensor/,Helpix smartphone sensor index,Added in ultra expansion; mobile-camera sensor index listing.,2018.0,Medium,,0,,,,0,Galaxy A30,Samsung,Rear Main,2019,,https://helpix.ru/isensor/samsung_isocell_2p6/,Helpix sensor database,,High,PHONE:GALAXYA30,No phone mapping,,,,,,,,,,,,,,,,
Samsung,ISOCELL 2X5,SAMSUNG:2X5,ISOCELL 2X5,S5K2X5,S5K2X5,Marketing+internal mapped,25,,1/2.80,0.9,,,,,,,,,https://helpix.ru/isensor/,Helpix smartphone sensor index,Added in ultra expansion; mobile-camera sensor index listing.,2019.0,Medium,,0,,,,0,Galaxy A50,Samsung,Front Main,2019,Exynos 9610,https://helpix.ru/isensor/samsung_isocell_2x5/,Helpix sensor database,https://helpix.ru/samsung/galaxy_a50/,High,PHONE:GALAXYA50,No phone mapping,,,,,,,,,,,,,,,,
Samsung,ISOCELL 3L2,SAMSUNG:3L2,ISOCELL 3L2,S5K3L2,S5K3L2,Marketing+internal mapped,13,,1/3.10,1.12,,,,,,,,,https://helpix.ru/isensor/,Helpix smartphone sensor index,Added in ultra expansion; mobile-camera sensor index listing.,2014.0,Medium,,0,,,,0,Xiaomi Redmi 4A,Xiaomi,Rear Main,2016,,https://helpix.ru/isensor/samsung_isocell_3l2/,Helpix sensor database,,High,PHONE:XIAOMIREDMI4A,No phone mapping,,,,,,,,,,,,,,,,
Samsung,ISOCELL 3L5,SAMSUNG:3L5,ISOCELL 3L5,S5K3L5,S5K3L5,Marketing+internal mapped,13,,,,,,,,,,,,https://helpix.ru/isensor/,Helpix smartphone sensor index,Added in ultra expansion; mobile-camera sensor index listing.,2018.0,Medium,,0,,,,0,Nokia 3.1,Nokia,Rear Main,2018,,https://helpix.ru/isensor/samsung_isocell_3l5/,Helpix sensor database,,High,PHONE:NOKIA31,No phone mapping,,,,,,,,,,,,,,,,
Samsung,ISOCELL 3L6,SAMSUNG:3L6,ISOCELL 3L6,S5K3L6,S5K3L6,Marketing+internal mapped,13,,1/3.00,1.12,,,,,,,,,https://helpix.ru/isensor/,Helpix smartphone sensor index,Added in ultra expansion; mobile-camera sensor index listing.,2018.0,Medium,,0,,,,0,Galaxy A53 5G,Samsung,Rear Ultra-wide,2022,,https://helpix.ru/isensor/samsung_isocell_3l6/,Helpix sensor database,,High,PHONE:GALAXYA535G,No phone mapping,,,,,,,,,,,,,,,,
Samsung,ISOCELL 3L8,SAMSUNG:3L8,ISOCELL 3L8,S5K3L8,S5K3L8,Marketing+internal mapped,13,,1/3.06,1.12,,,,,,,,,https://helpix.ru/isensor/,Helpix smartphone sensor index,Added in ultra expansion; mobile-camera sensor index listing.,2016.0,Medium,,0,,,,0,Xiaomi Mi 10T Pro 5G,Xiaomi,Rear Ultra-wide,2020,,https://helpix.ru/isensor/samsung_isocell_3l8/,Helpix sensor database,,High,PHONE:XIAOMIMI10TPRO5G,No phone mapping,,,,,,,,,,,,,,,,
SmartSens,SC1320CS,SMARTSENS:SC1320CS,SC1320CS,,,Canonical product name,13,4224 x 3134,1/3.06,1.12,,,,,,,,,https://www.smartsenstech.com/en/mcs_products,Manufacturer official,Official SmartSens smartphone-series product list,2023.0,High,https://helpix.ru/isensor/,0,,,,0,Xperia 10 VII,Sony,Rear Ultra-wide,2025,,https://helpix.ru/isensor/smartsens_sc1320cs/,Helpix sensor database,,High,PHONE:XPERIA10VII,No phone mapping,,,,,,,,,,,,,,,,
SmartSens,SC202CS,SMARTSENS:SC202CS,SC202CS,,,Canonical product name,2,1608 x 1208,1/5.1,1.75,,,,,,,,,https://www.smartsenstech.com/en/mcs_products,Manufacturer official,Official SmartSens smartphone-series product list,,High,https://helpix.ru/isensor/,0,,,,0,Xiaomi Redmi Note 14 4G,Xiaomi,Rear Macro,2025,,https://helpix.ru/isensor/smartsens_sc202cs/,Helpix sensor database,,High,PHONE:XIAOMIREDMINOTE144G,No phone mapping,,,,,,,,,,,,,,,,
SmartSens,SC5000CS,SMARTSENS:SC5000CS,SC5000CS,,,Canonical product name,50,8224 x 6176,1/2.5,0.702,,,,HDR: Yes,,,,,https://www.smartsenstech.com/en/mcs_products,Manufacturer official,Official SmartSens smartphone-series product list,2025.0,High,https://helpix.ru/isensor/,0,,,,0,Huawei Pura 90,Huawei,Front Main,2026,,https://helpix.ru/isensor/smartsens_sc5000cs/,Helpix sensor database,,High,PHONE:HUAWEIPURA90,No phone mapping,,,,,,,,,,,,,,,,
SmartSens,SC520CS,SMARTSENS:SC520CS,SC520CS,,,Canonical product name,5,2600 x 1960,1/5,1.12,,,,,,,,,https://www.smartsenstech.com/en/mcs_products,Manufacturer official,Official SmartSens smartphone-series product list,2022.0,High,https://helpix.ru/isensor/,0,,,,0,Realme P4 Lite 4G India,Realme,Front Main,2026,,https://helpix.ru/isensor/smartsens_sc520cs/,Helpix sensor database,,High,PHONE:REALMEP4LITE4GINDIA,No phone mapping,,,,,,,,,,,,,,,,
SmartSens,SC800CS,SMARTSENS:SC800CS,SC800CS,,,Canonical product name,8,,1/4.00,1.12,,,,,,,,,https://helpix.ru/isensor/,Helpix smartphone sensor index,Added in ultra expansion; mobile-camera sensor index listing.,2020.0,Medium,,0,,,,0,Realme C30,Realme,Rear Main,2022,,https://helpix.ru/isensor/smartsens_sc800cs/,Helpix sensor database,,High,PHONE:REALMEC30,No phone mapping,,,,,,,,,,,,,,,,
SmartSens,SC820CS,SMARTSENS:SC820CS,SC820CS,,,Canonical product name,8,3280 x 2464,1/4,1.12,,,,,,,,,https://www.smartsenstech.com/en/mcs_products,Manufacturer official,Official SmartSens smartphone-series product list,2024.0,High,https://helpix.ru/isensor/,0,,,,0,Xiaomi Poco X7 Pro,Xiaomi,Rear Ultra-wide,2025,,https://helpix.ru/isensor/smartsens_sc820cs/,Helpix sensor database,,High,PHONE:XIAOMIPOCOX7PRO,No phone mapping,,,,,,,,,,,,,,,,
SmartSens,SC821CS,SMARTSENS:SC821CS,SC821CS,,,Canonical product name,8,,1/4.00,1.12,,,,,,,,,https://helpix.ru/isensor/,Helpix smartphone sensor index,Added in ultra expansion; mobile-camera sensor index listing.,2026.0,Medium,,0,,,,0,Xiaomi Poco X8 Pro,Xiaomi,Front Main,2026,,https://helpix.ru/isensor/smartsens_sc821cs/,Helpix sensor database,,High,PHONE:POCOX8PRO,No phone mapping,,,,,,,,,,,,,,,,
SmartSens,SCC80XS,SMARTSENS:SCC80XS,SCC80XS,,,Canonical product name,200,,1/1.28,0.61,,,,,,,,,https://www.smartsenstech.com/en/mcs_products,Manufacturer official,Official SmartSens smartphone-series product list,2025.0,High,https://helpix.ru/isensor/,0,,,,0,Huawei Pura 90 Pro Max,Huawei,Rear Telephoto,2026,,https://helpix.ru/isensor/smartsens_scc80xs/,Helpix sensor database,,High,PHONE:HUAWEIPURA90PROMAX,No phone mapping,,,,,,,,,,,,,,,,
Sony,IMX091,SONY:IMX091,IMX091,,,Canonical product name,13,,1/3.06,1.12,,,,,,,,,https://helpix.ru/isensor/,Helpix smartphone sensor index,Added in ultra expansion; mobile-camera sensor index listing.,2012.0,Medium,,0,,,,0,Samsung I9500 Galaxy S4,Samsung,Rear Main,2013,,https://helpix.ru/isensor/sony_imx091/,Helpix sensor database,,High,PHONE:SAMSUNGI9500GALAXYS4,No phone mapping,,,,,,,,,,,,,,,,
Sony,IMX105,SONY:IMX105,IMX105,,,Canonical product name,8,,1/3.20,1.12,,,,,,,,,https://helpix.ru/isensor/,Helpix smartphone sensor index,Added in ultra expansion; mobile-camera sensor index listing.,2010.0,Medium,,0,,,,0,Xiaomi Mi-1S,Xiaomi,Rear Main,2012,,https://helpix.ru/isensor/sony_imx105/,Helpix sensor database,,High,PHONE:XIAOMIMI1S,No phone mapping,,,,,,,,,,,,,,,,
Sony,IMX111,SONY:IMX111,IMX111,,,Canonical product name,8,,1/4.00,1.12,,,,,,,,,https://helpix.ru/isensor/,Helpix smartphone sensor index,Added in ultra expansion; mobile-camera sensor index listing.,2011.0,Medium,,0,,,,0,LG E960 Google Nexus 4,LG,Rear Main,2012,,https://helpix.ru/isensor/sony_imx111/,Helpix sensor database,,High,PHONE:LGE960GOOGLENEXUS4,No phone mapping,,,,,,,,,,,,,,,,
Sony,IMX132,SONY:IMX132,IMX132,,,Canonical product name,2.4,,1/6.95,1.2,,,,,,,,,https://helpix.ru/isensor/,Helpix smartphone sensor index,Added in ultra expansion; mobile-camera sensor index listing.,2012.0,Medium,,0,,,,0,Xperia Z2,Sony,Front Main,2014,,https://helpix.ru/isensor/sony_imx132/,Helpix sensor database,,High,PHONE:XPERIAZ2,No phone mapping,,,,,,,,,,,,,,,,
Sony,IMX134,SONY:IMX134,IMX134,,,Canonical product name,8,,1/4.00,1.12,,,,,,,,,https://helpix.ru/isensor/,Helpix smartphone sensor index,Added in ultra expansion; mobile-camera sensor index listing.,2012.0,Medium,,0,,,,0,Blackview BV4900,Blackview,Rear Main,2020,,https://helpix.ru/isensor/sony_imx134/,Helpix sensor database,,High,PHONE:BLACKVIEWBV4900,No phone mapping,,,,,,,,,,,,,,,,
Sony,IMX135,SONY:IMX135,IMX135,,,Canonical product name,13,,1/3.06,1.12,,,,,,,,,https://helpix.ru/isensor/,Helpix smartphone sensor index,Added in ultra expansion; mobile-camera sensor index listing.,2012.0,Medium,,0,,,,0,Oukitel WP36,Oukitel,Rear Main,2024,,https://helpix.ru/isensor/sony_imx135/,Helpix sensor database,,High,PHONE:OUKITELWP36,No phone mapping,,,,,,,,,,,,,,,,
Sony,IMX145,SONY:IMX145,IMX145,,,Canonical product name,8,,1/3.20,1.4,,,,,,,,,https://helpix.ru/isensor/,Helpix smartphone sensor index,Added in ultra expansion; mobile-camera sensor index listing.,2011.0,Medium,,0,,,,0,iPhone 6,Apple,Rear Main,2014,,https://helpix.ru/isensor/sony_imx145/,Helpix sensor database,,High,PHONE:IPHONE6,No phone mapping,,,,,,,,,,,,,,,,
Sony,IMX149,SONY:IMX149,IMX149,,,Canonical product name,8,,1/3.20,1.4,,,,,,,,,https://helpix.ru/isensor/,Helpix smartphone sensor index,Added in ultra expansion; mobile-camera sensor index listing.,2015.0,Medium,,0,,,,0,AllCall Atom,AllCall,Rear Main,2017,,https://helpix.ru/isensor/sony_imx149/,Helpix sensor database,,High,PHONE:ALLCALLATOM,No phone mapping,,,,,,,,,,,,,,,,
Sony,IMX164,SONY:IMX164,IMX164,,,Canonical product name,8,,1/3.20,1.4,,,,,,,,,https://helpix.ru/isensor/,Helpix smartphone sensor index,Added in ultra expansion; mobile-camera sensor index listing.,2015.0,Medium,,0,,,,0,Blackview Ultra Plus,Blackview,Rear Main,2015,,https://helpix.ru/isensor/sony_imx164/,Helpix sensor database,,High,PHONE:BLACKVIEWULTRAPLUS,No phone mapping,,,,,,,,,,,,,,,,
Sony,IMX175,SONY:IMX175,IMX175,,,Canonical product name,8,,1/3.20,1.4,,,,,,,,,https://helpix.ru/isensor/,Helpix smartphone sensor index,Added in ultra expansion; mobile-camera sensor index listing.,2012.0,Medium,,0,,,,0,Samsung I9301I Galaxy S3 Neo,Samsung,Rear Main,2014,,https://helpix.ru/isensor/sony_imx175/,Helpix sensor database,,High,PHONE:SAMSUNGI9301IGALAXYS3NEO,No phone mapping,,,,,,,,,,,,,,,,
Sony,IMX219PQ,SONY:IMX219PQ,IMX219PQ,,,Canonical product name,8,,1/4.00,1.12,,,,,,,,,https://helpix.ru/isensor/,Helpix smartphone sensor index,Added in ultra expansion; mobile-camera sensor index listing.,2014.0,Medium,,0,,,,0,Oukitel C67,Oukitel,Front Main,2026,,https://helpix.ru/isensor/sony_imx219pq/,Helpix sensor database,,High,PHONE:OUKITELC67,No phone mapping,,,,,,,,,,,,,,,,
Sony,IMX220,SONY:IMX220,IMX220,,,Canonical product name,20.7,,1/2.30,1.2,,,,,,,,,https://helpix.ru/isensor/,Helpix smartphone sensor index,Added in ultra expansion; mobile-camera sensor index listing.,2013.0,Medium,,0,,,,0,Meizu MX5,Meizu,Rear Main,2015,,https://helpix.ru/isensor/sony_imx220/,Helpix sensor database,,High,PHONE:MEIZUMX5,No phone mapping,,,,,,,,,,,,,,,,
Sony,IMX234,SONY:IMX234,IMX234,,,Canonical product name,16,,1/2.60,1.12,,,,,,,,,https://helpix.ru/isensor/,Helpix smartphone sensor index,Added in ultra expansion; mobile-camera sensor index listing.,2015.0,Medium,,0,,,,0,Xperia XA1 Ultra,Sony,Front Main,2017,,https://helpix.ru/isensor/sony_imx234/,Helpix sensor database,,High,PHONE:XPERIAXA1ULTRA,No phone mapping,,,,,,,,,,,,,,,,
Sony,IMX240,SONY:IMX240,IMX240,,,Canonical product name,16,,1/2.60,1.12,,,,,,,,,https://helpix.ru/isensor/,Helpix smartphone sensor index,Added in ultra expansion; mobile-camera sensor index listing.,2014.0,Medium,,0,,,,0,Galaxy S6,Samsung,Rear Main,2015,,https://helpix.ru/isensor/sony_imx240/,Helpix sensor database,,High,PHONE:GALAXYS6,No phone mapping,,,,,,,,,,,,,,,,
Sony,IMX268,SONY:IMX268,IMX268,,,Canonical product name,8,,1/3.61,1.12,,,,,,,,,https://helpix.ru/isensor/,Helpix smartphone sensor index,Added in ultra expansion; mobile-camera sensor index listing.,2016.0,Medium,,0,,,,0,LG G5,LG,Rear Ultra-wide,2016,,https://helpix.ru/isensor/sony_imx268/,Helpix sensor database,,High,PHONE:LGG5,No phone mapping,,,,,,,,,,,,,,,,
Sony,IMX972,SONY:IMX972,IMX972,,,Canonical product name,48,,1/2.55,0.7,4-in-1,,All-pixel PDAF,,RGGB,,,iPhone 17; iPhone 17 Pro; iPhone 17 Pro Max,https://spinformation.info/all/smartphone-image-sensor/,Existing catalog / official + SP information,,,High,https://helpix.ru/isensor/,3,,,,0,iPhone 17,Apple,Rear Ultra-wide,2025,A19,https://helpix.ru/apple/iphone_17/,review,https://helpix.ru/apple/iphone_17/,High,PHONE:IPHONE17,Not yet matched,,,,,,,,,,,,,,,,
Sony,IMX914,SONY:IMX914,IMX914,,,Canonical product name,18,,,1.0,,,,,,,,iPhone 17; iPhone 17 Pro; iPhone 17 Pro Max,https://helpix.ru/isensor/,Helpix smartphone sensor index,Added in ultra expansion; mobile-camera sensor index listing.,2025.0,Medium,,3,,,,0,iPhone 17,Apple,Front Main,2025,A19,https://helpix.ru/apple/iphone_17/,review,https://helpix.ru/apple/iphone_17/,High,PHONE:IPHONE17,Not yet matched,,,,,,,,,,,,,,,,
Samsung,ISOCELL GN8,SAMSUNG:GN8,ISOCELL GN8,S5KGN8,S5KGN8,Marketing+internal mapped,50,,1/1.96,0.8,4-in-1,,,,RGGB,,,Google Pixel 7a; Pixel 8a; Pixel 9a; Pixel 10,https://spinformation.info/all/smartphone-image-sensor/,Existing catalog / official + SP information,,2024.0,High,https://helpix.ru/isensor/,4,,,,0,Pixel 10,Google,Rear Main,2025,Tensor G5,https://helpix.ru/google/pixel_10/,review,https://helpix.ru/google/pixel_10/,High,PHONE:PIXEL10,Not yet matched,,,,,,,,,,,,,,,,
Samsung,ISOCELL 3J1,SAMSUNG:3J1,ISOCELL 3J1,S5K3J1,S5K3J1,Marketing+internal mapped,10.87,3976 x 2736,1/3.00,1.22,,,All-pixel PDAF (Dual Pixel),,RGGB,,,Google Pixel 7a; Pixel 8a; Pixel 9a; Pixel 10,https://helpix.ru/isensor/; https://spinformation.info/all/smartphone-image-sensor/,Helpix smartphone sensor index,Added in ultra expansion; mobile-camera sensor index listing.; Samsung sensor part number used in mobile devices. Resolution_MP per https://semiconductor.samsung.com/aemapi/semi/prdSpecInfo?siteCode=global&iaId=542&prdId=. Resolution_Px per https://semiconductor.samsung.com/aemapi/semi/prdSpecInfo?siteCode=global&iaId=542&prdId=.,2020.0,High,https://semiconductor.samsung.com/aemapi/semi/prdSpecInfo?siteCode=global&iaId=542&prdId=,4,,,,0,Pixel 10,Google,Front Main + Rear Telephoto,2025,Tensor G5,https://helpix.ru/google/pixel_10/,review,https://helpix.ru/google/pixel_10/,High,PHONE:PIXEL10,Not yet matched,,,,,,,,,,,,,,,,
Samsung,ISOCELL GNK,SAMSUNG:GNK,ISOCELL GNK,S5KGNK,S5KGNK,Marketing+internal mapped,50,,1/1.3,1.2,4-in-1,,Dual Pixel Pro,Smart-ISO Pro; Staggered HDR,RGGB,,,Google Pixel 9 Pro; Xiaomi 14 Ultra; OPPO Find X7 Ultra,https://spinformation.info/all/smartphone-image-sensor/,Existing catalog / official + SP information,,2023.0,High,https://helpix.ru/isensor/,3,,,,0,Google Pixel 9 Pro,Google,Rear Main,2024,Tensor G4,https://helpix.ru/google/pixel_9_pro/,review,https://helpix.ru/google/pixel_9_pro/,High,PHONE:PIXEL9PRO,Not yet matched,,,,,,,,,,,,,,,,
Sony,IMX563,SONY:IMX563,IMX563,,,Canonical product name,12.2,4032 x 3024,1/2.55,1.4,---,,All-pixel PDAF (Dual PD),,RGGB,,,Galaxy S24 Ultra; Galaxy S25 Ultra; Galaxy S26 Ultra,https://spinformation.info/all/smartphone-image-sensor/,SP information,,2019.0,Medium-High,https://helpix.ru/isensor/,3,,,,0,Galaxy S24 Ultra,Samsung,Rear Ultra-wide,2024,Snapdragon 8 Gen 3,https://www.gsmarena.com/samsung_galaxy_s24_ultra-review-2670p5.php,review,https://helpix.ru/samsung/galaxy_s24_ultra/,High,PHONE:GALAXYS24ULTRA,Not yet matched,,,,,,,,,,,,,,,,
Sony,IMX754,SONY:IMX754,IMX754,,,Canonical product name,10,,1/3.52,1.12,,,All-pixel PDAF (DualPD),,RGGB,,,Galaxy S24 Ultra; Galaxy S25 Ultra; Galaxy S26 Ultra,https://spinformation.info/all/smartphone-image-sensor/,Existing catalog / official + SP information,,2022.0,High,https://helpix.ru/isensor/,3,,,,0,Galaxy S24 Ultra,Samsung,Rear Telephoto,2024,Snapdragon 8 Gen 3,https://www.gsmarena.com/samsung_galaxy_s24_ultra-review-2670p5.php,review,https://helpix.ru/samsung/galaxy_s24_ultra/,High,PHONE:GALAXYS24ULTRA,Not yet matched,,,,,,,,,,,,,,,,
Samsung,ISOCELL 3LU,SAMSUNG:3LU,ISOCELL 3LU,S5K3LU,S5K3LU,Marketing+internal mapped,12,4000 x 3000,1/3.20,1.12,,,All-pixel PDAF (Dual Pixel),,RGGB,,,Galaxy S24 Ultra; Galaxy S25 Ultra; Galaxy S26 Ultra,https://helpix.ru/isensor/; https://spinformation.info/all/smartphone-image-sensor/,Helpix smartphone sensor index,Added in ultra expansion; mobile-camera sensor index listing.,2023.0,Medium,,3,,,,0,Galaxy S24 Ultra,Samsung,Front Main,2024,Snapdragon 8 Gen 3,https://www.gsmarena.com/samsung_galaxy_s24_ultra-review-2670p5.php,review,https://helpix.ru/samsung/galaxy_s24_ultra/,High,PHONE:GALAXYS24ULTRA,Not yet matched,,,,,,,,,,,,,,,,
Samsung,ISOCELL 2LD,SAMSUNG:2LD,ISOCELL 2LD,S5K2LD,S5K2LD,Marketing+internal mapped,12,,1/1.76,1.8,,,,,,,,Galaxy S22 Ultra; Galaxy Z Flip4,https://helpix.ru/isensor/,Helpix smartphone sensor index,Added in ultra expansion; mobile-camera sensor index listing.,2020.0,Medium,,2,,,,0,Galaxy Z Flip4,Samsung,Rear Main,2022,Snapdragon 8+ Gen 1,https://www.gsmarena.com/samsung_galaxy_z_flip4-review-2467p5.php,review,https://helpix.ru/samsung/galaxy_z_flip4/,High,PHONE:GALAXYZFLIP4,Not yet matched,,,,,,,,,,,,,,,,
Samsung,ISOCELL 3J1,SAMSUNG:3J1,ISOCELL 3J1,S5K3J1,S5K3J1,Marketing+internal mapped,10.87,3976 x 2736,1/3.00,1.22,,,All-pixel PDAF (Dual Pixel),,RGGB,,,Galaxy S22 Ultra; Galaxy Z Flip4,https://helpix.ru/isensor/; https://spinformation.info/all/smartphone-image-sensor/,Helpix smartphone sensor index,Added in ultra expansion; mobile-camera sensor index listing.; Samsung sensor part number used in mobile devices. Resolution_MP per https://semiconductor.samsung.com/aemapi/semi/prdSpecInfo?siteCode=global&iaId=542&prdId=. Resolution_Px per https://semiconductor.samsung.com/aemapi/semi/prdSpecInfo?siteCode=global&iaId=542&prdId=.,2020.0,High,https://semiconductor.samsung.com/aemapi/semi/prdSpecInfo?siteCode=global&iaId=542&prdId=,2,,,,0,Galaxy Z Flip4,Samsung,Front Main,2022,Snapdragon 8+ Gen 1,https://www.gsmarena.com/samsung_galaxy_z_flip4-review-2467p5.php,review,https://helpix.ru/samsung/galaxy_z_flip4/,High,PHONE:GALAXYZFLIP4,Not yet matched,,,,,,,,,,,,,,,,
Sony,LYTIA 506,SONY:LYTIA 506,LYTIA 506,,LYT-506,Canonical product name,32,,1/2.74,0.8,,,PDAF,,RGGB,,,,https://spinformation.info/all/smartphone-image-sensor/,Existing catalog / official + SP information,,,High,,,,,,,,,,,,,,,,,,,,,,,,,,,,,,,,,
Sony,IMX615,SONY:IMX615,IMX615,,,Canonical product name,32,6560 x 4928,1/2.74,0.8,4in1,,,,RGGB,,,OnePlus 13; OnePlus 12; OPPO Find X8 Pro,https://spinformation.info/all/smartphone-image-sensor/,SP information,,,Medium,,3,,,,0,OPPO Find X8 Pro,OPPO,Front Main,2024,Dimensity 9400,https://www.gsmarena.com/oppo_find_x8_pro-review-2766p5.php,review,https://helpix.ru/oppo/find_x8_pro/,High,PHONE:FINDX8PRO,Not yet matched,,,,,,,,,,,,,,,,
Sony,LYTIA 600,SONY:IMX882,LYTIA 600,IMX882,LYTIA 600 / IMX882; LYT-600; LYTIA 600,Marketing+internal mapped,50,,1/1.95,0.8,4-in-1,,PDAF,,RGGB,,,OnePlus 13; OnePlus 12; OPPO Find X8 Pro,https://spinformation.info/all/smartphone-image-sensor/,Existing catalog / official + SP information,Pixel_Size_um per https://helpix.ru/isensor/sony_imx882/.,,High,https://helpix.ru/isensor/sony_imx882/,3,,,,0,OPPO Find X8 Pro,OPPO,Rear Telephoto,2024,Dimensity 9400,https://www.gsmarena.com/oppo_find_x8_pro-review-2766p5.php,review,https://helpix.ru/oppo/find_x8_pro/,High,PHONE:FINDX8PRO,Not yet matched,,,,,,,,,,,,,,,,
Sony,IMX858,SONY:IMX858,IMX858,,,Canonical product name,50.3,,1/2.51,0.7,4-in-1,,All-pixel PDAF (2x2 OCL),,RGGB,,,OnePlus 13; OnePlus 12; OPPO Find X8 Pro,https://spinformation.info/all/smartphone-image-sensor/,Existing catalog / official + SP information,,,High,,3,,,,0,OPPO Find X8 Pro,OPPO,Rear Telephoto,2024,Dimensity 9400,https://www.gsmarena.com/oppo_find_x8_pro-review-2766p5.php,review,https://helpix.ru/oppo/find_x8_pro/,High,PHONE:FINDX8PRO,Not yet matched,,,,,,,,,,,,,,,,
Samsung,ISOCELL JN5,SAMSUNG:JN5,ISOCELL JN5,S5KJN5,S5KJN5,Marketing+internal mapped,50,,1/2.75,0.64,4-in-1,,Double SuperPD,Inter-scene DCG,RGGB,,,OnePlus 13; OnePlus 12; OPPO Find X8 Pro,https://spinformation.info/all/smartphone-image-sensor/,Existing catalog / official + SP information,Samsung official mobile product page available.,2024.0,High,https://helpix.ru/isensor/,3,,,,0,OPPO Find X8 Pro,OPPO,Rear Ultra-wide,2024,Dimensity 9400,https://www.gsmarena.com/oppo_find_x8_pro-review-2766p5.php,review,https://helpix.ru/oppo/find_x8_pro/,High,PHONE:FINDX8PRO,Not yet matched,,,,,,,,,,,,,,,,
OmniVision,OV20B,OMNIVISION:OV20B,OV20B,,,Canonical product name,20,,1/4.00,0.8,,,,,,,,OPPO Reno 14; OnePlus Nord 4; POCO F7,https://helpix.ru/isensor/,Helpix smartphone sensor index,Added in ultra expansion; mobile-camera sensor index listing.,2023.0,Medium,,3,,,,0,POCO F7,Xiaomi,Front Main,2025,Snapdragon 8s Gen 4,https://www.gsmarena.com/poco_f7-review-2846p5.php,review,https://helpix.ru/xiaomi/poco_f7/,High,PHONE:POCOF7,Not yet matched,,,,,,,,,,,,,,,,
Sony,LYTIA 808,SONY:LYTIA 808 / IMX966,LYTIA 808,IMX966,LYT-808,Marketing+internal mapped,50,,1/1.4,1.12,4-in-1,,All-pixel AF (OctaPD),DCG-HDR; LBMF,RGGB,,,iQOO 11; Realme GT6,https://www.sony-semicon.com/en/products/is/mobile/lineup.html,Existing catalog / official + SP information,,,High,,2,,,,0,Realme GT6,Realme,Rear Main,2024,Snapdragon 8s Gen 3,https://www.gsmarena.com/realme_gt_6-review-2712p5.php,review,https://helpix.ru/realme/gt6/,High,PHONE:REALMEGT6,Not yet matched,,,,,,,,,,,,,,,,
Samsung,ISOCELL JN5,SAMSUNG:JN5,ISOCELL JN5,S5KJN5,S5KJN5,Marketing+internal mapped,50,,1/2.75,0.64,4-in-1,,Double SuperPD,Inter-scene DCG,RGGB,,,iQOO 11; Realme GT6,https://spinformation.info/all/smartphone-image-sensor/,Existing catalog / official + SP information,Samsung official mobile product page available.,2024.0,High,https://helpix.ru/isensor/,2,,,,0,Realme GT6,Realme,Rear Telephoto,2024,Snapdragon 8s Gen 3,https://www.gsmarena.com/realme_gt_6-review-2712p5.php,review,https://helpix.ru/realme/gt6/,High,PHONE:REALMEGT6,Not yet matched,,,,,,,,,,,,,,,,
Sony,IMX355,SONY:IMX355,IMX355,,,Canonical product name,8,3280 x 2464,1/4,1.12,---,,,,RGGB,,,iQOO 11; Realme GT6,https://spinformation.info/all/smartphone-image-sensor/,SP information,Sensor_Size per https://helpix.ru/isensor/sony_imx355/. Pixel_Size_um per https://helpix.ru/isensor/sony_imx355/.,,Medium,https://helpix.ru/isensor/sony_imx355/,2,,,,0,Realme GT6,Realme,Rear Ultra-wide,2024,Snapdragon 8s Gen 3,https://www.gsmarena.com/realme_gt_6-review-2712p5.php,review,https://helpix.ru/realme/gt6/,High,PHONE:REALMEGT6,Not yet matched,,,,,,,,,,,,,,,,
Sony,IMX615,SONY:IMX615,IMX615,,,Canonical product name,32,6560 x 4928,1/2.74,0.8,4in1,,,,RGGB,,,iQOO 11; Realme GT6,https://spinformation.info/all/smartphone-image-sensor/,SP information,,,Medium,,2,,,,0,Realme GT6,Realme,Front Main,2024,Snapdragon 8s Gen 3,https://www.gsmarena.com/realme_gt_6-review-2712p5.php,review,https://helpix.ru/realme/gt6/,High,PHONE:REALMEGT6,Not yet matched,,,,,,,,,,,,,,,,
Samsung,ISOCELL HP0,SAMSUNG:HP0,ISOCELL HP0,S5KHP0,S5KHP0,Marketing+internal mapped,200,,1/1.40,0.56,,,,,,,,OPPO Find X9 Ultra; vivo X300 Ultra,https://helpix.ru/isensor/,Helpix smartphone sensor index,Added in ultra expansion; mobile-camera sensor index listing.,2026.0,Medium,,2,,,,0,vivo X300 Ultra,vivo,Rear Telephoto,2026,Snapdragon 8 Elite Gen 5,https://www.gsmarena.com/vivo_x300_ultra-review-2957p5.php,review,https://helpix.ru/vivo/x300_ultra/,High,PHONE:X300ULTRA,Verified normalized match,Vivo X300 Ultra,170,,,,,,,,,1499,Apr 2026,V6,https://www.dxomark.com/smartphones/,DXOMARK ranking,2026-09-26
Samsung,ISOCELL JN5,SAMSUNG:JN5,ISOCELL JN5,S5KJN5,S5KJN5,Marketing+internal mapped,50,,1/2.75,0.64,4-in-1,,Double SuperPD,Inter-scene DCG,RGGB,,,OPPO Find X9 Ultra; vivo X300 Ultra,https://spinformation.info/all/smartphone-image-sensor/,Existing catalog / official + SP information,Samsung official mobile product page available.,2024.0,High,https://helpix.ru/isensor/,2,,,,0,vivo X300 Ultra,vivo,Front Main,2026,Snapdragon 8 Elite Gen 5,https://www.gsmarena.com/vivo_x300_ultra-review-2957p5.php,review,https://helpix.ru/vivo/x300_ultra/,High,PHONE:X300ULTRA,Verified normalized match,Vivo X300 Ultra,170,,,,,,,,,1499,Apr 2026,V6,https://www.dxomark.com/smartphones/,DXOMARK ranking,2026-09-26
Sony,IMX615,SONY:IMX615,IMX615,,,Canonical product name,32,6560 x 4928,1/2.74,0.8,4in1,,,,RGGB,,,OnePlus 9 Pro; OnePlus 10 Pro,https://spinformation.info/all/smartphone-image-sensor/,SP information,,,Medium,,2,,,,0,OnePlus 10 Pro,OnePlus,Front Main,2022,Snapdragon 8 Gen 1,https://www.xda-developers.com/oneplus-10-pro-camera-review/,review,https://helpix.ru/oneplus/10_pro/,High,PHONE:ONEPLUS10PRO,Not yet matched,,,,,,,,,,,,,,,,
Samsung,ISOCELL JN1,SAMSUNG:JN1,ISOCELL JN1,S5KJN1,S5KJN1,Marketing+internal mapped,50,,1/2.76,0.64,4-in-1,,Double SuperPD,Inter-scene DCG,RGGB,,,OnePlus 9 Pro; OnePlus 10 Pro,https://spinformation.info/all/smartphone-image-sensor/,Existing catalog / official + SP information,Samsung official mobile product page available.,,High,,2,,,,0,OnePlus 10 Pro,OnePlus,Rear Ultra-wide,2022,Snapdragon 8 Gen 1,https://www.gsmarena.com/oneplus_10_pro_review-review-2401p5.php,review,https://helpix.ru/oneplus/10_pro/,High,PHONE:ONEPLUS10PRO,Not yet matched,,,,,,,,,,,,,,,,
OmniVision,OV08A10,OMNIVISION:OV08A10,OV08A10,,,Canonical product name,8,,1/4.4,1.0,4in1,,PDAF,,RGGB,,,OnePlus 9 Pro; OnePlus 10 Pro,https://spinformation.info/all/smartphone-image-sensor/,SP information,,2019.0,Medium-High,https://helpix.ru/isensor/,2,,,,0,OnePlus 10 Pro,OnePlus,Rear Telephoto,2022,Snapdragon 8 Gen 1,https://www.gsmarena.com/oneplus_10_pro_review-review-2401p5.php,review,https://helpix.ru/oneplus/10_pro/,High,PHONE:ONEPLUS10PRO,Not yet matched,,,,,,,,,,,,,,,,
OmniVision,OV32C,OMNIVISION:OV32C,OV32C,,,Canonical product name,32,,1/3.20,0.7,,,,,,,,Xiaomi 13 Ultra; OPPO Find X6 Pro; vivo X100 Pro,https://helpix.ru/isensor/,Helpix smartphone sensor index,Added in ultra expansion; mobile-camera sensor index listing.,2021.0,Medium,,16,Rear Main,2022.0,2025.0,2,Xiaomi 13 Pro,Xiaomi,Front Main,2022.0,,https://www.gsmarena.com/xiaomi_13_pro-review-2535p5.php,review,,High,PHONE:13PRO,Not yet matched,,,,,,,,,,,,,,,,
Samsung,ISOCELL JN1,SAMSUNG:JN1,ISOCELL JN1,S5KJN1,S5KJN1,Marketing+internal mapped,50,,1/2.76,0.64,4-in-1,,Double SuperPD,Inter-scene DCG,RGGB,,,Xiaomi 13 Ultra; OPPO Find X6 Pro; vivo X100 Pro,https://spinformation.info/all/smartphone-image-sensor/,Existing catalog / official + SP information,Samsung official mobile product page available.,,High,,16,Rear Main,2022.0,2025.0,2,Xiaomi 13 Pro,Xiaomi,Rear Telephoto + Rear Ultra-wide,2022.0,,https://www.gsmarena.com/xiaomi_13_pro-review-2535p5.php,review,,High,PHONE:13PRO,Not yet matched,,,,,,,,,,,,,,,,
Samsung,ISOCELL JN5,SAMSUNG:JN5,ISOCELL JN5,S5KJN5,S5KJN5,Marketing+internal mapped,50,,1/2.75,0.64,4-in-1,,Double SuperPD,Inter-scene DCG,RGGB,,,Xperia 1 VII; OnePlus 15; Realme GT8 Pro; HONOR Magic V5,https://spinformation.info/all/smartphone-image-sensor/,Existing catalog / official + SP information,Samsung official mobile product page available.,2024.0,High,https://helpix.ru/isensor/,4,,,,0,OnePlus 15,OnePlus,Rear Telephoto,2025,Snapdragon 8 Elite Gen 5,https://www.gsmarena.com/oneplus_15-review-2898p5.php,review,https://helpix.ru/oneplus/15/,High,PHONE:ONEPLUS15,Not yet matched,,,,,,,,,,,,,,,,
OmniVision,OV50D,OMNIVISION:OV50D,OV50D,,,Canonical product name,50,,1/2.88,0.6,4-in-1,,PDAF (2x2 ML),Stagger HDR,4-Cell,,,Xperia 1 VII; OnePlus 15; Realme GT8 Pro; HONOR Magic V5,https://spinformation.info/all/smartphone-image-sensor/,Existing catalog / official + SP information,,2023.0,High,https://helpix.ru/isensor/,4,,,,0,OnePlus 15,OnePlus,Rear Ultra-wide,2025,Snapdragon 8 Elite Gen 5,https://www.gsmarena.com/oneplus_15-review-2898p5.php,review,https://helpix.ru/oneplus/15/,High,PHONE:ONEPLUS15,Not yet matched,,,,,,,,,,,,,,,,
Sony,IMX709,SONY:IMX709,IMX709,,,Canonical product name,32,,1/2.74,0.8,,,,DOL-HDR,RGBW,,,Xperia 1 VII; OnePlus 15; Realme GT8 Pro; HONOR Magic V5,https://spinformation.info/all/smartphone-image-sensor/,Existing catalog / official + SP information,,2021.0,High,https://helpix.ru/isensor/,4,,,,0,OnePlus 15,OnePlus,Front Main,2025,Snapdragon 8 Elite Gen 5,https://www.gsmarena.com/oneplus_15-review-2898p5.php,review,https://helpix.ru/oneplus/15/,High,PHONE:ONEPLUS15,Not yet matched,,,,,,,,,,,,,,,,
OmniVision,OV50D,OMNIVISION:OV50D,OV50D,,,Canonical product name,50,,1/2.88,0.6,4-in-1,,PDAF (2x2 ML),Stagger HDR,4-Cell,,,Xperia 1 VII; OnePlus 15; Realme GT8 Pro; HONOR Magic V5,https://spinformation.info/all/smartphone-image-sensor/,Existing catalog / official + SP information,,2023.0,High,https://helpix.ru/isensor/,4,,,,0,Realme GT8 Pro,Realme,Rear Ultra-wide,2025,Snapdragon 8 Elite Gen 5,https://www.gsmarena.com/realme_gt_8_pro-review-2903p5.php,review,https://helpix.ru/realme/gt8_pro_china/,High,PHONE:REALMEGT8PRO,Not yet matched,,,,,,,,,,,,,,,,
Samsung,ISOCELL JN1,SAMSUNG:JN1,ISOCELL JN1,S5KJN1,S5KJN1,Marketing+internal mapped,50,,1/2.76,0.64,4-in-1,,Double SuperPD,Inter-scene DCG,RGGB,,,Xiaomi 14; Xiaomi 15; Xiaomi 15 Pro,https://spinformation.info/all/smartphone-image-sensor/,Existing catalog / official + SP information,Samsung official mobile product page available.,,High,,3,,,,0,Xiaomi 14,Xiaomi,Rear Telephoto + Rear Ultra-wide,2023,Snapdragon 8 Gen 3,https://www.gsmarena.com/xiaomi_14-review-2672p5.php,review,https://helpix.ru/xiaomi/14/,High,PHONE:14,Verified normalized match,Xiaomi 14,138,137,138,,,,,137,,,Feb 2024,V5,https://www.dxomark.com/smartphones/Xiaomi/14,DXOMARK device page,2026-09-26
OmniVision,OV32B,OMNIVISION:OV32B,OV32B,,,Canonical product name,32,,1/3,0.7,4-in-1,,PDAF (2x2 ML),Stagger HDR,4-Cell / RGGB,,,Xiaomi 14; Xiaomi 15; Xiaomi 15 Pro,https://spinformation.info/all/smartphone-image-sensor/,Existing catalog / official + SP information,Sensor_Size per https://www.ovt.com/press-releases/omnivision-brings-32mp-resolution-to-selfie-cameras-in-compact-13-optical-format-with-new-07-micron-pixel-smartphone-image-sensor/.,2021.0,High,https://helpix.ru/isensor/,3,,,,0,Xiaomi 14,Xiaomi,Front Main,2023,Snapdragon 8 Gen 3,https://www.gsmarena.com/xiaomi_14-review-2672p5.php,review,https://helpix.ru/xiaomi/14/,High,PHONE:14,Verified normalized match,Xiaomi 14,138,137,138,,,,,137,,,Feb 2024,V5,https://www.dxomark.com/smartphones/Xiaomi/14,DXOMARK device page,2026-09-26
OmniVision,Light Hunter / Light Fusion 900,OMNIVISION:Light Hunter / Light Fusion 900,Light Hunter / Light Fusion 900,,,Canonical product name,50,,1/1.31,1.2,4-in-1,,QPD,Stagger HDR; DCG combined,4-Cell,,,POCO F7; Redmi K80 Pro; Xiaomi 15T Pro,https://spinformation.info/all/smartphone-image-sensor/,Existing catalog / official + SP information,Xiaomi branding; underlying OmniVision family.,,High,,3,,,,0,Xiaomi 15T Pro,Xiaomi,Rear Main,2025,Dimensity 9400+,https://petapixel.com/2025/09/24/xiaomi-15t-pro-review-great-leica-cameras-that-inch-forward/,review,https://helpix.ru/xiaomi/15t_pro/,High,PHONE:15TPRO,Not yet matched,,,,,,,,,,,,,,,,
Sony,IMX586,SONY:IMX586,IMX586,,,Canonical product name,48,8000 x 6000,1/2.0,0.8,4in1,4500e-,PDAF (2x1 OCL),,RGGB,,,Galaxy S20 Ultra; HUAWEI Mate 40 Pro,https://spinformation.info/all/smartphone-image-sensor/,SP information,,,Medium,,2,,,,0,Galaxy S20 Ultra,Samsung,Rear Telephoto,2020,Exynos 990,https://www.techinsights.com/blog/samsung-galaxy-s20-ultra-5g-camera-teardown,review,https://helpix.ru/samsung/galaxy_s20_ultra/,High,PHONE:GALAXYS20ULTRA,Not yet matched,,,,,,,,,,,,,,,,
Samsung,ISOCELL GH1,SAMSUNG:GH1,ISOCELL GH1,S5KGH1,S5KGH1,Marketing+internal mapped,43.7,7968 x 5480,1/2.65,0.7,4in1,,PDAF (Super PD),3D HDR; Tetra HDR,RGGB,,,Galaxy S20 Ultra; HUAWEI Mate 40 Pro,https://spinformation.info/all/smartphone-image-sensor/,SP information,,,Medium,,2,,,,0,Galaxy S20 Ultra,Samsung,Front Main,2020,Exynos 990,https://www.techinsights.com/blog/samsung-galaxy-s20-ultra-5g-camera-teardown,review,https://helpix.ru/samsung/galaxy_s20_ultra/,High,PHONE:GALAXYS20ULTRA,Not yet matched,,,,,,,,,,,,,,,,
Sony,IMX906,SONY:IMX906,IMX906,,,Canonical product name,50,,1/1.56,1.0,4-in-1,,All-pixel PDAF (2x2 OCL),DAG-HDR,RGGB,,,HONOR Magic V3; POCO F6 Pro; Nubia Z80 Ultra,https://spinformation.info/all/smartphone-image-sensor/,Existing catalog / official + SP information,,2023.0,High,https://helpix.ru/isensor/,3,,,,0,HONOR Magic V3,HONOR,Rear Main,2024,Snapdragon 8 Gen 3,https://www.gsmarena.com/honor_magic_v3-review-2742p5.php,review,https://helpix.ru/honor/magic_v3/,High,PHONE:MAGICV3,Verified normalized match,Honor Magic V3,137,137,135,,,,,149,,,Jul 2024,V5,https://www.dxomark.com/smartphones/Honor/Magic-V3,DXOMARK device page,2026-09-26
Samsung,ISOCELL GNJ,SAMSUNG:GNJ,ISOCELL GNJ,S5KGNJ,S5KGNJ,Marketing+internal mapped,50,,1/1.56,1.0,4-in-1,,Dual Pixel,Smart-ISO Pro; Staggered HDR,RGGB,,,Motorola Razr60 Ultra; iQOO 13; vivo X Fold3,https://spinformation.info/all/smartphone-image-sensor/,Existing catalog / official + SP information,Samsung official mobile product page available.,2024.0,High,https://helpix.ru/isensor/,3,,,,0,Motorola Razr60 Ultra,Motorola,Rear Main,2025,Snapdragon 8 Elite,https://www.gsmarena.com/motorola_razr_60_ultra-review-2824p5.php,review,https://helpix.ru/motorola/razr_60_ultra/,High,PHONE:RAZR60ULTRA,Not yet matched,,,,,,,,,,,,,,,,
Samsung,ISOCELL JNS,SAMSUNG:JNS,ISOCELL JNS,S5KJNS,S5KJNS,Marketing+internal mapped,50,,1/2.76,0.64,,,,,,,,Motorola Razr60 Ultra; iQOO 13; vivo X Fold3,https://helpix.ru/isensor/,Helpix smartphone sensor index,Added in ultra expansion; mobile-camera sensor index listing.,2024.0,Medium,,3,,,,0,Motorola Razr60 Ultra,Motorola,Front Main,2025,Snapdragon 8 Elite,https://www.gsmarena.com/motorola_razr_60_ultra-review-2824p5.php,review,https://helpix.ru/motorola/razr_60_ultra/,Medium,PHONE:RAZR60ULTRA,Not yet matched,,,,,,,,,,,,,,,,
OmniVision,OC32C,OMNIVISION:OC32C,OC32C,,,Canonical product name,32,,1/3.14,0.7,4-in-1,,,,RGBC,,,,https://spinformation.info/all/smartphone-image-sensor/,Existing catalog / official + SP information,,,High,,,,,,,,,,,,,,,,,,,,,,,,,,,,,,,,,
OmniVision,OV32C,OMNIVISION:OV32C,OV32C,,,Canonical product name,32,,1/3.20,0.7,,,,,,,,ASUS Zenfone 12 Ultra; Xiaomi 14T,https://helpix.ru/isensor/,Helpix smartphone sensor index,Added in ultra expansion; mobile-camera sensor index listing.,2021.0,Medium,,2,,,,0,ASUS Zenfone 12 Ultra,ASUS,Rear Telephoto,2025,Snapdragon 8 Elite,https://www.gsmarena.com/asus_zenfone_12_ultra-review-2796p5.php,review,https://helpix.ru/asus/zenfone_12_ultra/,High,PHONE:ASUSZENFONE12ULTRA,Not yet matched,,,,,,,,,,,,,,,,
Sony,IMX906,SONY:IMX906,IMX906,,,Canonical product name,50,,1/1.56,1.0,4-in-1,,All-pixel PDAF (2x2 OCL),DAG-HDR,RGGB,,,ASUS Zenfone 12 Ultra; Xiaomi 14T,https://spinformation.info/all/smartphone-image-sensor/,Existing catalog / official + SP information,,2023.0,High,https://helpix.ru/isensor/,2,,,,0,ASUS Zenfone 12 Ultra,ASUS,Rear Main,2025,Snapdragon 8 Elite,https://www.gsmarena.com/asus_zenfone_12_ultra-review-2796p5.php,review,https://helpix.ru/asus/zenfone_12_ultra/,High,PHONE:ASUSZENFONE12ULTRA,Not yet matched,,,,,,,,,,,,,,,,
OmniVision,OV13B,OMNIVISION:OV13B,OV13B,,,Canonical product name,13,,1/3.06,1.12,,,,,,,,ASUS Zenfone 12 Ultra; Xiaomi 14T,https://helpix.ru/isensor/,Helpix smartphone sensor index,Added in ultra expansion; mobile-camera sensor index listing.,2019.0,Medium,,2,,,,0,ASUS Zenfone 12 Ultra,ASUS,Rear Ultra-wide,2025,Snapdragon 8 Elite,https://www.gsmarena.com/asus_zenfone_12_ultra-review-2796p5.php,review,https://helpix.ru/asus/zenfone_12_ultra/,High,PHONE:ASUSZENFONE12ULTRA,Not yet matched,,,,,,,,,,,,,,,,
