Manufacturer,Sensor,Canonical_ID,Marketing_Name,Internal_Code,Aliases,Naming_Status,Resolution_MP,Resolution_Px,Sensor_Size,Pixel_Size_um,Pixel_Binning,FWC,AF,HDR,CFA,Two_Layer_Transistor,Transfer_Gate,Example_Phones,Source_URL,Source_Type,Notes,First_Listed_Year,Sensor_Confidence,Additional_Source_URL,Mapped_Phone_Count,Known_Camera_Roles,First_Known_Phone_Year,Latest_Known_Phone_Year,Phones_With_SoC_Data,Phone,OEM,Camera_Role,Release_Year,SoC,Mapping_Source_URL,Mapping_Source_Type,SoC_Source_URL,Mapping_Confidence,Phone_Canonical_ID,DXOMARK_Match_Status,DXOMARK_Device,DXOMARK_Camera_Score,DXOMARK_Photo_Score,DXOMARK_Video_Score,DXOMARK_Main_Score,DXOMARK_UltraWide_Score,DXOMARK_Tele_Score,DXOMARK_Selfie_Score,DXOMARK_Display_Score,DXOMARK_Battery_Score,DXOMARK_Launch_Price_USD,DXOMARK_Launch_Date,DXOMARK_Camera_Protocol,DXOMARK_Source_URL,DXOMARK_Source_Type,DXOMARK_Checked_Date
BYD,BF2257,BYD:BF2257,BF2257,,,Canonical product name,2,,1/5.00,1.75,,,,,,,,,https://helpix.ru/isensor/,Helpix smartphone sensor index,Added in ultra expansion; mobile-camera sensor index listing.,,Medium,,0,,,,0,,,,,,,,,,,No phone mapping,,,,,,,,,,,,,,,,
BYD,BF2553,BYD:BF2553,BF2553,,,Canonical product name,5,,1/5.00,1.12,,,,,,,,,https://helpix.ru/isensor/,Helpix smartphone sensor index,Added in ultra expansion; mobile-camera sensor index listing.,,Medium,,0,,,,0,,,,,,,,,,,No phone mapping,,,,,,,,,,,,,,,,
GalaxyCore,GC02K0,GALAXYCORE:GC02K0,GC02K0,,,Canonical product name,2,,1/5.00,1.75,,,,,,,,,https://helpix.ru/isensor/,Helpix smartphone sensor index,Added in ultra expansion; mobile-camera sensor index listing.,2020.0,Medium,,0,,,,0,,,,,,,,,,,No phone mapping,,,,,,,,,,,,,,,,
GalaxyCore,GC02M1,GALAXYCORE:GC02M1,GC02M1,,,Canonical product name,2,,1/5.00,1.75,,,,,,,,,https://helpix.ru/isensor/,Helpix smartphone sensor index,Added in ultra expansion; mobile-camera sensor index listing.,2020.0,Medium,,0,,,,0,,,,,,,,,,,No phone mapping,,,,,,,,,,,,,,,,
GalaxyCore,GC02M1B,GALAXYCORE:GC02M1B,GC02M1B,,,Canonical product name,2,,1/5.00,1.75,,,,,,,,,https://helpix.ru/isensor/,Helpix smartphone sensor index,Added in ultra expansion; mobile-camera sensor index listing.,2020.0,Medium,,0,,,,0,,,,,,,,,,,No phone mapping,,,,,,,,,,,,,,,,
GalaxyCore,GC02M2,GALAXYCORE:GC02M2,GC02M2,,,Canonical product name,2,,1/5.00,1.75,,,,,,,,,https://helpix.ru/isensor/,Helpix smartphone sensor index,Added in ultra expansion; mobile-camera sensor index listing.,2020.0,Medium,,0,,,,0,,,,,,,,,,,No phone mapping,,,,,,,,,,,,,,,,
GalaxyCore,GC02M3,GALAXYCORE:GC02M3,GC02M3,,,Canonical product name,2,,1/5.00,1.75,,,,,,,,,https://helpix.ru/isensor/,Helpix smartphone sensor index,Added in ultra expansion; mobile-camera sensor index listing.,2024.0,Medium,,0,,,,0,,,,,,,,,,,No phone mapping,,,,,,,,,,,,,,,,
GalaxyCore,GC02M3B,GALAXYCORE:GC02M3B,GC02M3B,,,Canonical product name,2,,1/5.00,1.75,,,,,,,,,https://helpix.ru/isensor/,Helpix smartphone sensor index,Added in ultra expansion; mobile-camera sensor index listing.,2024.0,Medium,,0,,,,0,,,,,,,,,,,No phone mapping,,,,,,,,,,,,,,,,
GalaxyCore,GC030A,GALAXYCORE:GC030A,GC030A,,,Canonical product name,0.3,,1/10.00,2.25,,,,,,,,,https://helpix.ru/isensor/,Helpix smartphone sensor index,Added in ultra expansion; mobile-camera sensor index listing.,,Medium,,0,,,,0,,,,,,,,,,,No phone mapping,,,,,,,,,,,,,,,,
GalaxyCore,GC0310,GALAXYCORE:GC0310,GC0310,,,Canonical product name,0.3,,1/10.00,2.25,,,,,,,,,https://helpix.ru/isensor/,Helpix smartphone sensor index,Added in ultra expansion; mobile-camera sensor index listing.,,Medium,,0,,,,0,,,,,,,,,,,No phone mapping,,,,,,,,,,,,,,,,
GalaxyCore,GC032A,GALAXYCORE:GC032A,GC032A,,,Canonical product name,0.3,,1/10.00,2.25,,,,,,,,,https://helpix.ru/isensor/,Helpix smartphone sensor index,Added in ultra expansion; mobile-camera sensor index listing.,,Medium,,0,,,,0,,,,,,,,,,,No phone mapping,,,,,,,,,,,,,,,,
GalaxyCore,GC05A2,GALAXYCORE:GC05A2,GC05A2,,,Canonical product name,5,,1/5.00,1.12,,,,,,,,,https://helpix.ru/isensor/,Helpix smartphone sensor index,Added in ultra expansion; mobile-camera sensor index listing.,2024.0,Medium,,0,,,,0,,,,,,,,,,,No phone mapping,,,,,,,,,,,,,,,,
GalaxyCore,GC05A3,GALAXYCORE:GC05A3,GC05A3,,,Canonical product name,5,,,,,,,,,,,,https://helpix.ru/isensor/,Helpix smartphone sensor index,Added in ultra expansion; mobile-camera sensor index listing.,,Medium,,0,,,,0,,,,,,,,,,,No phone mapping,,,,,,,,,,,,,,,,
GalaxyCore,GC08A8,GALAXYCORE:GC08A8,GC08A8,,,Canonical product name,8,,1/4.00,1.12,,,,,,,,,https://helpix.ru/isensor/,Helpix smartphone sensor index,Added in ultra expansion; mobile-camera sensor index listing.,2024.0,Medium,,0,,,,0,,,,,,,,,,,No phone mapping,,,,,,,,,,,,,,,,
GalaxyCore,GC12A2,GALAXYCORE:GC12A2,GC12A2,,,Canonical product name,12,,,,,,,,,,,,https://helpix.ru/isensor/,Helpix smartphone sensor index,Added in ultra expansion; mobile-camera sensor index listing.,2025.0,Medium,,0,,,,0,,,,,,,,,,,No phone mapping,,,,,,,,,,,,,,,,
GalaxyCore,GC13003,GALAXYCORE:GC13003,GC13003,,,Canonical product name,13,,1/3.06,1.12,,,,,,,,,https://helpix.ru/isensor/,Helpix smartphone sensor index,Added in ultra expansion; mobile-camera sensor index listing.,2016.0,Medium,,0,,,,0,,,,,,,,,,,No phone mapping,,,,,,,,,,,,,,,,
GalaxyCore,GC13023,GALAXYCORE:GC13023,GC13023,,,Canonical product name,13,,1/3.06,1.12,,,,,,,,,https://helpix.ru/isensor/,Helpix smartphone sensor index,Added in ultra expansion; mobile-camera sensor index listing.,2018.0,Medium,,0,,,,0,,,,,,,,,,,No phone mapping,,,,,,,,,,,,,,,,
GalaxyCore,GC13033,GALAXYCORE:GC13033,GC13033,,,Canonical product name,13,,1/3.06,1.12,,,,,,,,,https://helpix.ru/isensor/,Helpix smartphone sensor index,Added in ultra expansion; mobile-camera sensor index listing.,2020.0,Medium,,0,,,,0,,,,,,,,,,,No phone mapping,,,,,,,,,,,,,,,,
GalaxyCore,GC13053,GALAXYCORE:GC13053,GC13053,,,Canonical product name,13,,1/3.06,1.12,,,,,,,,,https://helpix.ru/isensor/,Helpix smartphone sensor index,Added in ultra expansion; mobile-camera sensor index listing.,2020.0,Medium,,0,,,,0,,,,,,,,,,,No phone mapping,,,,,,,,,,,,,,,,
GalaxyCore,GC13A0,GALAXYCORE:GC13A0,GC13A0,,,Canonical product name,13,,1/3.10,1.12,,,,,,,,,https://helpix.ru/isensor/,Helpix smartphone sensor index,Added in ultra expansion; mobile-camera sensor index listing.,2023.0,Medium,,0,,,,0,,,,,,,,,,,No phone mapping,,,,,,,,,,,,,,,,
GalaxyCore,GC13A2,GALAXYCORE:GC13A2,GC13A2,,,Canonical product name,13,,1/3.10,1.12,,,,,,,,,https://helpix.ru/isensor/,Helpix smartphone sensor index,Added in ultra expansion; mobile-camera sensor index listing.,2023.0,Medium,,0,,,,0,,,,,,,,,,,No phone mapping,,,,,,,,,,,,,,,,
GalaxyCore,GC16B3 (GC16B3C),GALAXYCORE:GC16B3 (GC16B3C),GC16B3 (GC16B3C),,,Canonical product name,16,,1/3.10,1.0,,,,,,,,,https://helpix.ru/isensor/,Helpix smartphone sensor index,Added in ultra expansion; mobile-camera sensor index listing.,2024.0,Medium,,0,,,,0,,,,,,,,,,,No phone mapping,,,,,,,,,,,,,,,,
GalaxyCore,GC20A3,GALAXYCORE:GC20A3,GC20A3,,,Canonical product name,2,,1/2.90,2.8,,,,,,,,,https://helpix.ru/isensor/,Helpix smartphone sensor index,Added in ultra expansion; mobile-camera sensor index listing.,2020.0,Medium,,0,,,,0,,,,,,,,,,,No phone mapping,,,,,,,,,,,,,,,,
GalaxyCore,GC2335,GALAXYCORE:GC2335,GC2335,,,Canonical product name,2,,1/5.00,,,,,,,,,,https://helpix.ru/isensor/,Helpix smartphone sensor index,Added in ultra expansion; mobile-camera sensor index listing.,,Medium,,0,,,,0,,,,,,,,,,,No phone mapping,,,,,,,,,,,,,,,,
GalaxyCore,GC2355,GALAXYCORE:GC2355,GC2355,,,Canonical product name,2,,1/5.00,1.75,,,,,,,,,https://helpix.ru/isensor/,Helpix smartphone sensor index,Added in ultra expansion; mobile-camera sensor index listing.,,Medium,,0,,,,0,,,,,,,,,,,No phone mapping,,,,,,,,,,,,,,,,
GalaxyCore,GC2365,GALAXYCORE:GC2365,GC2365,,,Canonical product name,2,,1/5.00,1.65,,,,,,,,,https://helpix.ru/isensor/,Helpix smartphone sensor index,Added in ultra expansion; mobile-camera sensor index listing.,2015.0,Medium,,0,,,,0,,,,,,,,,,,No phone mapping,,,,,,,,,,,,,,,,
GalaxyCore,GC2375H,GALAXYCORE:GC2375H,GC2375H,,,Canonical product name,2,,1/5.00,1.75,,,,,,,,,https://helpix.ru/isensor/,Helpix smartphone sensor index,Added in ultra expansion; mobile-camera sensor index listing.,,Medium,,0,,,,0,,,,,,,,,,,No phone mapping,,,,,,,,,,,,,,,,
GalaxyCore,GC2385,GALAXYCORE:GC2385,GC2385,,,Canonical product name,2,,1/5.00,1.65,,,,,,,,,https://helpix.ru/isensor/,Helpix smartphone sensor index,Added in ultra expansion; mobile-camera sensor index listing.,,Medium,,0,,,,0,,,,,,,,,,,No phone mapping,,,,,,,,,,,,,,,,
GalaxyCore,GC2755,GALAXYCORE:GC2755,GC2755,,,Canonical product name,2,,1/5.00,1.6,,,,,,,,,https://helpix.ru/isensor/,Helpix smartphone sensor index,Added in ultra expansion; mobile-camera sensor index listing.,,Medium,,0,,,,0,,,,,,,,,,,No phone mapping,,,,,,,,,,,,,,,,
GalaxyCore,GC32E1,GALAXYCORE:GC32E1,GC32E1,,,Canonical product name,32,,1/3.10,0.7,,,,,,,,,https://helpix.ru/isensor/,Helpix smartphone sensor index,Added in ultra expansion; mobile-camera sensor index listing.,2023.0,Medium,,0,,,,0,,,,,,,,,,,No phone mapping,,,,,,,,,,,,,,,,
GalaxyCore,GC32E2,GALAXYCORE:GC32E2,GC32E2,,,Canonical product name,32,,1/3.10,0.7,,,,,,,,,https://helpix.ru/isensor/,Helpix smartphone sensor index,Added in ultra expansion; mobile-camera sensor index listing.,2024.0,Medium,,0,,,,0,,,,,,,,,,,No phone mapping,,,,,,,,,,,,,,,,
GalaxyCore,GC5005,GALAXYCORE:GC5005,GC5005,,,Canonical product name,5,,1/5.00,1.12,,,,,,,,,https://helpix.ru/isensor/,Helpix smartphone sensor index,Added in ultra expansion; mobile-camera sensor index listing.,2016.0,Medium,,0,,,,0,,,,,,,,,,,No phone mapping,,,,,,,,,,,,,,,,
GalaxyCore,GC5024,GALAXYCORE:GC5024,GC5024,,,Canonical product name,5,,1/4.00,1.4,,,,,,,,,https://helpix.ru/isensor/,Helpix smartphone sensor index,Added in ultra expansion; mobile-camera sensor index listing.,2016.0,Medium,,0,,,,0,,,,,,,,,,,No phone mapping,,,,,,,,,,,,,,,,
GalaxyCore,GC5025,GALAXYCORE:GC5025,GC5025,,,Canonical product name,5,,1/5.00,1.12,,,,,,,,,https://helpix.ru/isensor/,Helpix smartphone sensor index,Added in ultra expansion; mobile-camera sensor index listing.,2017.0,Medium,,0,,,,0,,,,,,,,,,,No phone mapping,,,,,,,,,,,,,,,,
GalaxyCore,GC5035,GALAXYCORE:GC5035,GC5035,,,Canonical product name,5,,1/5.00,1.12,,,,,,,,,https://helpix.ru/isensor/,Helpix smartphone sensor index,Added in ultra expansion; mobile-camera sensor index listing.,2019.0,Medium,,0,,,,0,,,,,,,,,,,No phone mapping,,,,,,,,,,,,,,,,
GalaxyCore,GC50B2,GALAXYCORE:GC50B2,GC50B2,,,Canonical product name,50,,1/1.56,1.0,,,,,,,,,https://helpix.ru/isensor/,Helpix smartphone sensor index,Added in ultra expansion; mobile-camera sensor index listing.,2023.0,Medium,,0,,,,0,,,,,,,,,,,No phone mapping,,,,,,,,,,,,,,,,
GalaxyCore,GC50D1,GALAXYCORE:GC50D1,GC50D1,,,Canonical product name,50,,1/2.00,0.8,,,,,,,,,https://helpix.ru/isensor/,Helpix smartphone sensor index,Added in ultra expansion; mobile-camera sensor index listing.,2025.0,Medium,,0,,,,0,,,,,,,,,,,No phone mapping,,,,,,,,,,,,,,,,
GalaxyCore,GC50E0,GALAXYCORE:GC50E0,GC50E0,,,Canonical product name,50,,1/2.50,0.7,,,,,,,,,https://helpix.ru/isensor/,Helpix smartphone sensor index,Added in ultra expansion; mobile-camera sensor index listing.,2023.0,Medium,,0,,,,0,,,,,,,,,,,No phone mapping,,,,,,,,,,,,,,,,
GalaxyCore,GC50F6,GALAXYCORE:GC50F6,GC50F6,,,Canonical product name,50,,1/2.88,0.61,,,,,,,,,https://helpix.ru/isensor/,Helpix smartphone sensor index,Added in ultra expansion; mobile-camera sensor index listing.,2025.0,Medium,,0,,,,0,,,,,,,,,,,No phone mapping,,,,,,,,,,,,,,,,
GalaxyCore,GC6133,GALAXYCORE:GC6133,GC6133,,,Canonical product name,0.08,,1/13.00,2.5,,,,,,,,,https://helpix.ru/isensor/,Helpix smartphone sensor index,Added in ultra expansion; mobile-camera sensor index listing.,,Medium,,0,,,,0,,,,,,,,,,,No phone mapping,,,,,,,,,,,,,,,,
GalaxyCore,GC6153,GALAXYCORE:GC6153,GC6153,,,Canonical product name,0.08,,1/13.00,2.5,,,,,,,,,https://helpix.ru/isensor/,Helpix smartphone sensor index,Added in ultra expansion; mobile-camera sensor index listing.,,Medium,,0,,,,0,,,,,,,,,,,No phone mapping,,,,,,,,,,,,,,,,
GalaxyCore,GC8024,GALAXYCORE:GC8024,GC8024,,,Canonical product name,8,,1/4.00,1.12,,,,,,,,,https://helpix.ru/isensor/,Helpix smartphone sensor index,Added in ultra expansion; mobile-camera sensor index listing.,2016.0,Medium,,0,,,,0,,,,,,,,,,,No phone mapping,,,,,,,,,,,,,,,,
GalaxyCore,GC8034,GALAXYCORE:GC8034,GC8034,,,Canonical product name,8,,1/4.00,1.12,,,,,,,,,https://helpix.ru/isensor/,Helpix smartphone sensor index,Added in ultra expansion; mobile-camera sensor index listing.,2018.0,Medium,,0,,,,0,,,,,,,,,,,No phone mapping,,,,,,,,,,,,,,,,
GalaxyCore,GC8054,GALAXYCORE:GC8054,GC8054,,,Canonical product name,8,,1/4.00,1.12,,,,,,,,,https://helpix.ru/isensor/,Helpix smartphone sensor index,Added in ultra expansion; mobile-camera sensor index listing.,2020.0,Medium,,0,,,,0,,,,,,,,,,,No phone mapping,,,,,,,,,,,,,,,,
MetaSilicon,MT13F0,METASILICON:MT13F0,MT13F0,,,Canonical product name,13,,1/3.06,1.12,,,,,,,,,https://helpix.ru/isensor/,Helpix smartphone sensor index,Added in ultra expansion; mobile-camera sensor index listing.,2026.0,Medium,,0,,,,0,,,,,,,,,,,No phone mapping,,,,,,,,,,,,,,,,
MetaSilicon,MT510,METASILICON:MT510,MT510,,,Canonical product name,5,,1/5.00,1.12,,,,,,,,,https://helpix.ru/isensor/,Helpix smartphone sensor index,Added in ultra expansion; mobile-camera sensor index listing.,2024.0,Medium,,0,,,,0,,,,,,,,,,,No phone mapping,,,,,,,,,,,,,,,,
MetaSilicon,MT815,METASILICON:MT815,MT815,,,Canonical product name,8,,1/4.00,1.12,,,,,,,,,https://helpix.ru/isensor/,Helpix smartphone sensor index,Added in ultra expansion; mobile-camera sensor index listing.,2024.0,Medium,,0,,,,0,,,,,,,,,,,No phone mapping,,,,,,,,,,,,,,,,
OEM/Branded,Light Fusion 1050L (Hunter 1050L),OEM/BRANDED:Light Fusion 1050L (Hunter 1050L),Light Fusion 1050L (Hunter 1050L),,,Canonical product name,50,,1/0.98,1.6,,,,,,,,,https://helpix.ru/isensor/,Helpix smartphone sensor index,Added in ultra expansion; mobile-camera sensor index listing.,2025.0,Medium,,0,,,,0,,,,,,,,,,,No phone mapping,,,,,,,,,,,,,,,,
OEM/Branded,Light Fusion 400 (Hunter 400),OEM/BRANDED:Light Fusion 400 (Hunter 400),Light Fusion 400 (Hunter 400),,,Canonical product name,50,,1/2.88,0.61,,,,,,,,,https://helpix.ru/isensor/,Helpix smartphone sensor index,Added in ultra expansion; mobile-camera sensor index listing.,2023.0,Medium,,0,,,,0,,,,,,,,,,,No phone mapping,,,,,,,,,,,,,,,,
OEM/Branded,Light Fusion 600 (Hunter 600),OEM/BRANDED:Light Fusion 600 (Hunter 600),Light Fusion 600 (Hunter 600),,,Canonical product name,50,,1/1.95,0.8,,,,,,,,,https://helpix.ru/isensor/,Helpix smartphone sensor index,Added in ultra expansion; mobile-camera sensor index listing.,2026.0,Medium,,0,,,,0,,,,,,,,,,,No phone mapping,,,,,,,,,,,,,,,,
OEM/Branded,Light Fusion 800 (Hunter 800),OEM/BRANDED:Light Fusion 800 (Hunter 800),Light Fusion 800 (Hunter 800),,,Canonical product name,50,,1/1.55,1.0,,,,,,,,,https://helpix.ru/isensor/,Helpix smartphone sensor index,Added in ultra expansion; mobile-camera sensor index listing.,2023.0,Medium,,0,,,,0,,,,,,,,,,,No phone mapping,,,,,,,,,,,,,,,,
OEM/Branded,Light Fusion 900 (Hunter 900),OEM/BRANDED:Light Fusion 900 (Hunter 900),Light Fusion 900 (Hunter 900),,,Canonical product name,50,,1/1.31,1.2,,,,,,,,,https://helpix.ru/isensor/,Helpix smartphone sensor index,Added in ultra expansion; mobile-camera sensor index listing.,2023.0,Medium,,0,,,,0,,,,,,,,,,,No phone mapping,,,,,,,,,,,,,,,,
OEM/Branded,Light Fusion 950 (Hunter 950),OEM/BRANDED:Light Fusion 950 (Hunter 950),Light Fusion 950 (Hunter 950),,,Canonical product name,50,,1/1.31,1.2,,,,,,,,,https://helpix.ru/isensor/,Helpix smartphone sensor index,Added in ultra expansion; mobile-camera sensor index listing.,2025.0,Medium,,0,,,,0,,,,,,,,,,,No phone mapping,,,,,,,,,,,,,,,,
OEM/Branded,Light Fusion 950L (Hunter 950L),OEM/BRANDED:Light Fusion 950L (Hunter 950L),Light Fusion 950L (Hunter 950L),,,Canonical product name,50,,1/1.28,1.22,,,,,,,,,https://helpix.ru/isensor/,Helpix smartphone sensor index,Added in ultra expansion; mobile-camera sensor index listing.,2025.0,Medium,,0,,,,0,,,,,,,,,,,No phone mapping,,,,,,,,,,,,,,,,
OEM/Branded,Light&Shadow Master 990,OEM/BRANDED:Light&Shadow Master 990,Light&Shadow Master 990,,,Canonical product name,50,,1/1.30,1.2,,,,,,,,,https://helpix.ru/isensor/,Helpix smartphone sensor index,Added in ultra expansion; mobile-camera sensor index listing.,2025.0,Medium,,0,,,,0,,,,,,,,,,,No phone mapping,,,,,,,,,,,,,,,,
OmniVision,Light Hunter / Light Fusion 400,OMNIVISION:Light Hunter / Light Fusion 400,Light Hunter / Light Fusion 400,,,Canonical product name,50,,1/2.88,0.6,4-in-1,,PDAF (2x2 ML),Stagger HDR,4-Cell,,,Realme GT8 Pro; OnePlus 15,https://spinformation.info/all/smartphone-image-sensor/,Existing catalog / official + SP information,Branding used by some OEMs.,,High,,2,,,,0,OnePlus 15,OnePlus,Unknown,,,https://spinformation.info/all/smartphone-image-sensor/,Existing master Example_Phones,,High,PHONE:ONEPLUS15,Not yet matched,,,,,,,,,,,,,,,,
OmniVision,Light Hunter / Light Fusion 400,OMNIVISION:Light Hunter / Light Fusion 400,Light Hunter / Light Fusion 400,,,Canonical product name,50,,1/2.88,0.6,4-in-1,,PDAF (2x2 ML),Stagger HDR,4-Cell,,,Realme GT8 Pro; OnePlus 15,https://spinformation.info/all/smartphone-image-sensor/,Existing catalog / official + SP information,Branding used by some OEMs.,,High,,2,,,,0,Realme GT8 Pro,Realme,Unknown,,,https://spinformation.info/all/smartphone-image-sensor/,Existing master Example_Phones,,High,PHONE:REALMEGT8PRO,Not yet matched,,,,,,,,,,,,,,,,
OmniVision,Light Hunter / Light Fusion 800,OMNIVISION:Light Hunter / Light Fusion 800,Light Hunter / Light Fusion 800,,,Canonical product name,50,,1/1.55,1.0,4-in-1,,QPD,Stagger HDR; DCG combined,4-Cell,,,POCO F7; Redmi K80 Pro; Xiaomi 15T Pro,https://spinformation.info/all/smartphone-image-sensor/,Existing catalog / official + SP information,Xiaomi branding; underlying OmniVision family.,,High,,3,,,,0,POCO F7,Xiaomi,Unknown,,,https://spinformation.info/all/smartphone-image-sensor/,Existing master Example_Phones,,High,PHONE:POCOF7,Not yet matched,,,,,,,,,,,,,,,,
OmniVision,Light Hunter / Light Fusion 800,OMNIVISION:Light Hunter / Light Fusion 800,Light Hunter / Light Fusion 800,,,Canonical product name,50,,1/1.55,1.0,4-in-1,,QPD,Stagger HDR; DCG combined,4-Cell,,,POCO F7; Redmi K80 Pro; Xiaomi 15T Pro,https://spinformation.info/all/smartphone-image-sensor/,Existing catalog / official + SP information,Xiaomi branding; underlying OmniVision family.,,High,,3,,,,0,Redmi K80 Pro,Xiaomi,Unknown,,,https://spinformation.info/all/smartphone-image-sensor/,Existing master Example_Phones,,High,PHONE:REDMIK80PRO,Not yet matched,,,,,,,,,,,,,,,,
OmniVision,Light Hunter / Light Fusion 800,OMNIVISION:Light Hunter / Light Fusion 800,Light Hunter / Light Fusion 800,,,Canonical product name,50,,1/1.55,1.0,4-in-1,,QPD,Stagger HDR; DCG combined,4-Cell,,,POCO F7; Redmi K80 Pro; Xiaomi 15T Pro,https://spinformation.info/all/smartphone-image-sensor/,Existing catalog / official + SP information,Xiaomi branding; underlying OmniVision family.,,High,,3,,,,0,Xiaomi 15T Pro,Xiaomi,Unknown,,,https://spinformation.info/all/smartphone-image-sensor/,Existing master Example_Phones,,High,PHONE:15TPRO,Exact normalized model match,Xiaomi 15T Pro,149,152,144,,,,,,,899,2025-09-24,V6,https://www.dxomark.com/smartphones/Xiaomi/15T-Pro,DXOMARK smartphone ranking,2026-09-27
OmniVision,Light Hunter / Light Fusion 900,OMNIVISION:Light Hunter / Light Fusion 900,Light Hunter / Light Fusion 900,,,Canonical product name,50,,1/1.31,1.2,4-in-1,,QPD,Stagger HDR; DCG combined,4-Cell,,,Xiaomi 14; Xiaomi 15; Xiaomi 15 Pro,https://spinformation.info/all/smartphone-image-sensor/,Existing catalog / official + SP information,Xiaomi branding; underlying OmniVision family.,,High,,3,,,,0,Xiaomi 14,Xiaomi,Unknown,,,https://spinformation.info/all/smartphone-image-sensor/,Existing master Example_Phones,,High,PHONE:14,Exact normalized model match,Xiaomi 14,138,137,138,,,,,137,133,999,2024-02-26,V5,https://www.dxomark.com/smartphones/Xiaomi/14,DXOMARK smartphone ranking,2026-09-27
OmniVision,Light Hunter / Light Fusion 900,OMNIVISION:Light Hunter / Light Fusion 900,Light Hunter / Light Fusion 900,,,Canonical product name,50,,1/1.31,1.2,4-in-1,,QPD,Stagger HDR; DCG combined,4-Cell,,,Xiaomi 14; Xiaomi 15; Xiaomi 15 Pro,https://spinformation.info/all/smartphone-image-sensor/,Existing catalog / official + SP information,Xiaomi branding; underlying OmniVision family.,,High,,3,,,,0,Xiaomi 15,Xiaomi,Unknown,,,https://spinformation.info/all/smartphone-image-sensor/,Existing master Example_Phones,,High,PHONE:15,Exact normalized model match,Xiaomi 15,147,150,133,,,,,148,,999,2025-03-02,V5,https://www.dxomark.com/smartphones/Xiaomi/15,DXOMARK smartphone ranking,2026-09-27
OmniVision,Light Hunter / Light Fusion 900,OMNIVISION:Light Hunter / Light Fusion 900,Light Hunter / Light Fusion 900,,,Canonical product name,50,,1/1.31,1.2,4-in-1,,QPD,Stagger HDR; DCG combined,4-Cell,,,Xiaomi 14; Xiaomi 15; Xiaomi 15 Pro,https://spinformation.info/all/smartphone-image-sensor/,Existing catalog / official + SP information,Xiaomi branding; underlying OmniVision family.,,High,,3,,,,0,Xiaomi 15 Pro,Xiaomi,Unknown,,,https://spinformation.info/all/smartphone-image-sensor/,Existing master Example_Phones,,High,PHONE:15PRO,Not yet matched,,,,,,,,,,,,,,,,
OmniVision,Light Hunter 950,OMNIVISION:Light Hunter 950,Light Hunter 950,,,Canonical product name,50,,1/1.3,1.2,4-in-1,,,,,,,Xiaomi 17T Pro,https://spinformation.info/all/smartphone-image-sensor/,Existing catalog / official + SP information,Xiaomi branding; underlying OmniVision family.,,High,,1,,,,0,Xiaomi 17T Pro,Xiaomi,Unknown,,,https://spinformation.info/all/smartphone-image-sensor/,Existing master Example_Phones,,High,PHONE:17TPRO,Not yet matched,,,,,,,,,,,,,,,,
OmniVision,Neo Master 990,OMNIVISION:Neo Master 990,Neo Master 990,,,Canonical product name,50,,1/1.3,1.2,4-in-1,,All-pixel PDAF,,,,,Nubia Z70S Ultra,https://spinformation.info/all/smartphone-image-sensor/,Existing catalog / official + SP information,OEM branding.,,High,,1,,,,0,Nubia Z70S Ultra,nubia,Unknown,,,https://spinformation.info/all/smartphone-image-sensor/,Existing master Example_Phones,,High,PHONE:NUBIAZ70SULTRA,Not yet matched,,,,,,,,,,,,,,,,
OmniVision,OC32C,OMNIVISION:OC32C,OC32C,,,Canonical product name,32,,1/3.14,0.7,4-in-1,,,,RGBC,,,ASUS Zenfone 12 Ultra; Xiaomi 13 Pro,https://spinformation.info/all/smartphone-image-sensor/,Existing catalog / official + SP information,,,High,,2,,,,0,ASUS Zenfone 12 Ultra,ASUS,Unknown,,,https://spinformation.info/all/smartphone-image-sensor/,Existing master Example_Phones,,High,PHONE:ASUSZENFONE12ULTRA,Not yet matched,,,,,,,,,,,,,,,,
OmniVision,OC32C,OMNIVISION:OC32C,OC32C,,,Canonical product name,32,,1/3.14,0.7,4-in-1,,,,RGBC,,,ASUS Zenfone 12 Ultra; Xiaomi 13 Pro,https://spinformation.info/all/smartphone-image-sensor/,Existing catalog / official + SP information,,,High,,2,,,,0,Xiaomi 13 Pro,Xiaomi,Unknown,2022.0,,https://spinformation.info/all/smartphone-image-sensor/,Existing master Example_Phones,,High,PHONE:13PRO,Exact normalized model match,Xiaomi 13 Pro,136,136,129,,,,,131,126,1299,2022-12-11,V5,https://www.dxomark.com/smartphones/Xiaomi/13-Pro,DXOMARK smartphone ranking,2026-09-27
OmniVision,OS05A10,OMNIVISION:OS05A10,OS05A10,,,Canonical product name,5,,1/2.70,2.0,,,,,,,,,https://helpix.ru/isensor/,Helpix smartphone sensor index,Added in ultra expansion; mobile-camera sensor index listing.,2017.0,Medium,,0,,,,0,,,,,,,,,,,No phone mapping,,,,,,,,,,,,,,,,
OmniVision,OV02A,OMNIVISION:OV02A,OV02A,,,Canonical product name,2,,1/5.00,1.75,,,,,,,,,https://helpix.ru/isensor/,Helpix smartphone sensor index,Added in ultra expansion; mobile-camera sensor index listing.,2016.0,Medium,,0,,,,0,,,,,,,,,,,No phone mapping,,,,,,,,,,,,,,,,
OmniVision,OV02B,OMNIVISION:OV02B,OV02B,,,Canonical product name,2,,1/5.00,1.75,,,,,,,,,https://helpix.ru/isensor/,Helpix smartphone sensor index,Added in ultra expansion; mobile-camera sensor index listing.,2020.0,Medium,,0,,,,0,,,,,,,,,,,No phone mapping,,,,,,,,,,,,,,,,
OmniVision,OV02B10,OMNIVISION:OV02B10,OV02B10,,,Canonical product name,2,,1/5.0,1.75,---,,,,RGGB,,,OnePlus 12R; POCO X7,https://spinformation.info/all/smartphone-image-sensor/,SP information,,,Medium,,2,,,,1,POCO X7,Xiaomi,Unknown,,,https://spinformation.info/all/smartphone-image-sensor/,Existing master Example_Phones,,Medium,PHONE:POCOX7,Not yet matched,,,,,,,,,,,,,,,,
OmniVision,OV02B10,OMNIVISION:OV02B10,OV02B10,,,Canonical product name,2,,1/5.0,1.75,---,,,,RGGB,,,OnePlus 12R; POCO X7,https://spinformation.info/all/smartphone-image-sensor/,SP information,,,Medium,,2,,,,1,OnePlus 12R,OnePlus,Unknown,2024.0,Snapdragon 8 Gen 2,https://spinformation.info/all/smartphone-image-sensor/,Existing master Example_Phones,https://www.oneplus.com/us/12r/specs,Medium,PHONE:ONEPLUS12R,Not yet matched,,,,,,,,,,,,,,,,
OmniVision,OV02F,OMNIVISION:OV02F,OV02F,,,Canonical product name,2,,1/5.0,1.75,---,,,,RGGB,,,Nubia Red Magic 10 Pro+,https://spinformation.info/all/smartphone-image-sensor/,SP information,,2024.0,Medium-High,https://helpix.ru/isensor/,1,,,,0,Nubia Red Magic 10 Pro+,nubia,Unknown,,,https://spinformation.info/all/smartphone-image-sensor/,Existing master Example_Phones,,Medium-High,PHONE:NUBIAREDMAGIC10PRO,Not yet matched,,,,,,,,,,,,,,,,
OmniVision,OV02K,OMNIVISION:OV02K,OV02K,,,Canonical product name,2,,1/2.80,2.9,,,,,,,,,https://helpix.ru/isensor/,Helpix smartphone sensor index,Added in ultra expansion; mobile-camera sensor index listing.,2019.0,Medium,,0,,,,0,,,,,,,,,,,No phone mapping,,,,,,,,,,,,,,,,
OmniVision,OV05C,OMNIVISION:OV05C,OV05C,,,Canonical product name,5.2,,1/4.70,1.12,,,,,,,,,https://helpix.ru/isensor/,Helpix smartphone sensor index,Added in ultra expansion; mobile-camera sensor index listing.,2023.0,Medium,,0,,,,0,,,,,,,,,,,No phone mapping,,,,,,,,,,,,,,,,
OmniVision,OV08A10,OMNIVISION:OV08A10,OV08A10,,,Canonical product name,8,,1/4.4,1.0,4in1,,PDAF,,RGGB,,,,https://spinformation.info/all/smartphone-image-sensor/,SP information,,2019.0,Medium-High,https://helpix.ru/isensor/,0,,,,0,,,,,,,,,,,No phone mapping,,,,,,,,,,,,,,,,
OmniVision,OV08B,OMNIVISION:OV08B,OV08B,,,Canonical product name,8,,1/4.00,1.12,,,,,,,,,https://helpix.ru/isensor/,Helpix smartphone sensor index,Added in ultra expansion; mobile-camera sensor index listing.,2019.0,Medium,,0,,,,0,,,,,,,,,,,No phone mapping,,,,,,,,,,,,,,,,
OmniVision,OV08B10,OMNIVISION:OV08B10,OV08B10,,,Canonical product name,8,,1/4.0,1.12,4in1,,,,RGGB,,,,https://spinformation.info/all/smartphone-image-sensor/,SP information,,,Medium,,0,,,,0,,,,,,,,,,,No phone mapping,,,,,,,,,,,,,,,,
OmniVision,OV08D10,OMNIVISION:OV08D10,OV08D10,,,Canonical product name,8,,1/4.0,1.12,---,,,,RGGB,,,vivo X200 FE; OnePlus Nord 5,https://spinformation.info/all/smartphone-image-sensor/,SP information,,,Medium,,2,,,,0,OnePlus Nord 5,OnePlus,Unknown,,,https://spinformation.info/all/smartphone-image-sensor/,Existing master Example_Phones,,Medium,PHONE:ONEPLUSNORD5,Not yet matched,,,,,,,,,,,,,,,,
OmniVision,OV08D10,OMNIVISION:OV08D10,OV08D10,,,Canonical product name,8,,1/4.0,1.12,---,,,,RGGB,,,vivo X200 FE; OnePlus Nord 5,https://spinformation.info/all/smartphone-image-sensor/,SP information,,,Medium,,2,,,,0,vivo X200 FE,vivo,Unknown,,,https://spinformation.info/all/smartphone-image-sensor/,Existing master Example_Phones,,Medium,PHONE:X200FE,Not yet matched,,,,,,,,,,,,,,,,
OmniVision,OV08F,OMNIVISION:OV08F,OV08F,,,Canonical product name,8,,1/4.00,1.12,,,,,RGGB,,,Xiaomi POCO F7; Redmi K80 Ultra,https://spinformation.info/all/smartphone-image-sensor/,SP information,,2025.0,Medium-High,https://helpix.ru/isensor/,2,,,,0,Redmi K80 Ultra,Xiaomi,Unknown,,,https://spinformation.info/all/smartphone-image-sensor/,Existing master Example_Phones,,Medium-High,PHONE:REDMIK80ULTRA,Not yet matched,,,,,,,,,,,,,,,,
OmniVision,OV08F,OMNIVISION:OV08F,OV08F,,,Canonical product name,8,,1/4.00,1.12,,,,,RGGB,,,Xiaomi POCO F7; Redmi K80 Ultra,https://spinformation.info/all/smartphone-image-sensor/,SP information,,2025.0,Medium-High,https://helpix.ru/isensor/,2,,,,0,Xiaomi POCO F7,Xiaomi,Unknown,,,https://spinformation.info/all/smartphone-image-sensor/,Existing master Example_Phones,,Medium-High,PHONE:POCOF7,Not yet matched,,,,,,,,,,,,,,,,
OmniVision,OV08X,OMNIVISION:OV08X,OV08X,,,Canonical product name,9,,1/5.66,0.7,,,,,,,,,https://helpix.ru/isensor/,Helpix smartphone sensor index,Added in ultra expansion; mobile-camera sensor index listing.,2022.0,Medium,,0,,,,0,,,,,,,,,,,No phone mapping,,,,,,,,,,,,,,,,
OmniVision,OV12830,OMNIVISION:OV12830,OV12830,,,Canonical product name,13,,1/3.20,1.1,,,,,,,,,https://helpix.ru/isensor/,Helpix smartphone sensor index,Added in ultra expansion; mobile-camera sensor index listing.,2012.0,Medium,,0,,,,0,,,,,,,,,,,No phone mapping,,,,,,,,,,,,,,,,
OmniVision,OV12870,OMNIVISION:OV12870,OV12870,,,Canonical product name,12,,1/2.8,1.25,---,,,,RGGB,,,UMIDIGI One Max,https://spinformation.info/all/smartphone-image-sensor/,SP information,,2016.0,Medium-High,https://helpix.ru/isensor/,1,,,,0,UMIDIGI One Max,UMIDIGI,Unknown,,,https://spinformation.info/all/smartphone-image-sensor/,Existing master Example_Phones,,Medium-High,PHONE:UMIDIGIONEMAX,Not yet matched,,,,,,,,,,,,,,,,
OmniVision,OV12890,OMNIVISION:OV12890,OV12890,,,Canonical product name,12,,1/2.3,1.55,---,,,,RGGB,,,,https://spinformation.info/all/smartphone-image-sensor/,SP information,,,Medium,,0,,,,0,,,,,,,,,,,No phone mapping,,,,,,,,,,,,,,,,
OmniVision,OV12895,OMNIVISION:OV12895,OV12895,,,Canonical product name,12,,1/2.3,1.55,---,,,,RGGB,,,,https://spinformation.info/all/smartphone-image-sensor/,SP information,,,Medium,,0,,,,0,,,,,,,,,,,No phone mapping,,,,,,,,,,,,,,,,
OmniVision,OV12A10,OMNIVISION:OV12A10,OV12A10,,,Canonical product name,12,4096 x 3072,1/2.8,1.242,---,,,,BCFA,,,Redmi 7; Xiaomi Mi A1,https://spinformation.info/all/smartphone-image-sensor/,SP information,,,Medium,,2,,,,0,Redmi 7,Xiaomi,Unknown,,,https://spinformation.info/all/smartphone-image-sensor/,Existing master Example_Phones,,Medium,PHONE:REDMI7,Not yet matched,,,,,,,,,,,,,,,,
OmniVision,OV12A10,OMNIVISION:OV12A10,OV12A10,,,Canonical product name,12,4096 x 3072,1/2.8,1.242,---,,,,BCFA,,,Redmi 7; Xiaomi Mi A1,https://spinformation.info/all/smartphone-image-sensor/,SP information,,,Medium,,2,,,,0,Xiaomi Mi A1,Xiaomi,Unknown,,,https://spinformation.info/all/smartphone-image-sensor/,Existing master Example_Phones,,Medium,PHONE:MIA1,Not yet matched,,,,,,,,,,,,,,,,
OmniVision,OV12D,OMNIVISION:OV12D,OV12D,,,Canonical product name,12,,1/2.43,1.4,,,,,,,,,https://helpix.ru/isensor/,Helpix smartphone sensor index,Added in ultra expansion; mobile-camera sensor index listing.,2019.0,Medium,,0,,,,0,,,,,,,,,,,No phone mapping,,,,,,,,,,,,,,,,
OmniVision,OV12D2Q,OMNIVISION:OV12D2Q,OV12D2Q,,,Canonical product name,12,4608 x 2592,1/2.43,1.4,---,,,4-Cell HDR,4-Cell / RGB,,,HONOR V30 Pro,https://spinformation.info/all/smartphone-image-sensor/,SP information,,,Medium,,1,,,,0,HONOR V30 Pro,HONOR,Unknown,,,https://spinformation.info/all/smartphone-image-sensor/,Existing master Example_Phones,,Medium,PHONE:V30PRO,Exact normalized model match,Honor V30 Pro,,,,,,,102,,,590,2019-11-01,,https://www.dxomark.com/smartphones/Honor/V30-Pro,DXOMARK smartphone ranking,2026-09-27
OmniVision,OV13853,OMNIVISION:OV13853,OV13853,,,Canonical product name,13,,1/3.06,1.12,,,,,,,,,https://helpix.ru/isensor/,Helpix smartphone sensor index,Added in ultra expansion; mobile-camera sensor index listing.,2015.0,Medium,,0,,,,0,,,,,,,,,,,No phone mapping,,,,,,,,,,,,,,,,
OmniVision,OV13855,OMNIVISION:OV13855,OV13855,,,Canonical product name,13,,1/3.06,1.12,,,,,,,,,https://helpix.ru/isensor/,Helpix smartphone sensor index,Added in ultra expansion; mobile-camera sensor index listing.,2016.0,Medium,,0,,,,0,,,,,,,,,,,No phone mapping,,,,,,,,,,,,,,,,
OmniVision,OV13858,OMNIVISION:OV13858,OV13858,,,Canonical product name,13,,1/3.06,1.12,,,,,,,,,https://helpix.ru/isensor/,Helpix smartphone sensor index,Added in ultra expansion; mobile-camera sensor index listing.,2016.0,Medium,,0,,,,0,,,,,,,,,,,No phone mapping,,,,,,,,,,,,,,,,
OmniVision,OV13880,OMNIVISION:OV13880,OV13880,,,Canonical product name,13,,1/2.40,1.4,,,,,,,,,https://helpix.ru/isensor/,Helpix smartphone sensor index,Added in ultra expansion; mobile-camera sensor index listing.,2015.0,Medium,,0,,,,0,,,,,,,,,,,No phone mapping,,,,,,,,,,,,,,,,
OmniVision,OV13A10,OMNIVISION:OV13A10,OV13A10,,,Canonical product name,13,4224 x 3136,1/3.4,1.0,---,,PDAF,ZigZag HDR,RGGB,,,,https://spinformation.info/all/smartphone-image-sensor/,SP information,,,Medium,,0,,,,0,,,,,,,,,,,No phone mapping,,,,,,,,,,,,,,,,
OmniVision,OV13B,OMNIVISION:OV13B,OV13B,,,Canonical product name,13,,1/3.06,1.12,,,,,,,,,https://helpix.ru/isensor/,Helpix smartphone sensor index,Added in ultra expansion; mobile-camera sensor index listing.,2019.0,Medium,,0,,,,0,,,,,,,,,,,No phone mapping,,,,,,,,,,,,,,,,
OmniVision,OV13B10,OMNIVISION:OV13B10,OV13B10,,,Canonical product name,13,4208 x 3120,1/3.06,1.12,---,,PDAF,,RGGB,,,ASUS Zenfone 12 Ultra; Xiaomi 14T,https://spinformation.info/all/smartphone-image-sensor/,SP information,,,Medium,,2,,,,0,ASUS Zenfone 12 Ultra,ASUS,Unknown,,,https://spinformation.info/all/smartphone-image-sensor/,Existing master Example_Phones,,Medium,PHONE:ASUSZENFONE12ULTRA,Not yet matched,,,,,,,,,,,,,,,,
OmniVision,OV13B10,OMNIVISION:OV13B10,OV13B10,,,Canonical product name,13,4208 x 3120,1/3.06,1.12,---,,PDAF,,RGGB,,,ASUS Zenfone 12 Ultra; Xiaomi 14T,https://spinformation.info/all/smartphone-image-sensor/,SP information,,,Medium,,2,,,,0,Xiaomi 14T,Xiaomi,Unknown,,,https://spinformation.info/all/smartphone-image-sensor/,Existing master Example_Phones,,Medium,PHONE:14T,Exact normalized model match,Xiaomi 14T,134,130,133,,,,,142,116,649,2024-09-26,V5,https://www.dxomark.com/smartphones/Xiaomi/14T,DXOMARK smartphone ranking,2026-09-27
OmniVision,OV16825,OMNIVISION:OV16825,OV16825,,,Canonical product name,16,,1/2.30,1.34,,,,,,,,,https://helpix.ru/isensor/,Helpix smartphone sensor index,Added in ultra expansion; mobile-camera sensor index listing.,2012.0,Medium,,0,,,,0,,,,,,,,,,,No phone mapping,,,,,,,,,,,,,,,,
OmniVision,OV16880,OMNIVISION:OV16880,OV16880,,,Canonical product name,16,,1/3.00,1.0,,,,,,,,,https://helpix.ru/isensor/,Helpix smartphone sensor index,Added in ultra expansion; mobile-camera sensor index listing.,2015.0,Medium,,0,,,,0,,,,,,,,,,,No phone mapping,,,,,,,,,,,,,,,,
OmniVision,OV16885,OMNIVISION:OV16885,OV16885,,,Canonical product name,16,,1/3.06,1.0,,,,,,,,,https://helpix.ru/isensor/,Helpix smartphone sensor index,Added in ultra expansion; mobile-camera sensor index listing.,2016.0,Medium,,0,,,,0,,,,,,,,,,,No phone mapping,,,,,,,,,,,,,,,,
OmniVision,OV16A,OMNIVISION:OV16A,OV16A,,,Canonical product name,16,,1/3.06,1.0,,,,,,,,,https://helpix.ru/isensor/,Helpix smartphone sensor index,Added in ultra expansion; mobile-camera sensor index listing.,2019.0,Medium,,0,,,,0,,,,,,,,,,,No phone mapping,,,,,,,,,,,,,,,,
OmniVision,OV16A10,OMNIVISION:OV16A10,OV16A10,,,Canonical product name,16,,1/3.06,1.0,---,,PDAF (2x1 ML),,RGGB,,,Black Shark 5 Pro,https://spinformation.info/all/smartphone-image-sensor/,SP information,,,Medium,,1,,,,0,Black Shark 5 Pro,Black,Unknown,,,https://spinformation.info/all/smartphone-image-sensor/,Existing master Example_Phones,,Medium,PHONE:BLACKSHARK5PRO,Exact normalized model match,Black Shark 5 Pro,101,105,104,,,,,100,105,636,2022-03-28,V5,https://www.dxomark.com/smartphones/Black-Shark/5-Pro,DXOMARK smartphone ranking,2026-09-27
OmniVision,OV16A1Q,OMNIVISION:OV16A1Q,OV16A1Q,,,Canonical product name,16,,1/3.06,1.0,---,,PDAF (2x1 ML),,RGGB,,,POCO F5 Pro,https://spinformation.info/all/smartphone-image-sensor/,SP information,,,Medium,,1,,,,0,POCO F5 Pro,Xiaomi,Unknown,,,https://spinformation.info/all/smartphone-image-sensor/,Existing master Example_Phones,,Medium,PHONE:POCOF5PRO,Not yet matched,,,,,,,,,,,,,,,,
OmniVision,OV16B10,OMNIVISION:OV16B10,OV16B10,,,Canonical product name,16,,1/2.76,1.12,,,,,,,,,https://helpix.ru/isensor/,Helpix smartphone sensor index,Added in ultra expansion; mobile-camera sensor index listing.,2017.0,Medium,,0,,,,0,,,,,,,,,,,No phone mapping,,,,,,,,,,,,,,,,
OmniVision,OV16E,OMNIVISION:OV16E,OV16E,,,Canonical product name,16,,1/2.77,1.12,,,,,,,,,https://helpix.ru/isensor/,Helpix smartphone sensor index,Added in ultra expansion; mobile-camera sensor index listing.,2018.0,Medium,,0,,,,0,,,,,,,,,,,No phone mapping,,,,,,,,,,,,,,,,
OmniVision,OV16E10,OMNIVISION:OV16E10,OV16E10,,,Canonical product name,16,4656 x 3496,1/2.77,1.12,---,,PDAF (2x1 ML),,RGGB,,,Nubia Red Magic 8 Pro,https://spinformation.info/all/smartphone-image-sensor/,SP information,,,Medium,,1,,,,0,Nubia Red Magic 8 Pro,nubia,Unknown,,,https://spinformation.info/all/smartphone-image-sensor/,Existing master Example_Phones,,Medium,PHONE:NUBIAREDMAGIC8PRO,Exact normalized model match,Nubia RedMagic 8 Pro,,,,,,,,,138,649,2023-02-02,,https://www.dxomark.com/smartphones/Nubia/RedMagic-8-Pro,DXOMARK smartphone ranking,2026-09-27
OmniVision,OV20880,OMNIVISION:OV20880,OV20880,,,Canonical product name,20,,1/2.76,1.0,,,,,,,,,https://helpix.ru/isensor/,Helpix smartphone sensor index,Added in ultra expansion; mobile-camera sensor index listing.,2016.0,Medium,,0,,,,0,,,,,,,,,,,No phone mapping,,,,,,,,,,,,,,,,
OmniVision,OV20B,OMNIVISION:OV20B,OV20B,,,Canonical product name,20,,1/4.00,0.8,,,,,,,,,https://helpix.ru/isensor/,Helpix smartphone sensor index,Added in ultra expansion; mobile-camera sensor index listing.,2023.0,Medium,,0,,,,0,,,,,,,,,,,No phone mapping,,,,,,,,,,,,,,,,
OmniVision,OV24A,OMNIVISION:OV24A,OV24A,,,Canonical product name,24,,1/2.83,0.9,,,,,,,,,https://helpix.ru/isensor/,Helpix smartphone sensor index,Added in ultra expansion; mobile-camera sensor index listing.,2018.0,Medium,,0,,,,0,,,,,,,,,,,No phone mapping,,,,,,,,,,,,,,,,
OmniVision,OV24B,OMNIVISION:OV24B,OV24B,,,Canonical product name,24,,1/2.83,0.9,4-in-1,,PDAF (2x2 ML),4-Cell HDR,4-Cell / RGB,,,TCL Plex; TCL 10 Pro,https://spinformation.info/all/smartphone-image-sensor/,Existing catalog / official + SP information,,2018.0,High,https://helpix.ru/isensor/,2,,,,0,TCL 10 Pro,TCL,Unknown,,,https://spinformation.info/all/smartphone-image-sensor/,Existing master Example_Phones,,High,PHONE:TCL10PRO,Not yet matched,,,,,,,,,,,,,,,,
OmniVision,OV24B,OMNIVISION:OV24B,OV24B,,,Canonical product name,24,,1/2.83,0.9,4-in-1,,PDAF (2x2 ML),4-Cell HDR,4-Cell / RGB,,,TCL Plex; TCL 10 Pro,https://spinformation.info/all/smartphone-image-sensor/,Existing catalog / official + SP information,,2018.0,High,https://helpix.ru/isensor/,2,,,,0,TCL Plex,TCL,Unknown,,,https://spinformation.info/all/smartphone-image-sensor/,Existing master Example_Phones,,High,PHONE:TCLPLEX,Not yet matched,,,,,,,,,,,,,,,,
OmniVision,OV2643,OMNIVISION:OV2643,OV2643,,,Canonical product name,2,,1/4.00,2.2,,,,,,,,,https://helpix.ru/isensor/,Helpix smartphone sensor index,Added in ultra expansion; mobile-camera sensor index listing.,2010.0,Medium,,0,,,,0,,,,,,,,,,,No phone mapping,,,,,,,,,,,,,,,,
OmniVision,OV2680,OMNIVISION:OV2680,OV2680,,,Canonical product name,2,,1/5.00,1.75,,,,,,,,,https://helpix.ru/isensor/,Helpix smartphone sensor index,Added in ultra expansion; mobile-camera sensor index listing.,2013.0,Medium,,0,,,,0,,,,,,,,,,,No phone mapping,,,,,,,,,,,,,,,,
OmniVision,OV2710,OMNIVISION:OV2710,OV2710,,,Canonical product name,2,,1/2.70,3.0,,,,,,,,,https://helpix.ru/isensor/,Helpix smartphone sensor index,Added in ultra expansion; mobile-camera sensor index listing.,2014.0,Medium,,0,,,,0,,,,,,,,,,,No phone mapping,,,,,,,,,,,,,,,,
OmniVision,OV32A,OMNIVISION:OV32A,OV32A,,,Canonical product name,32,,1/2.75,0.8,4-in-1,,,,4-Cell / RGGB,,,,https://spinformation.info/all/smartphone-image-sensor/,Existing catalog / official + SP information,,2019.0,High,https://helpix.ru/isensor/,0,,,,0,,,,,,,,,,,No phone mapping,,,,,,,,,,,,,,,,
OmniVision,OV32B,OMNIVISION:OV32B,OV32B,,,Canonical product name,32,,1/3.14,0.7,4-in-1,,PDAF (2x2 ML),Stagger HDR,4-Cell / RGGB,,,Xiaomi 12S; Xiaomi 12S Pro,https://spinformation.info/all/smartphone-image-sensor/,Existing catalog / official + SP information,,2021.0,High,https://helpix.ru/isensor/,2,,,,0,Xiaomi 12S,Xiaomi,Unknown,,,https://spinformation.info/all/smartphone-image-sensor/,Existing master Example_Phones,,High,PHONE:12S,Not yet matched,,,,,,,,,,,,,,,,
OmniVision,OV32B,OMNIVISION:OV32B,OV32B,,,Canonical product name,32,,1/3.14,0.7,4-in-1,,PDAF (2x2 ML),Stagger HDR,4-Cell / RGGB,,,Xiaomi 12S; Xiaomi 12S Pro,https://spinformation.info/all/smartphone-image-sensor/,Existing catalog / official + SP information,,2021.0,High,https://helpix.ru/isensor/,2,,,,0,Xiaomi 12S Pro,Xiaomi,Unknown,,,https://spinformation.info/all/smartphone-image-sensor/,Existing master Example_Phones,,High,PHONE:12SPRO,Not yet matched,,,,,,,,,,,,,,,,
OmniVision,OV32C,OMNIVISION:OV32C,OV32C,,,Canonical product name,32,,1/3.20,0.7,,,,,,,,,https://helpix.ru/isensor/,Helpix smartphone sensor index,Added in ultra expansion; mobile-camera sensor index listing.,2021.0,Medium,,0,,,,0,,,,,,,,,,,No phone mapping,,,,,,,,,,,,,,,,
OmniVision,OV32D,OMNIVISION:OV32D,OV32D,,,Canonical product name,32,,1/3.60,0.61,,,,,,,,,https://helpix.ru/isensor/,Helpix smartphone sensor index,Added in ultra expansion; mobile-camera sensor index listing.,2024.0,Medium,,0,,,,0,,,,,,,,,,,No phone mapping,,,,,,,,,,,,,,,,
OmniVision,OV40A,OMNIVISION:OV40A,OV40A,,,Canonical product name,40,,1/1.7,1.0,4-in-1,,PDAF (4-Cell HS),Stagger HDR,4-Cell / RGGB,,,HUAWEI Pura 70 Ultra,https://spinformation.info/all/smartphone-image-sensor/,Existing catalog / official + SP information,,,High,,1,,,,0,HUAWEI Pura 70 Ultra,Huawei,Unknown,,,https://spinformation.info/all/smartphone-image-sensor/,Existing master Example_Phones,,High,PHONE:PURA70ULTRA,Exact normalized model match,Huawei Pura 70 Ultra,163,167,155,,,,,,,1499,2024-04-29,V6,https://www.dxomark.com/smartphones/Huawei/Pura-70-Ultra,DXOMARK smartphone ranking,2026-09-27
OmniVision,OV4688,OMNIVISION:OV4688,OV4688,,,Canonical product name,4,,1/3.00,2.0,,,,,,,,,https://helpix.ru/isensor/,Helpix smartphone sensor index,Added in ultra expansion; mobile-camera sensor index listing.,2015.0,Medium,,0,,,,0,,,,,,,,,,,No phone mapping,,,,,,,,,,,,,,,,
OmniVision,OV48B,OMNIVISION:OV48B,OV48B,,,Canonical product name,48,,1/2.0,0.8,4-in-1,,PDAF (2x2 ML),,4-Cell / Color,,,OPPO A94 5G; Redmi Note 10 5G,https://spinformation.info/all/smartphone-image-sensor/,Existing catalog / official + SP information,,2019.0,High,https://helpix.ru/isensor/,2,,,,0,OPPO A94 5G,OPPO,Unknown,,,https://spinformation.info/all/smartphone-image-sensor/,Existing master Example_Phones,,High,PHONE:A945G,Exact normalized model match,Oppo A94 5G,93,94,88,,,,,,127,359,2021-04-01,V5,https://www.dxomark.com/smartphones/Oppo/A94-5G,DXOMARK smartphone ranking,2026-09-27
OmniVision,OV48B,OMNIVISION:OV48B,OV48B,,,Canonical product name,48,,1/2.0,0.8,4-in-1,,PDAF (2x2 ML),,4-Cell / Color,,,OPPO A94 5G; Redmi Note 10 5G,https://spinformation.info/all/smartphone-image-sensor/,Existing catalog / official + SP information,,2019.0,High,https://helpix.ru/isensor/,2,,,,0,Redmi Note 10 5G,Xiaomi,Unknown,,,https://spinformation.info/all/smartphone-image-sensor/,Existing master Example_Phones,,High,PHONE:REDMINOTE105G,Exact normalized model match,Xiaomi Redmi Note 10 5G,,,,,,,,,120,229,2021-03-04,,https://www.dxomark.com/smartphones/Xiaomi/Redmi-Note-10-5G,DXOMARK smartphone ranking,2026-09-27
OmniVision,OV48C,OMNIVISION:OV48C,OV48C,,,Canonical product name,48,,1/1.32,1.2,4-in-1,,PDAF (4-Cell HS),Stagger HDR; DCG combined,4-Cell / RGGB,,,Xiaomi Mi 10 Ultra,https://spinformation.info/all/smartphone-image-sensor/,Existing catalog / official + SP information,,,High,,1,,,,0,Xiaomi Mi 10 Ultra,Xiaomi,Unknown,,,https://spinformation.info/all/smartphone-image-sensor/,Existing master Example_Phones,,High,PHONE:MI10ULTRA,Exact normalized model match,Xiaomi Mi 10 Ultra,129,129,118,,,,115,103,,803,2020-08-01,V5,https://www.dxomark.com/smartphones/Xiaomi/Mi-10-Ultra,DXOMARK smartphone ranking,2026-09-27
OmniVision,OV50A,OMNIVISION:OV50A,OV50A,,,Canonical product name,50,,1/1.55,1.0,4-in-1,,QPD,Stagger HDR,Color,,,Motorola Edge 30; SHARP AQUOS R9,https://spinformation.info/all/smartphone-image-sensor/,Existing catalog / official + SP information,,2021.0,High,https://helpix.ru/isensor/,2,,,,0,Motorola Edge 30,Motorola,Unknown,,,https://spinformation.info/all/smartphone-image-sensor/,Existing master Example_Phones,,High,PHONE:EDGE30,Not yet matched,,,,,,,,,,,,,,,,
OmniVision,OV50A,OMNIVISION:OV50A,OV50A,,,Canonical product name,50,,1/1.55,1.0,4-in-1,,QPD,Stagger HDR,Color,,,Motorola Edge 30; SHARP AQUOS R9,https://spinformation.info/all/smartphone-image-sensor/,Existing catalog / official + SP information,,2021.0,High,https://helpix.ru/isensor/,2,,,,0,SHARP AQUOS R9,Sharp,Unknown,,,https://spinformation.info/all/smartphone-image-sensor/,Existing master Example_Phones,,High,PHONE:SHARPAQUOSR9,Not yet matched,,,,,,,,,,,,,,,,
OmniVision,OV50C,OMNIVISION:OV50C,OV50C,,,Canonical product name,50,,,,4-in-1,,,,,,,SHARP AQUOS R9; SHARP AQUOS R9 Pro,https://spinformation.info/all/smartphone-image-sensor/,Existing catalog / official + SP information,,,High,,2,,,,0,SHARP AQUOS R9,Sharp,Unknown,,,https://spinformation.info/all/smartphone-image-sensor/,Existing master Example_Phones,,High,PHONE:SHARPAQUOSR9,Not yet matched,,,,,,,,,,,,,,,,
OmniVision,OV50C,OMNIVISION:OV50C,OV50C,,,Canonical product name,50,,,,4-in-1,,,,,,,SHARP AQUOS R9; SHARP AQUOS R9 Pro,https://spinformation.info/all/smartphone-image-sensor/,Existing catalog / official + SP information,,,High,,2,,,,0,SHARP AQUOS R9 Pro,Sharp,Unknown,,,https://spinformation.info/all/smartphone-image-sensor/,Existing master Example_Phones,,High,PHONE:SHARPAQUOSR9PRO,Not yet matched,,,,,,,,,,,,,,,,
OmniVision,OV50C40,OMNIVISION:OV50C40,OV50C40,,,Canonical product name,50,,1/2.76,0.64,,,,,,,,,https://helpix.ru/isensor/,Helpix smartphone sensor index,Added in ultra expansion; mobile-camera sensor index listing.,,Medium,,0,,,,0,,,,,,,,,,,No phone mapping,,,,,,,,,,,,,,,,
OmniVision,OV50D,OMNIVISION:OV50D,OV50D,,,Canonical product name,50,,1/2.88,0.6,4-in-1,,PDAF (2x2 ML),Stagger HDR,4-Cell,,,Nubia Z70 Ultra; Nubia RedMagic 10 Pro,https://spinformation.info/all/smartphone-image-sensor/,Existing catalog / official + SP information,,2023.0,High,https://helpix.ru/isensor/,2,,,,0,Nubia RedMagic 10 Pro,nubia,Unknown,,,https://spinformation.info/all/smartphone-image-sensor/,Existing master Example_Phones,,High,PHONE:NUBIAREDMAGIC10PRO,Not yet matched,,,,,,,,,,,,,,,,
OmniVision,OV50D,OMNIVISION:OV50D,OV50D,,,Canonical product name,50,,1/2.88,0.6,4-in-1,,PDAF (2x2 ML),Stagger HDR,4-Cell,,,Nubia Z70 Ultra; Nubia RedMagic 10 Pro,https://spinformation.info/all/smartphone-image-sensor/,Existing catalog / official + SP information,,2023.0,High,https://helpix.ru/isensor/,2,,,,0,Nubia Z70 Ultra,nubia,Unknown,,,https://spinformation.info/all/smartphone-image-sensor/,Existing master Example_Phones,,High,PHONE:NUBIAZ70ULTRA,Not yet matched,,,,,,,,,,,,,,,,
OmniVision,OV50E,OMNIVISION:OV50E,OV50E,,,Canonical product name,50,,1/1.55,1.0,4-in-1,,QPD,Stagger HDR; DCG combined,4-Cell,,,HONOR Magic V3; POCO F6 Pro; Nubia Z80 Ultra,https://spinformation.info/all/smartphone-image-sensor/,Existing catalog / official + SP information,,2022.0,High,https://helpix.ru/isensor/,3,,,,0,HONOR Magic V3,HONOR,Unknown,,,https://spinformation.info/all/smartphone-image-sensor/,Existing master Example_Phones,,High,PHONE:MAGICV3,Exact normalized model match,Honor Magic V3,137,137,135,,,,,149,,1699,2024-07-19,V5,https://www.dxomark.com/smartphones/Honor/Magic-V3,DXOMARK smartphone ranking,2026-09-27
OmniVision,OV50E,OMNIVISION:OV50E,OV50E,,,Canonical product name,50,,1/1.55,1.0,4-in-1,,QPD,Stagger HDR; DCG combined,4-Cell,,,HONOR Magic V3; POCO F6 Pro; Nubia Z80 Ultra,https://spinformation.info/all/smartphone-image-sensor/,Existing catalog / official + SP information,,2022.0,High,https://helpix.ru/isensor/,3,,,,0,Nubia Z80 Ultra,nubia,Unknown,,,https://spinformation.info/all/smartphone-image-sensor/,Existing master Example_Phones,,High,PHONE:NUBIAZ80ULTRA,Not yet matched,,,,,,,,,,,,,,,,
OmniVision,OV50E,OMNIVISION:OV50E,OV50E,,,Canonical product name,50,,1/1.55,1.0,4-in-1,,QPD,Stagger HDR; DCG combined,4-Cell,,,HONOR Magic V3; POCO F6 Pro; Nubia Z80 Ultra,https://spinformation.info/all/smartphone-image-sensor/,Existing catalog / official + SP information,,2022.0,High,https://helpix.ru/isensor/,3,,,,0,POCO F6 Pro,Xiaomi,Unknown,,,https://spinformation.info/all/smartphone-image-sensor/,Existing master Example_Phones,,High,PHONE:POCOF6PRO,Not yet matched,,,,,,,,,,,,,,,,
OmniVision,OV50H,OMNIVISION:OV50H,OV50H,,,Canonical product name,50,,1/1.3,1.2,4-in-1,,QPD,Stagger HDR; DCG combined,Color,,,vivo X Fold3 Pro; iQOO 12; HONOR 200 Pro; Nothing Phone (3),https://spinformation.info/all/smartphone-image-sensor/,Existing catalog / official + SP information,,,High,,23,Rear Main,2023.0,2025.0,0,HONOR 200 Pro,HONOR,Unknown,,,https://spinformation.info/all/smartphone-image-sensor/,Existing master Example_Phones,,High,PHONE:200PRO,Exact normalized model match,Honor 200 Pro,137,138,134,,,,,151,145,530,2024-05-27,V5,https://www.dxomark.com/smartphones/Honor/200-Pro,DXOMARK smartphone ranking,2026-09-27
OmniVision,OV50H,OMNIVISION:OV50H,OV50H,,,Canonical product name,50,,1/1.3,1.2,4-in-1,,QPD,Stagger HDR; DCG combined,Color,,,vivo X Fold3 Pro; iQOO 12; HONOR 200 Pro; Nothing Phone (3),https://spinformation.info/all/smartphone-image-sensor/,Existing catalog / official + SP information,,,High,,23,Rear Main,2023.0,2025.0,0,iQOO 12,iQOO,Unknown,,,https://spinformation.info/all/smartphone-image-sensor/,Existing master Example_Phones,,High,PHONE:IQOO12,Not yet matched,,,,,,,,,,,,,,,,
OmniVision,OV50H,OMNIVISION:OV50H,OV50H,,,Canonical product name,50,,1/1.3,1.2,4-in-1,,QPD,Stagger HDR; DCG combined,Color,,,vivo X Fold3 Pro; iQOO 12; HONOR 200 Pro; Nothing Phone (3),https://spinformation.info/all/smartphone-image-sensor/,Existing catalog / official + SP information,,,High,,23,Rear Main,2023.0,2025.0,0,Vivo iQOO 12,vivo,Rear Main,2023.0,,https://helpix.ru/isensor/omnivision_ov50h/,Helpix sensor-phone mapping,,High,PHONE:IQOO12,Not yet matched,,,,,,,,,,,,,,,,
OmniVision,OV50H,OMNIVISION:OV50H,OV50H,,,Canonical product name,50,,1/1.3,1.2,4-in-1,,QPD,Stagger HDR; DCG combined,Color,,,vivo X Fold3 Pro; iQOO 12; HONOR 200 Pro; Nothing Phone (3),https://spinformation.info/all/smartphone-image-sensor/,Existing catalog / official + SP information,,,High,,23,Rear Main,2023.0,2025.0,0,Vivo iQOO 12 Pro,vivo,Rear Main,2023.0,,https://helpix.ru/isensor/omnivision_ov50h/,Helpix sensor-phone mapping,,High,PHONE:IQOO12PRO,Not yet matched,,,,,,,,,,,,,,,,
OmniVision,OV50H,OMNIVISION:OV50H,OV50H,,,Canonical product name,50,,1/1.3,1.2,4-in-1,,QPD,Stagger HDR; DCG combined,Color,,,vivo X Fold3 Pro; iQOO 12; HONOR 200 Pro; Nothing Phone (3),https://spinformation.info/all/smartphone-image-sensor/,Existing catalog / official + SP information,,,High,,23,Rear Main,2023.0,2025.0,0,Honor Magic7 Pro,HONOR,Rear Main,2024.0,,https://helpix.ru/isensor/omnivision_ov50h/,Helpix sensor-phone mapping,,High,PHONE:MAGIC7PRO,Exact normalized model match,Honor Magic7 Pro,148,148,149,,,,,153,,1299,2025-01-15,V6,https://www.dxomark.com/smartphones/Honor/Magic7-Pro,DXOMARK smartphone ranking,2026-09-27
OmniVision,OV50H,OMNIVISION:OV50H,OV50H,,,Canonical product name,50,,1/1.3,1.2,4-in-1,,QPD,Stagger HDR; DCG combined,Color,,,vivo X Fold3 Pro; iQOO 12; HONOR 200 Pro; Nothing Phone (3),https://spinformation.info/all/smartphone-image-sensor/,Existing catalog / official + SP information,,,High,,23,Rear Main,2023.0,2025.0,0,Meizu 21 Pro,Meizu,Rear Main,2024.0,,https://helpix.ru/isensor/omnivision_ov50h/,Helpix sensor-phone mapping,,High,PHONE:MEIZU21PRO,Not yet matched,,,,,,,,,,,,,,,,
OmniVision,OV50H,OMNIVISION:OV50H,OV50H,,,Canonical product name,50,,1/1.3,1.2,4-in-1,,QPD,Stagger HDR; DCG combined,Color,,,vivo X Fold3 Pro; iQOO 12; HONOR 200 Pro; Nothing Phone (3),https://spinformation.info/all/smartphone-image-sensor/,Existing catalog / official + SP information,,,High,,23,Rear Main,2023.0,2025.0,0,Motorola Edge 50 Ultra,Motorola,Rear Main,2024.0,,https://helpix.ru/isensor/omnivision_ov50h/,Helpix sensor-phone mapping,,High,PHONE:EDGE50ULTRA,Exact normalized model match,Motorola Edge 50 Ultra,146,150,134,,,,,,,999,2024-05-15,V5,https://www.dxomark.com/smartphones/Motorola/Edge-50-Ultra,DXOMARK smartphone ranking,2026-09-27
OmniVision,OV50H,OMNIVISION:OV50H,OV50H,,,Canonical product name,50,,1/1.3,1.2,4-in-1,,QPD,Stagger HDR; DCG combined,Color,,,vivo X Fold3 Pro; iQOO 12; HONOR 200 Pro; Nothing Phone (3),https://spinformation.info/all/smartphone-image-sensor/,Existing catalog / official + SP information,,,High,,23,Rear Main,2023.0,2025.0,0,Motorola Moto X50 Ultra,Motorola,Rear Main,2024.0,,https://helpix.ru/isensor/omnivision_ov50h/,Helpix sensor-phone mapping,,High,PHONE:MOTOX50ULTRA,Not yet matched,,,,,,,,,,,,,,,,
OmniVision,OV50H,OMNIVISION:OV50H,OV50H,,,Canonical product name,50,,1/1.3,1.2,4-in-1,,QPD,Stagger HDR; DCG combined,Color,,,vivo X Fold3 Pro; iQOO 12; HONOR 200 Pro; Nothing Phone (3),https://spinformation.info/all/smartphone-image-sensor/,Existing catalog / official + SP information,,,High,,23,Rear Main,2023.0,2025.0,0,Polestar Phone,Polestar,Rear Main,2024.0,,https://helpix.ru/isensor/omnivision_ov50h/,Helpix sensor-phone mapping,,High,PHONE:POLESTARPHONE,Not yet matched,,,,,,,,,,,,,,,,
OmniVision,OV50H,OMNIVISION:OV50H,OV50H,,,Canonical product name,50,,1/1.3,1.2,4-in-1,,QPD,Stagger HDR; DCG combined,Color,,,vivo X Fold3 Pro; iQOO 12; HONOR 200 Pro; Nothing Phone (3),https://spinformation.info/all/smartphone-image-sensor/,Existing catalog / official + SP information,,,High,,23,Rear Main,2023.0,2025.0,0,Tecno Phantom V Fold2,Tecno,Rear Main,2024.0,,https://helpix.ru/isensor/omnivision_ov50h/,Helpix sensor-phone mapping,,High,PHONE:TECNOPHANTOMVFOLD2,Not yet matched,,,,,,,,,,,,,,,,
OmniVision,OV50H,OMNIVISION:OV50H,OV50H,,,Canonical product name,50,,1/1.3,1.2,4-in-1,,QPD,Stagger HDR; DCG combined,Color,,,vivo X Fold3 Pro; iQOO 12; HONOR 200 Pro; Nothing Phone (3),https://spinformation.info/all/smartphone-image-sensor/,Existing catalog / official + SP information,,,High,,23,Rear Main,2023.0,2025.0,0,Vivo X Fold3 Pro,vivo,Rear Main,2024.0,,https://helpix.ru/isensor/omnivision_ov50h/,Helpix sensor-phone mapping,,High,PHONE:XFOLD3PRO,Exact normalized model match,Vivo X Fold3 Pro,,,,,,,,145,,1515,2024-04-23,,https://www.dxomark.com/smartphones/Vivo/X-Fold3-Pro,DXOMARK smartphone ranking,2026-09-27
OmniVision,OV50H,OMNIVISION:OV50H,OV50H,,,Canonical product name,50,,1/1.3,1.2,4-in-1,,QPD,Stagger HDR; DCG combined,Color,,,vivo X Fold3 Pro; iQOO 12; HONOR 200 Pro; Nothing Phone (3),https://spinformation.info/all/smartphone-image-sensor/,Existing catalog / official + SP information,,,High,,23,Rear Main,2023.0,2025.0,0,Honor Magic8 Pro,HONOR,Rear Main,2025.0,,https://helpix.ru/isensor/omnivision_ov50h/,Helpix sensor-phone mapping,,High,PHONE:MAGIC8PRO,Exact normalized model match,Honor Magic8 Pro,164,170,154,,,,,,,1299,2025-10-15,V6,https://www.dxomark.com/smartphones/Honor/Magic8-Pro,DXOMARK smartphone ranking,2026-09-27
OmniVision,OV50H,OMNIVISION:OV50H,OV50H,,,Canonical product name,50,,1/1.3,1.2,4-in-1,,QPD,Stagger HDR; DCG combined,Color,,,vivo X Fold3 Pro; iQOO 12; HONOR 200 Pro; Nothing Phone (3),https://spinformation.info/all/smartphone-image-sensor/,Existing catalog / official + SP information,,,High,,23,Rear Main,2023.0,2025.0,0,Meizu 22,Meizu,Rear Main,2025.0,,https://helpix.ru/isensor/omnivision_ov50h/,Helpix sensor-phone mapping,,High,PHONE:MEIZU22,Not yet matched,,,,,,,,,,,,,,,,
OmniVision,OV50H,OMNIVISION:OV50H,OV50H,,,Canonical product name,50,,1/1.3,1.2,4-in-1,,QPD,Stagger HDR; DCG combined,Color,,,vivo X Fold3 Pro; iQOO 12; HONOR 200 Pro; Nothing Phone (3),https://spinformation.info/all/smartphone-image-sensor/,Existing catalog / official + SP information,,,High,,23,Rear Main,2023.0,2025.0,0,Meizu 22 China Flagship,Meizu,Rear Main,2025.0,,https://helpix.ru/isensor/omnivision_ov50h/,Helpix sensor-phone mapping,,High,PHONE:MEIZU22CHINAFLAGSHIP,Not yet matched,,,,,,,,,,,,,,,,
OmniVision,OV50H,OMNIVISION:OV50H,OV50H,,,Canonical product name,50,,1/1.3,1.2,4-in-1,,QPD,Stagger HDR; DCG combined,Color,,,vivo X Fold3 Pro; iQOO 12; HONOR 200 Pro; Nothing Phone (3),https://spinformation.info/all/smartphone-image-sensor/,Existing catalog / official + SP information,,,High,,23,Rear Main,2023.0,2025.0,0,Nothing Phone (3),Nothing,Rear Main,2025.0,,https://helpix.ru/isensor/omnivision_ov50h/,Helpix sensor-phone mapping,,High,PHONE:NOTHINGPHONE3,Not yet matched,,,,,,,,,,,,,,,,
OmniVision,OV50H,OMNIVISION:OV50H,OV50H,,,Canonical product name,50,,1/1.3,1.2,4-in-1,,QPD,Stagger HDR; DCG combined,Color,,,vivo X Fold3 Pro; iQOO 12; HONOR 200 Pro; Nothing Phone (3),https://spinformation.info/all/smartphone-image-sensor/,Existing catalog / official + SP information,,,High,,23,Rear Main,2023.0,2025.0,0,Ulefone Armor 30,Ulefone,Rear Main,2025.0,,https://helpix.ru/isensor/omnivision_ov50h/,Helpix sensor-phone mapping,,High,PHONE:ULEFONEARMOR30,Not yet matched,,,,,,,,,,,,,,,,
OmniVision,OV50H,OMNIVISION:OV50H,OV50H,,,Canonical product name,50,,1/1.3,1.2,4-in-1,,QPD,Stagger HDR; DCG combined,Color,,,vivo X Fold3 Pro; iQOO 12; HONOR 200 Pro; Nothing Phone (3),https://spinformation.info/all/smartphone-image-sensor/,Existing catalog / official + SP information,,,High,,23,Rear Main,2023.0,2025.0,0,Ulefone Armor 30 Pro,Ulefone,Rear Main,2025.0,,https://helpix.ru/isensor/omnivision_ov50h/,Helpix sensor-phone mapping,,High,PHONE:ULEFONEARMOR30PRO,Not yet matched,,,,,,,,,,,,,,,,
OmniVision,OV50H,OMNIVISION:OV50H,OV50H,,,Canonical product name,50,,1/1.3,1.2,4-in-1,,QPD,Stagger HDR; DCG combined,Color,,,vivo X Fold3 Pro; iQOO 12; HONOR 200 Pro; Nothing Phone (3),https://spinformation.info/all/smartphone-image-sensor/,Existing catalog / official + SP information,,,High,,23,Rear Main,2023.0,2025.0,0,Ulefone Armor 33,Ulefone,Rear Main,2025.0,,https://helpix.ru/isensor/omnivision_ov50h/,Helpix sensor-phone mapping,,High,PHONE:ULEFONEARMOR33,Not yet matched,,,,,,,,,,,,,,,,
OmniVision,OV50H,OMNIVISION:OV50H,OV50H,,,Canonical product name,50,,1/1.3,1.2,4-in-1,,QPD,Stagger HDR; DCG combined,Color,,,vivo X Fold3 Pro; iQOO 12; HONOR 200 Pro; Nothing Phone (3),https://spinformation.info/all/smartphone-image-sensor/,Existing catalog / official + SP information,,,High,,23,Rear Main,2023.0,2025.0,0,Ulefone Armor 33 Pro,Ulefone,Rear Main,2025.0,,https://helpix.ru/isensor/omnivision_ov50h/,Helpix sensor-phone mapping,,High,PHONE:ULEFONEARMOR33PRO,Not yet matched,,,,,,,,,,,,,,,,
OmniVision,OV50H,OMNIVISION:OV50H,OV50H,,,Canonical product name,50,,1/1.3,1.2,4-in-1,,QPD,Stagger HDR; DCG combined,Color,,,vivo X Fold3 Pro; iQOO 12; HONOR 200 Pro; Nothing Phone (3),https://spinformation.info/all/smartphone-image-sensor/,Existing catalog / official + SP information,,,High,,23,Rear Main,2023.0,2025.0,0,Ulefone Armor 34,Ulefone,Rear Main,2025.0,,https://helpix.ru/isensor/omnivision_ov50h/,Helpix sensor-phone mapping,,High,PHONE:ULEFONEARMOR34,Not yet matched,,,,,,,,,,,,,,,,
OmniVision,OV50H,OMNIVISION:OV50H,OV50H,,,Canonical product name,50,,1/1.3,1.2,4-in-1,,QPD,Stagger HDR; DCG combined,Color,,,vivo X Fold3 Pro; iQOO 12; HONOR 200 Pro; Nothing Phone (3),https://spinformation.info/all/smartphone-image-sensor/,Existing catalog / official + SP information,,,High,,23,Rear Main,2023.0,2025.0,0,Ulefone Armor 34 Pro,Ulefone,Rear Main,2025.0,,https://helpix.ru/isensor/omnivision_ov50h/,Helpix sensor-phone mapping,,High,PHONE:ULEFONEARMOR34PRO,Not yet matched,,,,,,,,,,,,,,,,
OmniVision,OV50H,OMNIVISION:OV50H,OV50H,,,Canonical product name,50,,1/1.3,1.2,4-in-1,,QPD,Stagger HDR; DCG combined,Color,,,vivo X Fold3 Pro; iQOO 12; HONOR 200 Pro; Nothing Phone (3),https://spinformation.info/all/smartphone-image-sensor/,Existing catalog / official + SP information,,,High,,23,Rear Main,2023.0,2025.0,0,Ulefone Armor 34 Pro+,Ulefone,Rear Main,2025.0,,https://helpix.ru/isensor/omnivision_ov50h/,Helpix sensor-phone mapping,,High,PHONE:ULEFONEARMOR34PRO,Not yet matched,,,,,,,,,,,,,,,,
OmniVision,OV50H,OMNIVISION:OV50H,OV50H,,,Canonical product name,50,,1/1.3,1.2,4-in-1,,QPD,Stagger HDR; DCG combined,Color,,,vivo X Fold3 Pro; iQOO 12; HONOR 200 Pro; Nothing Phone (3),https://spinformation.info/all/smartphone-image-sensor/,Existing catalog / official + SP information,,,High,,23,Rear Main,2023.0,2025.0,0,Ulefone Armor 34+,Ulefone,Rear Main,2025.0,,https://helpix.ru/isensor/omnivision_ov50h/,Helpix sensor-phone mapping,,High,PHONE:ULEFONEARMOR34,Not yet matched,,,,,,,,,,,,,,,,
OmniVision,OV50K,OMNIVISION:OV50K,OV50K,,,Canonical product name,50,,1/1.3,1.2,4-in-1,,QPD,Stagger HDR; DCG combined,4-Cell,,,HUAWEI Mate 70 Pro; Mate X6,https://spinformation.info/all/smartphone-image-sensor/,Existing catalog / official + SP information,,,High,,2,,,,0,HUAWEI Mate 70 Pro,Huawei,Unknown,,,https://spinformation.info/all/smartphone-image-sensor/,Existing master Example_Phones,,High,PHONE:MATE70PRO,Not yet matched,,,,,,,,,,,,,,,,
OmniVision,OV50K,OMNIVISION:OV50K,OV50K,,,Canonical product name,50,,1/1.3,1.2,4-in-1,,QPD,Stagger HDR; DCG combined,4-Cell,,,HUAWEI Mate 70 Pro; Mate X6,https://spinformation.info/all/smartphone-image-sensor/,Existing catalog / official + SP information,,,High,,2,,,,0,Mate X6,Mate,Unknown,,,https://spinformation.info/all/smartphone-image-sensor/,Existing master Example_Phones,,High,PHONE:MATEX6,Not yet matched,,,,,,,,,,,,,,,,
OmniVision,OV50K40,OMNIVISION:OV50K40,OV50K40,,,Canonical product name,50,,1/1.30,1.2,,,,,,,,,https://helpix.ru/isensor/,Helpix smartphone sensor index,Added in ultra expansion; mobile-camera sensor index listing.,2024.0,Medium,,0,,,,0,,,,,,,,,,,No phone mapping,,,,,,,,,,,,,,,,
OmniVision,OV50M,OMNIVISION:OV50M,OV50M,,,Canonical product name,50,,1/2.88,0.61,4-in-1,,PDAF (2x2 ML),Stagger HDR; DAG-HDR,4-Cell,,,POCO F8 Pro,https://spinformation.info/all/smartphone-image-sensor/,Existing catalog / official + SP information,,2024.0,High,https://helpix.ru/isensor/,1,,,,0,POCO F8 Pro,Xiaomi,Unknown,,,https://spinformation.info/all/smartphone-image-sensor/,Existing master Example_Phones,,High,PHONE:POCOF8PRO,Not yet matched,,,,,,,,,,,,,,,,
OmniVision,OV50N,OMNIVISION:OV50N,OV50N,,,Canonical product name,50,,,,4-in-1,,,,,,,,https://spinformation.info/all/smartphone-image-sensor/,Existing catalog / official + SP information,,,High,,0,,,,0,,,,,,,,,,,No phone mapping,,,,,,,,,,,,,,,,
OmniVision,OV50Q,OMNIVISION:OV50Q,OV50Q,,,Canonical product name,50,,1/1.28,1.2,,,,,,,,,https://helpix.ru/isensor/,Helpix smartphone sensor index,Added in ultra expansion; mobile-camera sensor index listing.,2025.0,Medium,,0,,,,0,,,,,,,,,,,No phone mapping,,,,,,,,,,,,,,,,
OmniVision,OV50T,OMNIVISION:OV50T,OV50T,,,Canonical product name,50,,1/1.56,1.0,,,,,,,,,https://helpix.ru/isensor/,Helpix smartphone sensor index,Added in ultra expansion; mobile-camera sensor index listing.,2026.0,Medium,,0,,,,0,,,,,,,,,,,No phone mapping,,,,,,,,,,,,,,,,
OmniVision,OV50X,OMNIVISION:OV50X,OV50X,,,Canonical product name,50,,1/1.00,1.6,4-in-1,,,,,,,,https://spinformation.info/all/smartphone-image-sensor/,Existing catalog / official + SP information,,2025.0,High,https://helpix.ru/isensor/,0,,,,0,,,,,,,,,,,No phone mapping,,,,,,,,,,,,,,,,
OmniVision,OV51A,OMNIVISION:OV51A,OV51A,,,Canonical product name,50,,1/1.95,0.8,,,,,,,,,https://helpix.ru/isensor/,Helpix smartphone sensor index,Added in ultra expansion; mobile-camera sensor index listing.,2026.0,Medium,,0,,,,0,,,,,,,,,,,No phone mapping,,,,,,,,,,,,,,,,
OmniVision,OV52A,OMNIVISION:OV52A,OV52A,,,Canonical product name,200,,1/1.28,0.61,,,,,,,,,https://helpix.ru/isensor/,Helpix smartphone sensor index,Added in ultra expansion; mobile-camera sensor index listing.,2026.0,Medium,,0,,,,0,,,,,,,,,,,No phone mapping,,,,,,,,,,,,,,,,
OmniVision,OV5640,OMNIVISION:OV5640,OV5640,,,Canonical product name,5,,1/4.00,1.4,,,,,,,,,https://helpix.ru/isensor/,Helpix smartphone sensor index,Added in ultra expansion; mobile-camera sensor index listing.,2010.0,Medium,,0,,,,0,,,,,,,,,,,No phone mapping,,,,,,,,,,,,,,,,
OmniVision,OV5650,OMNIVISION:OV5650,OV5650,,,Canonical product name,5,,1/3.20,1.75,,,,,,,,,https://helpix.ru/isensor/,Helpix smartphone sensor index,Added in ultra expansion; mobile-camera sensor index listing.,2010.0,Medium,,0,,,,0,,,,,,,,,,,No phone mapping,,,,,,,,,,,,,,,,
OmniVision,OV5675,OMNIVISION:OV5675,OV5675,,,Canonical product name,5,,1/5.00,1.12,,,,,,,,,https://helpix.ru/isensor/,Helpix smartphone sensor index,Added in ultra expansion; mobile-camera sensor index listing.,2015.0,Medium,,0,,,,0,,,,,,,,,,,No phone mapping,,,,,,,,,,,,,,,,
OmniVision,OV5695,OMNIVISION:OV5695,OV5695,,,Canonical product name,5,,1/4.00,1.4,,,,,,,,,https://helpix.ru/isensor/,Helpix smartphone sensor index,Added in ultra expansion; mobile-camera sensor index listing.,2015.0,Medium,,0,,,,0,,,,,,,,,,,No phone mapping,,,,,,,,,,,,,,,,
OmniVision,OV60A,OMNIVISION:OV60A,OV60A,,,Canonical product name,60,,1/2.61,0.61,4-in-1,,,Stagger HDR,Color,,,,https://spinformation.info/all/smartphone-image-sensor/,Existing catalog / official + SP information,,2021.0,High,https://helpix.ru/isensor/,0,,,,0,,,,,,,,,,,No phone mapping,,,,,,,,,,,,,,,,
OmniVision,OV64A,OMNIVISION:OV64A,OV64A,,,Canonical product name,64,9248 x 6944,1/1.32,1.0,4in1,,PDAF (4-Cell HS),4-Cell HDR,Color,,,Lenovo Legion Y90; Lenovo Legion 2 Pro,https://spinformation.info/all/smartphone-image-sensor/,SP information,,,Medium,,2,,,,0,Lenovo Legion 2 Pro,Lenovo,Unknown,,,https://spinformation.info/all/smartphone-image-sensor/,Existing master Example_Phones,,Medium,PHONE:LENOVOLEGION2PRO,Not yet matched,,,,,,,,,,,,,,,,
OmniVision,OV64A,OMNIVISION:OV64A,OV64A,,,Canonical product name,64,9248 x 6944,1/1.32,1.0,4in1,,PDAF (4-Cell HS),4-Cell HDR,Color,,,Lenovo Legion Y90; Lenovo Legion 2 Pro,https://spinformation.info/all/smartphone-image-sensor/,SP information,,,Medium,,2,,,,0,Lenovo Legion Y90,Lenovo,Unknown,,,https://spinformation.info/all/smartphone-image-sensor/,Existing master Example_Phones,,Medium,PHONE:LENOVOLEGIONY90,Not yet matched,,,,,,,,,,,,,,,,
OmniVision,OV64B,OMNIVISION:OV64B,OV64B,,,Canonical product name,64,9248 x 6944,1/2.0,0.7,4in1,4500e-,PDAF (2x2 ML),Stagger HDR,4-Cell / Color,,,Nubia Z80 Ultra; Nubia Z70 Ultra; Redmi K60; POCO F5,https://spinformation.info/all/smartphone-image-sensor/,SP information,,,Medium,,4,,,,0,Nubia Z70 Ultra,nubia,Unknown,,,https://spinformation.info/all/smartphone-image-sensor/,Existing master Example_Phones,,Medium,PHONE:NUBIAZ70ULTRA,Not yet matched,,,,,,,,,,,,,,,,
OmniVision,OV64B,OMNIVISION:OV64B,OV64B,,,Canonical product name,64,9248 x 6944,1/2.0,0.7,4in1,4500e-,PDAF (2x2 ML),Stagger HDR,4-Cell / Color,,,Nubia Z80 Ultra; Nubia Z70 Ultra; Redmi K60; POCO F5,https://spinformation.info/all/smartphone-image-sensor/,SP information,,,Medium,,4,,,,0,Nubia Z80 Ultra,nubia,Unknown,,,https://spinformation.info/all/smartphone-image-sensor/,Existing master Example_Phones,,Medium,PHONE:NUBIAZ80ULTRA,Not yet matched,,,,,,,,,,,,,,,,
OmniVision,OV64B,OMNIVISION:OV64B,OV64B,,,Canonical product name,64,9248 x 6944,1/2.0,0.7,4in1,4500e-,PDAF (2x2 ML),Stagger HDR,4-Cell / Color,,,Nubia Z80 Ultra; Nubia Z70 Ultra; Redmi K60; POCO F5,https://spinformation.info/all/smartphone-image-sensor/,SP information,,,Medium,,4,,,,0,POCO F5,Xiaomi,Unknown,,,https://spinformation.info/all/smartphone-image-sensor/,Existing master Example_Phones,,Medium,PHONE:POCOF5,Not yet matched,,,,,,,,,,,,,,,,
OmniVision,OV64B,OMNIVISION:OV64B,OV64B,,,Canonical product name,64,9248 x 6944,1/2.0,0.7,4in1,4500e-,PDAF (2x2 ML),Stagger HDR,4-Cell / Color,,,Nubia Z80 Ultra; Nubia Z70 Ultra; Redmi K60; POCO F5,https://spinformation.info/all/smartphone-image-sensor/,SP information,,,Medium,,4,,,,0,Redmi K60,Xiaomi,Unknown,,,https://spinformation.info/all/smartphone-image-sensor/,Existing master Example_Phones,,Medium,PHONE:REDMIK60,Not yet matched,,,,,,,,,,,,,,,,
OmniVision,OV64C,OMNIVISION:OV64C,OV64C,,,Canonical product name,64,,1/1.7,0.8,4-in-1,,PDAF (2x2 ML),Stagger HDR,4-Cell / RGGB,,,,https://spinformation.info/all/smartphone-image-sensor/,Existing catalog / official + SP information,,,High,,0,,,,0,,,,,,,,,,,No phone mapping,,,,,,,,,,,,,,,,
OmniVision,OV64E,OMNIVISION:OV64E,OV64E,,,Canonical product name,50,,1/1.56,1.0,,,,,,,,,https://helpix.ru/isensor/,Helpix smartphone sensor index,Added in ultra expansion; mobile-camera sensor index listing.,2021.0,Medium,,0,,,,0,,,,,,,,,,,No phone mapping,,,,,,,,,,,,,,,,
OmniVision,OV8856,OMNIVISION:OV8856,OV8856,,,Canonical product name,8,,1/4,1.12,,,,iHDR,RGGB,,,China Mobile A3S; Panasonic P9; BQ Aquaris U Lite,https://spinformation.info/all/smartphone-image-sensor/,SP information,,,Medium,,3,,,,0,BQ Aquaris U Lite,BQ,Unknown,,,https://spinformation.info/all/smartphone-image-sensor/,Existing master Example_Phones,,Medium,PHONE:BQAQUARISULITE,Not yet matched,,,,,,,,,,,,,,,,
OmniVision,OV8856,OMNIVISION:OV8856,OV8856,,,Canonical product name,8,,1/4,1.12,,,,iHDR,RGGB,,,China Mobile A3S; Panasonic P9; BQ Aquaris U Lite,https://spinformation.info/all/smartphone-image-sensor/,SP information,,,Medium,,3,,,,0,China Mobile A3S,China,Unknown,,,https://spinformation.info/all/smartphone-image-sensor/,Existing master Example_Phones,,Medium,PHONE:CHINAMOBILEA3S,Not yet matched,,,,,,,,,,,,,,,,
OmniVision,OV8856,OMNIVISION:OV8856,OV8856,,,Canonical product name,8,,1/4,1.12,,,,iHDR,RGGB,,,China Mobile A3S; Panasonic P9; BQ Aquaris U Lite,https://spinformation.info/all/smartphone-image-sensor/,SP information,,,Medium,,3,,,,0,Panasonic P9,Panasonic,Unknown,,,https://spinformation.info/all/smartphone-image-sensor/,Existing master Example_Phones,,Medium,PHONE:PANASONICP9,Not yet matched,,,,,,,,,,,,,,,,
OmniVision,OV8858,OMNIVISION:OV8858,OV8858,,,Canonical product name,8,,1/4,1.12,,,,Alternate Row HDR,RGGB,,,Blackview A60 Plus; Zopo Color S5.5; ZTE Blade A452,https://spinformation.info/all/smartphone-image-sensor/,SP information,,,Medium,,3,,,,0,Blackview A60 Plus,Blackview,Unknown,,,https://spinformation.info/all/smartphone-image-sensor/,Existing master Example_Phones,,Medium,PHONE:BLACKVIEWA60PLUS,Not yet matched,,,,,,,,,,,,,,,,
OmniVision,OV8858,OMNIVISION:OV8858,OV8858,,,Canonical product name,8,,1/4,1.12,,,,Alternate Row HDR,RGGB,,,Blackview A60 Plus; Zopo Color S5.5; ZTE Blade A452,https://spinformation.info/all/smartphone-image-sensor/,SP information,,,Medium,,3,,,,0,ZTE Blade A452,ZTE,Unknown,,,https://spinformation.info/all/smartphone-image-sensor/,Existing master Example_Phones,,Medium,PHONE:ZTEBLADEA452,Not yet matched,,,,,,,,,,,,,,,,
OmniVision,OV8858,OMNIVISION:OV8858,OV8858,,,Canonical product name,8,,1/4,1.12,,,,Alternate Row HDR,RGGB,,,Blackview A60 Plus; Zopo Color S5.5; ZTE Blade A452,https://spinformation.info/all/smartphone-image-sensor/,SP information,,,Medium,,3,,,,0,Zopo Color S5.5,Zopo,Unknown,,,https://spinformation.info/all/smartphone-image-sensor/,Existing master Example_Phones,,Medium,PHONE:ZOPOCOLORS55,Not yet matched,,,,,,,,,,,,,,,,
OmniVision,OV8865,OMNIVISION:OV8865,OV8865,,,Canonical product name,8,,1/3.2,1.4,,,,,RGGB,,,Fairphone 2; Xiaomi Redmi 2; Wileyfox Spark,https://spinformation.info/all/smartphone-image-sensor/,SP information,,,Medium,,3,,,,0,Fairphone 2,Fairphone,Unknown,,,https://spinformation.info/all/smartphone-image-sensor/,Existing master Example_Phones,,Medium,PHONE:FAIRPHONE2,Not yet matched,,,,,,,,,,,,,,,,
OmniVision,OV8865,OMNIVISION:OV8865,OV8865,,,Canonical product name,8,,1/3.2,1.4,,,,,RGGB,,,Fairphone 2; Xiaomi Redmi 2; Wileyfox Spark,https://spinformation.info/all/smartphone-image-sensor/,SP information,,,Medium,,3,,,,0,Wileyfox Spark,Wileyfox,Unknown,,,https://spinformation.info/all/smartphone-image-sensor/,Existing master Example_Phones,,Medium,PHONE:WILEYFOXSPARK,Not yet matched,,,,,,,,,,,,,,,,
OmniVision,OV8865,OMNIVISION:OV8865,OV8865,,,Canonical product name,8,,1/3.2,1.4,,,,,RGGB,,,Fairphone 2; Xiaomi Redmi 2; Wileyfox Spark,https://spinformation.info/all/smartphone-image-sensor/,SP information,,,Medium,,3,,,,0,Xiaomi Redmi 2,Xiaomi,Unknown,,,https://spinformation.info/all/smartphone-image-sensor/,Existing master Example_Phones,,Medium,PHONE:REDMI2,Not yet matched,,,,,,,,,,,,,,,,
OmniVision,OV8D1,OMNIVISION:OV8D1,OV8D1,,,Canonical product name,8,,,,,,,,,,,,https://helpix.ru/isensor/,Helpix smartphone sensor index,Added in ultra expansion; mobile-camera sensor index listing.,2023.0,Medium,,0,,,,0,,,,,,,,,,,No phone mapping,,,,,,,,,,,,,,,,
OmniVision,OV9762,OMNIVISION:OV9762,OV9762,,,Canonical product name,1.3,,1/5.70,1.87,,,,,,,,,https://helpix.ru/isensor/,Helpix smartphone sensor index,Added in ultra expansion; mobile-camera sensor index listing.,2014.0,Medium,,0,,,,0,,,,,,,,,,,No phone mapping,,,,,,,,,,,,,,,,
OmniVision,OV990,OMNIVISION:OV990,OV990,,,Canonical product name,50,,1/1.3,1.2,4-in-1,,All-pixel PDAF,,,,,Nubia Z80 Ultra,https://spinformation.info/all/smartphone-image-sensor/,Existing catalog / official + SP information,,,High,,1,,,,0,Nubia Z80 Ultra,nubia,Unknown,,,https://spinformation.info/all/smartphone-image-sensor/,Existing master Example_Phones,,High,PHONE:NUBIAZ80ULTRA,Not yet matched,,,,,,,,,,,,,,,,
OmniVision,OVA0B,OMNIVISION:OVA0B,OVA0B,,,Canonical product name,100,11584 x 8688,1/1.8,0.6,4in1,,PDAF (2x2 ML),Stagger HDR,Color,,,,https://spinformation.info/all/smartphone-image-sensor/,SP information,,2023.0,Medium-High,https://helpix.ru/isensor/,0,,,,0,,,,,,,,,,,No phone mapping,,,,,,,,,,,,,,,,
OmniVision,OVB0A,OMNIVISION:OVB0A,OVB0A,,,Canonical product name,200,16384 x 12288,1/1.395,0.56,16in1,,All-pixel PDAF (QPD),Stagger HDR,16-Cell / RGGB,,,,https://spinformation.info/all/smartphone-image-sensor/,SP information,,,Medium,,0,,,,0,,,,,,,,,,,No phone mapping,,,,,,,,,,,,,,,,
OmniVision,OVB0B,OMNIVISION:OVB0B,OVB0B,,,Canonical product name,200,16384 x 12288,1/1.28,0.61,16in1,,All-pixel PDAF (QPD),Stagger HDR,4-Cell / Color,,,,https://spinformation.info/all/smartphone-image-sensor/,SP information,,,Medium,,0,,,,0,,,,,,,,,,,No phone mapping,,,,,,,,,,,,,,,,
OmniVision,OVH9000,OMNIVISION:OVH9000,OVH9000,,,Canonical product name,50,,1/1.30,1.12,,,,,,,,,https://helpix.ru/isensor/,Helpix smartphone sensor index,Added in ultra expansion; mobile-camera sensor index listing.,2024.0,Medium,,0,,,,0,,,,,,,,,,,No phone mapping,,,,,,,,,,,,,,,,
OmniVision,OVH9000 / OV50H,OMNIVISION:OVH9000 / OV50H,OVH9000 / OV50H,,,Canonical product name,50,,1/1.3,1.2,4-in-1,,QPD,DCG combined,,,,HONOR Magic 6; HONOR Magic 7; HONOR Magic 8 Pro,https://spinformation.info/all/smartphone-image-sensor/,Existing catalog / official + SP information,Alias pairing shown in SP information.,,High,,3,,,,0,HONOR Magic 6,HONOR,Unknown,,,https://spinformation.info/all/smartphone-image-sensor/,Existing master Example_Phones,,High,PHONE:MAGIC6,Not yet matched,,,,,,,,,,,,,,,,
OmniVision,OVH9000 / OV50H,OMNIVISION:OVH9000 / OV50H,OVH9000 / OV50H,,,Canonical product name,50,,1/1.3,1.2,4-in-1,,QPD,DCG combined,,,,HONOR Magic 6; HONOR Magic 7; HONOR Magic 8 Pro,https://spinformation.info/all/smartphone-image-sensor/,Existing catalog / official + SP information,Alias pairing shown in SP information.,,High,,3,,,,0,HONOR Magic 7,HONOR,Unknown,,,https://spinformation.info/all/smartphone-image-sensor/,Existing master Example_Phones,,High,PHONE:MAGIC7,Not yet matched,,,,,,,,,,,,,,,,
OmniVision,OVH9000 / OV50H,OMNIVISION:OVH9000 / OV50H,OVH9000 / OV50H,,,Canonical product name,50,,1/1.3,1.2,4-in-1,,QPD,DCG combined,,,,HONOR Magic 6; HONOR Magic 7; HONOR Magic 8 Pro,https://spinformation.info/all/smartphone-image-sensor/,Existing catalog / official + SP information,Alias pairing shown in SP information.,,High,,3,,,,0,HONOR Magic 8 Pro,HONOR,Unknown,,,https://spinformation.info/all/smartphone-image-sensor/,Existing master Example_Phones,,High,PHONE:MAGIC8PRO,Exact normalized model match,Honor Magic8 Pro,164,170,154,,,,,,,1299,2025-10-15,V6,https://www.dxomark.com/smartphones/Honor/Magic8-Pro,DXOMARK smartphone ranking,2026-09-27
OmniVision,OVH9800,OMNIVISION:OVH9800,OVH9800,,,Canonical product name,50,,1/1.3,1.2,4-in-1,,QPD,Stagger HDR; DCG combined,4-Cell,,,HONOR Magic 6 RSR; HONOR Magic 6 Ultimate,https://spinformation.info/all/smartphone-image-sensor/,Existing catalog / official + SP information,,,High,,2,,,,0,HONOR Magic 6 RSR,HONOR,Unknown,,,https://spinformation.info/all/smartphone-image-sensor/,Existing master Example_Phones,,High,PHONE:MAGIC6RSR,Not yet matched,,,,,,,,,,,,,,,,
OmniVision,OVH9800,OMNIVISION:OVH9800,OVH9800,,,Canonical product name,50,,1/1.3,1.2,4-in-1,,QPD,Stagger HDR; DCG combined,4-Cell,,,HONOR Magic 6 RSR; HONOR Magic 6 Ultimate,https://spinformation.info/all/smartphone-image-sensor/,Existing catalog / official + SP information,,,High,,2,,,,0,HONOR Magic 6 Ultimate,HONOR,Unknown,,,https://spinformation.info/all/smartphone-image-sensor/,Existing master Example_Phones,,High,PHONE:MAGIC6ULTIMATE,Not yet matched,,,,,,,,,,,,,,,,
OmniVision,OVX9000,OMNIVISION:OVX9000,OVX9000,,,Canonical product name,50,,1/1.31,1.2,4-in-1,,QPD,Stagger HDR; DCG combined,Color,,,Xiaomi 15S Pro,https://spinformation.info/all/smartphone-image-sensor/,Existing catalog / official + SP information,,,High,,1,,,,0,Xiaomi 15S Pro,Xiaomi,Unknown,,,https://spinformation.info/all/smartphone-image-sensor/,Existing master Example_Phones,,High,PHONE:15SPRO,Not yet matched,,,,,,,,,,,,,,,,
Panasonic,MN34152,PANASONIC:MN34152,MN34152,,,Canonical product name,13,,,,,,,,,,,,https://helpix.ru/isensor/,Helpix smartphone sensor index,Added in ultra expansion; mobile-camera sensor index listing.,2016.0,Medium,,0,,,,0,,,,,,,,,,,No phone mapping,,,,,,,,,,,,,,,,
Panasonic,MN34153,PANASONIC:MN34153,MN34153,,,Canonical product name,13,,,,,,,,,,,,https://helpix.ru/isensor/,Helpix smartphone sensor index,Added in ultra expansion; mobile-camera sensor index listing.,2016.0,Medium,,0,,,,0,,,,,,,,,,,No phone mapping,,,,,,,,,,,,,,,,
SK hynix,Hi-1332,SK_HYNIX:Hi-1332,Hi-1332,,,Canonical product name,13,,1/3.00,1.12,,,,,,,,,https://helpix.ru/isensor/,Helpix smartphone sensor index,Added in ultra expansion; mobile-camera sensor index listing.,2016.0,Medium,,0,,,,0,,,,,,,,,,,No phone mapping,,,,,,,,,,,,,,,,
SK hynix,Hi-1333,SK_HYNIX:Hi-1333,Hi-1333,,,Canonical product name,13,,1/3.00,1.12,,,,,,,,,https://helpix.ru/isensor/,Helpix smartphone sensor index,Added in ultra expansion; mobile-camera sensor index listing.,2017.0,Medium,,0,,,,0,,,,,,,,,,,No phone mapping,,,,,,,,,,,,,,,,
SK hynix,Hi-1336,SK_HYNIX:Hi-1336,Hi-1336,,,Canonical product name,13,,1/3.00,1.12,,,,,,,,,https://helpix.ru/isensor/,Helpix smartphone sensor index,Added in ultra expansion; mobile-camera sensor index listing.,2019.0,Medium,,0,,,,0,,,,,,,,,,,No phone mapping,,,,,,,,,,,,,,,,
SK hynix,Hi-1337,SK_HYNIX:Hi-1337,Hi-1337,,,Canonical product name,13,,1/3.60,1.0,,,,,,,,,https://helpix.ru/isensor/,Helpix smartphone sensor index,Added in ultra expansion; mobile-camera sensor index listing.,2020.0,High,https://news.skhynix.com/en/everything-about-the-1-0%CE%BCm-black-pearl-sk-hynixs-image-sensor/,0,,,,0,,,,,,,,,,,No phone mapping,,,,,,,,,,,,,,,,
SK hynix,Hi-1339,SK_HYNIX:Hi-1339,Hi-1339,,,Canonical product name,13,,1/3.00,1.12,,,,,,,,,https://helpix.ru/isensor/,Helpix smartphone sensor index,Added in ultra expansion; mobile-camera sensor index listing.,2022.0,Medium,,0,,,,0,,,,,,,,,,,No phone mapping,,,,,,,,,,,,,,,,
SK hynix,Hi-1631Q,SK_HYNIX:Hi-1631Q,Hi-1631Q,,,Canonical product name,16,,1/3.00,1.0,,,,,,,,,https://helpix.ru/isensor/,Helpix smartphone sensor index,Added in ultra expansion; mobile-camera sensor index listing.,2021.0,Medium,,0,,,,0,,,,,,,,,,,No phone mapping,,,,,,,,,,,,,,,,
SK hynix,Hi-1634,SK_HYNIX:Hi-1634,Hi-1634,,,Canonical product name,16,,1/3.00,1.0,,,,,,,,,https://helpix.ru/isensor/,Helpix smartphone sensor index,Added in ultra expansion; mobile-camera sensor index listing.,2019.0,High,https://news.skhynix.com/en/everything-about-the-1-0%CE%BCm-black-pearl-sk-hynixs-image-sensor/,0,,,,0,,,,,,,,,,,No phone mapping,,,,,,,,,,,,,,,,
SK hynix,Hi-2021,SK_HYNIX:Hi-2021,Hi-2021,,,Canonical product name,20,,1/2.00,1.0,,,,,,,,,https://helpix.ru/isensor/,Helpix smartphone sensor index,Added in ultra expansion; mobile-camera sensor index listing.,2020.0,High,https://news.skhynix.com/en/everything-about-the-1-0%CE%BCm-black-pearl-sk-hynixs-image-sensor/,0,,,,0,,,,,,,,,,,No phone mapping,,,,,,,,,,,,,,,,
SK hynix,Hi-259H,SK_HYNIX:Hi-259H,Hi-259H,,,Canonical product name,2,,1/5.00,1.75,,,,,,,,,https://helpix.ru/isensor/,Helpix smartphone sensor index,Added in ultra expansion; mobile-camera sensor index listing.,,Medium,,0,,,,0,,,,,,,,,,,No phone mapping,,,,,,,,,,,,,,,,
SK hynix,Hi-3231Q,SK_HYNIX:Hi-3231Q,Hi-3231Q,,,Canonical product name,32,,1/3.10,0.7,,,,,,,,,https://helpix.ru/isensor/,Helpix smartphone sensor index,Added in ultra expansion; mobile-camera sensor index listing.,2023.0,Medium,,0,,,,0,,,,,,,,,,,No phone mapping,,,,,,,,,,,,,,,,
SK hynix,Hi-5021,SK_HYNIX:Hi-5021,Hi-5021,,,Canonical product name,50,,1/2.55,0.7,,,,,,,,,https://helpix.ru/isensor/,Helpix smartphone sensor index,Added in ultra expansion; mobile-camera sensor index listing.,2021.0,Medium,,0,,,,0,,,,,,,,,,,No phone mapping,,,,,,,,,,,,,,,,
SK hynix,Hi-5022,SK_HYNIX:Hi-5022,Hi-5022,,,Canonical product name,50,,1/2.80,0.64,,,,,,,,,https://helpix.ru/isensor/,Helpix smartphone sensor index,Added in ultra expansion; mobile-camera sensor index listing.,2023.0,Medium,,0,,,,0,,,,,,,,,,,No phone mapping,,,,,,,,,,,,,,,,
SK hynix,Hi-551,SK_HYNIX:Hi-551,Hi-551,,,Canonical product name,5,,1/5.00,1.12,,,,,,,,,https://helpix.ru/isensor/,Helpix smartphone sensor index,Added in ultra expansion; mobile-camera sensor index listing.,2018.0,Medium,,0,,,,0,,,,,,,,,,,No phone mapping,,,,,,,,,,,,,,,,
SK hynix,Hi-552,SK_HYNIX:Hi-552,Hi-552,,,Canonical product name,5,,1/5.00,1.12,,,,,,,,,https://helpix.ru/isensor/,Helpix smartphone sensor index,Added in ultra expansion; mobile-camera sensor index listing.,,Medium,,0,,,,0,,,,,,,,,,,No phone mapping,,,,,,,,,,,,,,,,
SK hynix,Hi-553,SK_HYNIX:Hi-553,Hi-553,,,Canonical product name,5,,1/5.00,1.12,,,,,,,,,https://helpix.ru/isensor/,Helpix smartphone sensor index,Added in ultra expansion; mobile-camera sensor index listing.,2016.0,Medium,,0,,,,0,,,,,,,,,,,No phone mapping,,,,,,,,,,,,,,,,
SK hynix,Hi-556,SK_HYNIX:Hi-556,Hi-556,,,Canonical product name,5,,1/5.00,1.12,,,,,,,,,https://helpix.ru/isensor/,Helpix smartphone sensor index,Added in ultra expansion; mobile-camera sensor index listing.,2016.0,Medium,,0,,,,0,,,,,,,,,,,No phone mapping,,,,,,,,,,,,,,,,
SK hynix,Hi-842,SK_HYNIX:Hi-842,Hi-842,,,Canonical product name,8,,1/4.00,1.12,,,,,,,,,https://helpix.ru/isensor/,Helpix smartphone sensor index,Added in ultra expansion; mobile-camera sensor index listing.,,Medium,,0,,,,0,,,,,,,,,,,No phone mapping,,,,,,,,,,,,,,,,
SK hynix,Hi-843b,SK_HYNIX:Hi-843b,Hi-843b,,,Canonical product name,8,,1/4.00,1.12,,,,,,,,,https://helpix.ru/isensor/,Helpix smartphone sensor index,Added in ultra expansion; mobile-camera sensor index listing.,2015.0,Medium,,0,,,,0,,,,,,,,,,,No phone mapping,,,,,,,,,,,,,,,,
SK hynix,Hi-846,SK_HYNIX:Hi-846,Hi-846,,,Canonical product name,8,,1/4.00,1.12,,,,,,,,,https://helpix.ru/isensor/,Helpix smartphone sensor index,Added in ultra expansion; mobile-camera sensor index listing.,2016.0,Medium,,0,,,,0,,,,,,,,,,,No phone mapping,,,,,,,,,,,,,,,,
SK hynix,Hi-847,SK_HYNIX:Hi-847,Hi-847,,,Canonical product name,8,,1/4.40,1.0,,,,,,,,,https://helpix.ru/isensor/,Helpix smartphone sensor index,Added in ultra expansion; mobile-camera sensor index listing.,2020.0,High,https://news.skhynix.com/en/everything-about-the-1-0%CE%BCm-black-pearl-sk-hynixs-image-sensor/,0,,,,0,,,,,,,,,,,No phone mapping,,,,,,,,,,,,,,,,
Samsung,ISOCELL 2L8,SAMSUNG:2L8,ISOCELL 2L8,S5K2L8,S5K2L8,Marketing+internal mapped,12,,1/2.80,1.28,,,,,,,,,https://helpix.ru/isensor/,Helpix smartphone sensor index,Added in ultra expansion; mobile-camera sensor index listing.,2017.0,Medium,,0,,,,0,,,,,,,,,,,No phone mapping,,,,,,,,,,,,,,,,
Samsung,ISOCELL 2L9,SAMSUNG:2L9,ISOCELL 2L9,S5K2L9,S5K2L9,Marketing+internal mapped,12,,1/2.55,1.4,,,,,,,,,https://helpix.ru/isensor/,Helpix smartphone sensor index,Added in ultra expansion; mobile-camera sensor index listing.,2017.0,Medium,,0,,,,0,,,,,,,,,,,No phone mapping,,,,,,,,,,,,,,,,
Samsung,ISOCELL 2LD,SAMSUNG:2LD,ISOCELL 2LD,S5K2LD,S5K2LD,Marketing+internal mapped,12,,1/1.76,1.8,,,,,,,,,https://helpix.ru/isensor/,Helpix smartphone sensor index,Added in ultra expansion; mobile-camera sensor index listing.,2020.0,Medium,,0,,,,0,,,,,,,,,,,No phone mapping,,,,,,,,,,,,,,,,
Samsung,ISOCELL 2M8,SAMSUNG:2M8,ISOCELL 2M8,S5K2M8,S5K2M8,Marketing+internal mapped,13,,1/2.60,1.34,,,,,,,,,https://helpix.ru/isensor/,Helpix smartphone sensor index,Added in ultra expansion; mobile-camera sensor index listing.,2016.0,Medium,,0,,,,0,,,,,,,,,,,No phone mapping,,,,,,,,,,,,,,,,
Samsung,ISOCELL 2P6,SAMSUNG:2P6,ISOCELL 2P6,S5K2P6,S5K2P6,Marketing+internal mapped,16,,1/2.80,1.12,,,,,,,,,https://helpix.ru/isensor/,Helpix smartphone sensor index,Added in ultra expansion; mobile-camera sensor index listing.,2018.0,Medium,,0,,,,0,,,,,,,,,,,No phone mapping,,,,,,,,,,,,,,,,
Samsung,ISOCELL 2P8,SAMSUNG:2P8,ISOCELL 2P8,S5K2P8,S5K2P8,Marketing+internal mapped,16,,1/2.60,1.12,,,,,,,,,https://helpix.ru/isensor/,Helpix smartphone sensor index,Added in ultra expansion; mobile-camera sensor index listing.,2015.0,Medium,,0,,,,0,,,,,,,,,,,No phone mapping,,,,,,,,,,,,,,,,
Samsung,ISOCELL 2T7,SAMSUNG:2T7,ISOCELL 2T7,S5K2T7,S5K2T7,Marketing+internal mapped,20,,1/2.80,1.0,,,,,,,,,https://helpix.ru/isensor/,Helpix smartphone sensor index,Added in ultra expansion; mobile-camera sensor index listing.,2018.0,Medium,,0,,,,0,,,,,,,,,,,No phone mapping,,,,,,,,,,,,,,,,
Samsung,ISOCELL 2T8,SAMSUNG:2T8,ISOCELL 2T8,S5K2T8,S5K2T8,Marketing+internal mapped,20,,1/2.60,1.1,,,,,,,,,https://helpix.ru/isensor/,Helpix smartphone sensor index,Added in ultra expansion; mobile-camera sensor index listing.,2016.0,Medium,,0,,,,0,,,,,,,,,,,No phone mapping,,,,,,,,,,,,,,,,
Samsung,ISOCELL 2X5,SAMSUNG:2X5,ISOCELL 2X5,S5K2X5,S5K2X5,Marketing+internal mapped,25,,1/2.80,0.9,,,,,,,,,https://helpix.ru/isensor/,Helpix smartphone sensor index,Added in ultra expansion; mobile-camera sensor index listing.,2019.0,Medium,,0,,,,0,,,,,,,,,,,No phone mapping,,,,,,,,,,,,,,,,
Samsung,ISOCELL 3H2,SAMSUNG:3H2,ISOCELL 3H2,S5K3H2,S5K3H2,Canonicalized to ISOCELL name; S5K retained as internal code,8,,1/3.20,1.4,,,,,,,,,https://helpix.ru/isensor/,Helpix smartphone sensor index,Added in ultra expansion; mobile-camera sensor index listing.,2011.0,Medium,,0,,,,0,,,,,,,,,,,No phone mapping,,,,,,,,,,,,,,,,
Samsung,ISOCELL 3H7,SAMSUNG:3H7,ISOCELL 3H7,S5K3H7,S5K3H7,Canonicalized to ISOCELL name; S5K retained as internal code,8,,1/3.20,1.4,,,,,,,,,https://helpix.ru/isensor/,Helpix smartphone sensor index,Added in ultra expansion; mobile-camera sensor index listing.,2012.0,Medium,,0,,,,0,,,,,,,,,,,No phone mapping,,,,,,,,,,,,,,,,
Samsung,ISOCELL 3J1,SAMSUNG:3J1,ISOCELL 3J1,S5K3J1,S5K3J1,Marketing+internal mapped,10,,1/3.00,1.22,,,All-pixel PDAF (Dual Pixel),,RGGB,,,Google Pixel 9 Pro Fold,https://helpix.ru/isensor/; https://spinformation.info/all/smartphone-image-sensor/,Helpix smartphone sensor index,Added in ultra expansion; mobile-camera sensor index listing.; Samsung sensor part number used in mobile devices.,2020.0,High,,1,,,,0,Google Pixel 9 Pro Fold,Google,Unknown,,,https://spinformation.info/all/smartphone-image-sensor/,Existing master Example_Phones,,High,PHONE:PIXEL9PROFOLD,Exact normalized model match,Google Pixel 9 Pro Fold,129,148,98,,,,,152,,1799,2024-08-31,V6,https://www.dxomark.com/smartphones/Google/Pixel-9-Pro-Fold,DXOMARK smartphone ranking,2026-09-27
Samsung,ISOCELL 3K1,SAMSUNG:3K1,ISOCELL 3K1,S5K3K1,S5K3K1,Marketing+internal mapped,10,,1/3.94,1.0,,,,,RGGB,,,Galaxy S24; Galaxy S26; Galaxy Z Fold7,https://helpix.ru/isensor/; https://spinformation.info/all/smartphone-image-sensor/,Helpix smartphone sensor index,Added in ultra expansion; mobile-camera sensor index listing.; Samsung sensor part number used in mobile devices.,2022.0,High,,3,,,,0,Galaxy S24,Samsung,Unknown,,,https://spinformation.info/all/smartphone-image-sensor/,Existing master Example_Phones,,High,PHONE:GALAXYS24,Tested variant: Exynos,Samsung Galaxy S24 (Exynos),133,134,125,,,,,154,107,799,2024-01-17,V5,https://www.dxomark.com/smartphones/Samsung/Galaxy-S24-(Exynos),DXOMARK smartphone ranking,2026-09-27
Samsung,ISOCELL 3K1,SAMSUNG:3K1,ISOCELL 3K1,S5K3K1,S5K3K1,Marketing+internal mapped,10,,1/3.94,1.0,,,,,RGGB,,,Galaxy S24; Galaxy S26; Galaxy Z Fold7,https://helpix.ru/isensor/; https://spinformation.info/all/smartphone-image-sensor/,Helpix smartphone sensor index,Added in ultra expansion; mobile-camera sensor index listing.; Samsung sensor part number used in mobile devices.,2022.0,High,,3,,,,0,Galaxy S26,Samsung,Unknown,,,https://spinformation.info/all/smartphone-image-sensor/,Existing master Example_Phones,,High,PHONE:GALAXYS26,Exact normalized model match,Samsung Galaxy S26,146,144,151,,,,,,,899,2026-03-11,V6,https://www.dxomark.com/smartphones/Samsung/Galaxy-S26,DXOMARK smartphone ranking,2026-09-27
Samsung,ISOCELL 3K1,SAMSUNG:3K1,ISOCELL 3K1,S5K3K1,S5K3K1,Marketing+internal mapped,10,,1/3.94,1.0,,,,,RGGB,,,Galaxy S24; Galaxy S26; Galaxy Z Fold7,https://helpix.ru/isensor/; https://spinformation.info/all/smartphone-image-sensor/,Helpix smartphone sensor index,Added in ultra expansion; mobile-camera sensor index listing.; Samsung sensor part number used in mobile devices.,2022.0,High,,3,,,,0,Galaxy Z Fold7,Samsung,Unknown,,,https://spinformation.info/all/smartphone-image-sensor/,Existing master Example_Phones,,High,PHONE:GALAXYZFOLD7,Exact normalized model match,Samsung Galaxy Z Fold7,145,147,141,,,,,155,,1999,2025-07-25,V6,https://www.dxomark.com/smartphones/Samsung/Galaxy-Z-Fold7,DXOMARK smartphone ranking,2026-09-27
Samsung,ISOCELL 3L2,SAMSUNG:3L2,ISOCELL 3L2,S5K3L2,S5K3L2,Marketing+internal mapped,13,,1/3.10,1.12,,,,,,,,,https://helpix.ru/isensor/,Helpix smartphone sensor index,Added in ultra expansion; mobile-camera sensor index listing.,2014.0,Medium,,0,,,,0,,,,,,,,,,,No phone mapping,,,,,,,,,,,,,,,,
Samsung,ISOCELL 3L5,SAMSUNG:3L5,ISOCELL 3L5,S5K3L5,S5K3L5,Marketing+internal mapped,13,,,,,,,,,,,,https://helpix.ru/isensor/,Helpix smartphone sensor index,Added in ultra expansion; mobile-camera sensor index listing.,2018.0,Medium,,0,,,,0,,,,,,,,,,,No phone mapping,,,,,,,,,,,,,,,,
Samsung,ISOCELL 3L6,SAMSUNG:3L6,ISOCELL 3L6,S5K3L6,S5K3L6,Marketing+internal mapped,13,,1/3.00,1.12,,,,,,,,,https://helpix.ru/isensor/,Helpix smartphone sensor index,Added in ultra expansion; mobile-camera sensor index listing.,2018.0,Medium,,0,,,,0,,,,,,,,,,,No phone mapping,,,,,,,,,,,,,,,,
Samsung,ISOCELL 3L8,SAMSUNG:3L8,ISOCELL 3L8,S5K3L8,S5K3L8,Marketing+internal mapped,13,,1/3.06,1.12,,,,,,,,,https://helpix.ru/isensor/,Helpix smartphone sensor index,Added in ultra expansion; mobile-camera sensor index listing.,2016.0,Medium,,0,,,,0,,,,,,,,,,,No phone mapping,,,,,,,,,,,,,,,,
Samsung,ISOCELL 3LC,SAMSUNG:3LC,ISOCELL 3LC,S5K3LC,S5K3LC,Marketing+internal mapped,12,,,,,,,,,,,,https://helpix.ru/isensor/,Helpix smartphone sensor index,Added in ultra expansion; mobile-camera sensor index listing.,2025.0,Medium,,0,,,,0,,,,,,,,,,,No phone mapping,,,,,,,,,,,,,,,,
Samsung,ISOCELL 3LD,SAMSUNG:3LD,ISOCELL 3LD,S5K3LD,S5K3LD,Marketing+internal mapped,12,,1/3.20,1.0,,,,,,,,,https://helpix.ru/isensor/,Helpix smartphone sensor index,Added in ultra expansion; mobile-camera sensor index listing.,2026.0,Medium,,0,,,,0,,,,,,,,,,,No phone mapping,,,,,,,,,,,,,,,,
Samsung,ISOCELL 3LU,SAMSUNG:3LU,ISOCELL 3LU,S5K3LU,S5K3LU,Marketing+internal mapped,12,4000 x 3000,1/3.20,1.12,,,All-pixel PDAF (Dual Pixel),,RGGB,,,Google Pixel 9 Pro Fold,https://helpix.ru/isensor/; https://spinformation.info/all/smartphone-image-sensor/,Helpix smartphone sensor index,Added in ultra expansion; mobile-camera sensor index listing.,2023.0,Medium,,1,,,,0,Google Pixel 9 Pro Fold,Google,Unknown,,,https://spinformation.info/all/smartphone-image-sensor/,Existing master Example_Phones,,Medium,PHONE:PIXEL9PROFOLD,Exact normalized model match,Google Pixel 9 Pro Fold,129,148,98,,,,,152,,1799,2024-08-31,V6,https://www.dxomark.com/smartphones/Google/Pixel-9-Pro-Fold,DXOMARK smartphone ranking,2026-09-27
Samsung,ISOCELL 3M3,SAMSUNG:3M3,ISOCELL 3M3,S5K3M3,S5K3M3,Marketing+internal mapped,13,,1/3.40,1.0,,,,,,,,,https://helpix.ru/isensor/,Helpix smartphone sensor index,Added in ultra expansion; mobile-camera sensor index listing.,2017.0,Medium,,0,,,,0,,,,,,,,,,,No phone mapping,,,,,,,,,,,,,,,,
Samsung,ISOCELL 3M5,SAMSUNG:3M5,ISOCELL 3M5,S5K3M5,S5K3M5,Marketing+internal mapped,13,,1/3.00,1.0,,,,,,,,,https://helpix.ru/isensor/,Helpix smartphone sensor index,Added in ultra expansion; mobile-camera sensor index listing.,2019.0,Medium,,0,,,,0,,,,,,,,,,,No phone mapping,,,,,,,,,,,,,,,,
Samsung,ISOCELL 3P3,SAMSUNG:3P3,ISOCELL 3P3,S5K3P3,S5K3P3,Marketing+internal mapped,16,,1/3.06,1.0,,,,,,,,,https://helpix.ru/isensor/,Helpix smartphone sensor index,Added in ultra expansion; mobile-camera sensor index listing.,2015.0,Medium,,0,,,,0,,,,,,,,,,,No phone mapping,,,,,,,,,,,,,,,,
Samsung,ISOCELL 3P8,SAMSUNG:3P8,ISOCELL 3P8,S5K3P8,S5K3P8,Marketing+internal mapped,16,,1/3.10,1.0,,,,,,,,,https://helpix.ru/isensor/,Helpix smartphone sensor index,Added in ultra expansion; mobile-camera sensor index listing.,2016.0,Medium,,0,,,,0,,,,,,,,,,,No phone mapping,,,,,,,,,,,,,,,,
Samsung,ISOCELL 3P9,SAMSUNG:3P9,ISOCELL 3P9,S5K3P9,S5K3P9,Marketing+internal mapped,16,,1/3.00,1.0,,,,,,,,,https://helpix.ru/isensor/,Helpix smartphone sensor index,Added in ultra expansion; mobile-camera sensor index listing.,2018.0,Medium,,0,,,,0,,,,,,,,,,,No phone mapping,,,,,,,,,,,,,,,,
Samsung,ISOCELL 3T1,SAMSUNG:3T1,ISOCELL 3T1,S5K3T1,S5K3T1,Marketing+internal mapped,20,,1/3.00,0.9,,,,,,,,,https://helpix.ru/isensor/,Helpix smartphone sensor index,Added in ultra expansion; mobile-camera sensor index listing.,2018.0,Medium,,0,,,,0,,,,,,,,,,,No phone mapping,,,,,,,,,,,,,,,,
Samsung,ISOCELL 3T2,SAMSUNG:3T2,ISOCELL 3T2,S5K3T2,S5K3T2,Marketing+internal mapped,20,5184 x 3880,1/3.4,0.8,4in1,,PDAF,,RGGB,,,Xiaomi Mi 11 Ultra; Xiaomi Mi 11 Pro; Xiaomi Mi 11; Meizu 18,https://spinformation.info/all/smartphone-image-sensor/,SP information,,,Medium,,4,,,,0,Meizu 18,Meizu,Unknown,,,https://spinformation.info/all/smartphone-image-sensor/,Existing master Example_Phones,,Medium,PHONE:MEIZU18,Not yet matched,,,,,,,,,,,,,,,,
Samsung,ISOCELL 3T2,SAMSUNG:3T2,ISOCELL 3T2,S5K3T2,S5K3T2,Marketing+internal mapped,20,5184 x 3880,1/3.4,0.8,4in1,,PDAF,,RGGB,,,Xiaomi Mi 11 Ultra; Xiaomi Mi 11 Pro; Xiaomi Mi 11; Meizu 18,https://spinformation.info/all/smartphone-image-sensor/,SP information,,,Medium,,4,,,,0,Xiaomi Mi 11,Xiaomi,Unknown,,,https://spinformation.info/all/smartphone-image-sensor/,Existing master Example_Phones,,Medium,PHONE:MI11,Exact normalized model match,Xiaomi Mi 11,,,,,,,112,125,82,799,2020-12-01,,https://www.dxomark.com/smartphones/Xiaomi/Mi-11,DXOMARK smartphone ranking,2026-09-27
Samsung,ISOCELL 3T2,SAMSUNG:3T2,ISOCELL 3T2,S5K3T2,S5K3T2,Marketing+internal mapped,20,5184 x 3880,1/3.4,0.8,4in1,,PDAF,,RGGB,,,Xiaomi Mi 11 Ultra; Xiaomi Mi 11 Pro; Xiaomi Mi 11; Meizu 18,https://spinformation.info/all/smartphone-image-sensor/,SP information,,,Medium,,4,,,,0,Xiaomi Mi 11 Pro,Xiaomi,Unknown,,,https://spinformation.info/all/smartphone-image-sensor/,Existing master Example_Phones,,Medium,PHONE:MI11PRO,Exact normalized model match,Xiaomi Mi 11 Pro,124,118,132,,,,,,,757,2021-03-29,V5,https://www.dxomark.com/smartphones/Xiaomi/Mi-11-Pro,DXOMARK smartphone ranking,2026-09-27
Samsung,ISOCELL 3T2,SAMSUNG:3T2,ISOCELL 3T2,S5K3T2,S5K3T2,Marketing+internal mapped,20,5184 x 3880,1/3.4,0.8,4in1,,PDAF,,RGGB,,,Xiaomi Mi 11 Ultra; Xiaomi Mi 11 Pro; Xiaomi Mi 11; Meizu 18,https://spinformation.info/all/smartphone-image-sensor/,SP information,,,Medium,,4,,,,0,Xiaomi Mi 11 Ultra,Xiaomi,Unknown,,,https://spinformation.info/all/smartphone-image-sensor/,Existing master Example_Phones,,Medium,PHONE:MI11ULTRA,Exact normalized model match,Xiaomi Mi 11 Ultra,141,139,138,,,,125,125,108,1200,2021-03-29,V5,https://www.dxomark.com/smartphones/Xiaomi/Mi-11-Ultra,DXOMARK smartphone ranking,2026-09-27
Samsung,ISOCELL 4E2,SAMSUNG:4E2,ISOCELL 4E2,S5K4E2,S5K4E2,Canonicalized to ISOCELL name; S5K retained as internal code,5,,1/4.00,1.4,,,,,,,,,https://helpix.ru/isensor/,Helpix smartphone sensor index,Added in ultra expansion; mobile-camera sensor index listing.,2010.0,Medium,,0,,,,0,,,,,,,,,,,No phone mapping,,,,,,,,,,,,,,,,
Samsung,ISOCELL 4E6,SAMSUNG:4E6,ISOCELL 4E6,S5K4E6,S5K4E6,Canonicalized to ISOCELL name; S5K retained as internal code,5,,1/4.00,1.34,,,,,,,,,https://helpix.ru/isensor/,Helpix smartphone sensor index,Added in ultra expansion; mobile-camera sensor index listing.,2014.0,Medium,,0,,,,0,,,,,,,,,,,No phone mapping,,,,,,,,,,,,,,,,
Samsung,ISOCELL 4E8,SAMSUNG:4E8,ISOCELL 4E8,S5K4E8,S5K4E8,Canonicalized to ISOCELL name; S5K retained as internal code,5,,1/4.00,1.4,,,,,,,,,https://helpix.ru/isensor/,Helpix smartphone sensor index,Added in ultra expansion; mobile-camera sensor index listing.,2017.0,Medium,,0,,,,0,,,,,,,,,,,No phone mapping,,,,,,,,,,,,,,,,
Samsung,ISOCELL 4H5,SAMSUNG:4H5,ISOCELL 4H5,S5K4H5,S5K4H5,Marketing+internal mapped,8,3268 x 2448,1/4,1.12,,6200e-,Contrast AF,,RGGB,,,Intex Aqua Note 5.5; BlackView A7,https://helpix.ru/isensor/; https://spinformation.info/all/smartphone-image-sensor/,SP information,Added in ultra expansion; mobile-camera sensor index listing.,2015.0,Medium,,2,,,,0,BlackView A7,BlackView,Unknown,,,https://spinformation.info/all/smartphone-image-sensor/,Existing master Example_Phones,,Medium,PHONE:BLACKVIEWA7,Not yet matched,,,,,,,,,,,,,,,,
Samsung,ISOCELL 4H5,SAMSUNG:4H5,ISOCELL 4H5,S5K4H5,S5K4H5,Marketing+internal mapped,8,3268 x 2448,1/4,1.12,,6200e-,Contrast AF,,RGGB,,,Intex Aqua Note 5.5; BlackView A7,https://helpix.ru/isensor/; https://spinformation.info/all/smartphone-image-sensor/,SP information,Added in ultra expansion; mobile-camera sensor index listing.,2015.0,Medium,,2,,,,0,Intex Aqua Note 5.5,Intex,Unknown,,,https://spinformation.info/all/smartphone-image-sensor/,Existing master Example_Phones,,Medium,PHONE:INTEXAQUANOTE55,Not yet matched,,,,,,,,,,,,,,,,
Samsung,ISOCELL 4H7,SAMSUNG:4H7,ISOCELL 4H7,S5K4H7,S5K4H7,Marketing+internal mapped,8,3268 x 2448,1/4,1.12,,6200e-,Contrast AF,,RGGB,,,Redmi Note 12T Pro; BlackView A53,https://spinformation.info/all/smartphone-image-sensor/,SP information,,,Medium,,2,,,,0,BlackView A53,BlackView,Unknown,,,https://spinformation.info/all/smartphone-image-sensor/,Existing master Example_Phones,,Medium,PHONE:BLACKVIEWA53,Not yet matched,,,,,,,,,,,,,,,,
Samsung,ISOCELL 4H7,SAMSUNG:4H7,ISOCELL 4H7,S5K4H7,S5K4H7,Marketing+internal mapped,8,3268 x 2448,1/4,1.12,,6200e-,Contrast AF,,RGGB,,,Redmi Note 12T Pro; BlackView A53,https://spinformation.info/all/smartphone-image-sensor/,SP information,,,Medium,,2,,,,0,Redmi Note 12T Pro,Xiaomi,Unknown,,,https://spinformation.info/all/smartphone-image-sensor/,Existing master Example_Phones,,Medium,PHONE:REDMINOTE12TPRO,Not yet matched,,,,,,,,,,,,,,,,
Samsung,ISOCELL 4H8,SAMSUNG:4H8,ISOCELL 4H8,S5K4H8,S5K4H8,Marketing+internal mapped,8,3268 x 2448,1/4,1.12,---,6200e-,Contrast AF,,RGGB,,,Doogee S41; BQ Aquaris U2 Lite,https://spinformation.info/all/smartphone-image-sensor/,SP information,,,Medium,,2,,,,0,BQ Aquaris U2 Lite,BQ,Unknown,,,https://spinformation.info/all/smartphone-image-sensor/,Existing master Example_Phones,,Medium,PHONE:BQAQUARISU2LITE,Not yet matched,,,,,,,,,,,,,,,,
Samsung,ISOCELL 4H8,SAMSUNG:4H8,ISOCELL 4H8,S5K4H8,S5K4H8,Marketing+internal mapped,8,3268 x 2448,1/4,1.12,---,6200e-,Contrast AF,,RGGB,,,Doogee S41; BQ Aquaris U2 Lite,https://spinformation.info/all/smartphone-image-sensor/,SP information,,,Medium,,2,,,,0,Doogee S41,Doogee,Unknown,,,https://spinformation.info/all/smartphone-image-sensor/,Existing master Example_Phones,,Medium,PHONE:DOOGEES41,Not yet matched,,,,,,,,,,,,,,,,
Samsung,ISOCELL 4HA,SAMSUNG:4HA,ISOCELL 4HA,S5K4HA,S5K4HA,Marketing+internal mapped,8,3268 x 2448,1/4,1.12,,6200e-,Contrast AF,,RGGB,,,,https://spinformation.info/all/smartphone-image-sensor/,SP information,,2019.0,Medium-High,https://helpix.ru/isensor/,0,,,,0,,,,,,,,,,,No phone mapping,,,,,,,,,,,,,,,,
Samsung,ISOCELL 5E2,SAMSUNG:5E2,ISOCELL 5E2,S5K5E2,S5K5E2,Marketing+internal mapped,5,2592 x 1944,1/5,1.12,---,,Contrast AF,,RGGB,,,Motorola Moto E 4G,https://helpix.ru/isensor/; https://spinformation.info/all/smartphone-image-sensor/,SP information,Added in ultra expansion; mobile-camera sensor index listing.,2015.0,Medium,,1,,,,0,Motorola Moto E 4G,Motorola,Unknown,,,https://spinformation.info/all/smartphone-image-sensor/,Existing master Example_Phones,,Medium,PHONE:MOTOE4G,Not yet matched,,,,,,,,,,,,,,,,
Samsung,ISOCELL 5E3,SAMSUNG:5E3,ISOCELL 5E3,S5K5E3,S5K5E3,Canonicalized to ISOCELL name; S5K retained as internal code,5,,1/5.00,1.12,,,,,,,,,https://helpix.ru/isensor/,Helpix smartphone sensor index,Added in ultra expansion; mobile-camera sensor index listing.,2015.0,Medium,,0,,,,0,,,,,,,,,,,No phone mapping,,,,,,,,,,,,,,,,
Samsung,ISOCELL 5E8,SAMSUNG:5E8,ISOCELL 5E8,S5K5E8,S5K5E8,Marketing+internal mapped,5,2592 x 1944,1/5,1.12,---,,Contrast AF,,RGGB,,,Intex Aqua Style III,https://helpix.ru/isensor/; https://spinformation.info/all/smartphone-image-sensor/,SP information,Added in ultra expansion; mobile-camera sensor index listing.,2016.0,Medium,,1,,,,0,Intex Aqua Style III,Intex,Unknown,,,https://spinformation.info/all/smartphone-image-sensor/,Existing master Example_Phones,,Medium,PHONE:INTEXAQUASTYLEIII,Not yet matched,,,,,,,,,,,,,,,,
Samsung,ISOCELL 5E9,SAMSUNG:5E9,ISOCELL 5E9,S5K5E9,S5K5E9,Marketing+internal mapped,5,2592 x 1944,1/5,1.12,---,,Contrast AF,,RGGB,,,Xiaomi 11T; Mi 11,https://spinformation.info/all/smartphone-image-sensor/,SP information,,,Medium,,2,,,,0,Mi 11,Mi,Unknown,,,https://spinformation.info/all/smartphone-image-sensor/,Existing master Example_Phones,,Medium,PHONE:MI11,Exact normalized model match,Xiaomi Mi 11,,,,,,,112,125,82,799,2020-12-01,,https://www.dxomark.com/smartphones/Xiaomi/Mi-11,DXOMARK smartphone ranking,2026-09-27
Samsung,ISOCELL 5E9,SAMSUNG:5E9,ISOCELL 5E9,S5K5E9,S5K5E9,Marketing+internal mapped,5,2592 x 1944,1/5,1.12,---,,Contrast AF,,RGGB,,,Xiaomi 11T; Mi 11,https://spinformation.info/all/smartphone-image-sensor/,SP information,,,Medium,,2,,,,0,Xiaomi 11T,Xiaomi,Unknown,,,https://spinformation.info/all/smartphone-image-sensor/,Existing master Example_Phones,,Medium,PHONE:11T,Exact normalized model match,Xiaomi 11T,,,,,,,115,,136,499,2021-09-15,,https://www.dxomark.com/smartphones/Xiaomi/11T,DXOMARK smartphone ranking,2026-09-27
Samsung,ISOCELL 5EA,SAMSUNG:5EA,ISOCELL 5EA,S5K5EA,S5K5EA,Marketing+internal mapped,5,2592 x 1944,1/5,1.12,---,,Contrast AF,,RGGB,,,THL t6S,https://spinformation.info/all/smartphone-image-sensor/,SP information,,,Medium,,1,,,,0,THL t6S,THL,Unknown,,,https://spinformation.info/all/smartphone-image-sensor/,Existing master Example_Phones,,Medium,PHONE:THLT6S,Not yet matched,,,,,,,,,,,,,,,,
Samsung,ISOCELL 5F1,SAMSUNG:5F1,ISOCELL 5F1,S5K5F1,S5K5F1,Marketing+internal mapped,5.76,2400 x 2400,1/5.27,1.0,---,,Contrast AF,,RGGB,,,,https://spinformation.info/all/smartphone-image-sensor/,SP information,,2018.0,Medium-High,https://helpix.ru/isensor/,0,,,,0,,,,,,,,,,,No phone mapping,,,,,,,,,,,,,,,,
Samsung,ISOCELL 5L8,SAMSUNG:5L8,ISOCELL 5L8,S5K5L8,S5K5L8,Marketing+internal mapped,12.2,,1/2.8,1.29,---,,Contrast AF,,RGGB,,,iLA X,https://spinformation.info/all/smartphone-image-sensor/,SP information,,,Medium,,1,,,,0,iLA X,iLA,Unknown,,,https://spinformation.info/all/smartphone-image-sensor/,Existing master Example_Phones,,Medium,PHONE:ILAX,Not yet matched,,,,,,,,,,,,,,,,
Samsung,ISOCELL GD1,SAMSUNG:GD1,ISOCELL GD1,S5KGD1,S5KGD1,Marketing+internal mapped,32,6560 x 4928,1/2.8,0.8,4in1,,PDAF,3D HDR; Tetra HDR,RGGB,,,vivo X70; HUAWEI P30 Pro,https://spinformation.info/all/smartphone-image-sensor/,SP information,,,Medium,,2,,,,0,HUAWEI P30 Pro,Huawei,Unknown,,,https://spinformation.info/all/smartphone-image-sensor/,Existing master Example_Phones,,Medium,PHONE:P30PRO,Exact normalized model match,Huawei P30 Pro,,,,,,,118,,,999,2019-03-01,,https://www.dxomark.com/smartphones/Huawei/P30-Pro,DXOMARK smartphone ranking,2026-09-27
Samsung,ISOCELL GD1,SAMSUNG:GD1,ISOCELL GD1,S5KGD1,S5KGD1,Marketing+internal mapped,32,6560 x 4928,1/2.8,0.8,4in1,,PDAF,3D HDR; Tetra HDR,RGGB,,,vivo X70; HUAWEI P30 Pro,https://spinformation.info/all/smartphone-image-sensor/,SP information,,,Medium,,2,,,,0,vivo X70,vivo,Unknown,,,https://spinformation.info/all/smartphone-image-sensor/,Existing master Example_Phones,,Medium,PHONE:X70,Not yet matched,,,,,,,,,,,,,,,,
Samsung,ISOCELL GD2,SAMSUNG:GD2,ISOCELL GD2,S5KGD2,S5KGD2,Marketing+internal mapped,32,,1/2.8,0.8,4in1,,PDAF,,RGGB,,,vivo X90; BlackView BV9300,https://spinformation.info/all/smartphone-image-sensor/,SP information,,,Medium,,2,,,,0,BlackView BV9300,BlackView,Unknown,,,https://spinformation.info/all/smartphone-image-sensor/,Existing master Example_Phones,,Medium,PHONE:BLACKVIEWBV9300,Not yet matched,,,,,,,,,,,,,,,,
Samsung,ISOCELL GD2,SAMSUNG:GD2,ISOCELL GD2,S5KGD2,S5KGD2,Marketing+internal mapped,32,,1/2.8,0.8,4in1,,PDAF,,RGGB,,,vivo X90; BlackView BV9300,https://spinformation.info/all/smartphone-image-sensor/,SP information,,,Medium,,2,,,,0,vivo X90,vivo,Unknown,,,https://spinformation.info/all/smartphone-image-sensor/,Existing master Example_Phones,,Medium,PHONE:X90,Not yet matched,,,,,,,,,,,,,,,,
Samsung,ISOCELL GH1,SAMSUNG:GH1,ISOCELL GH1,S5KGH1,S5KGH1,Marketing+internal mapped,43.7,7968 x 5480,1/2.65,0.7,4in1,,PDAF (Super PD),3D HDR; Tetra HDR,RGGB,,,vivo V21; Galaxy S21 Ultra,https://spinformation.info/all/smartphone-image-sensor/,SP information,,,Medium,,2,,,,0,Galaxy S21 Ultra,Samsung,Unknown,,,https://spinformation.info/all/smartphone-image-sensor/,Existing master Example_Phones,,Medium,PHONE:GALAXYS21ULTRA,Not yet matched,,,,,,,,,,,,,,,,
Samsung,ISOCELL GH1,SAMSUNG:GH1,ISOCELL GH1,S5KGH1,S5KGH1,Marketing+internal mapped,43.7,7968 x 5480,1/2.65,0.7,4in1,,PDAF (Super PD),3D HDR; Tetra HDR,RGGB,,,vivo V21; Galaxy S21 Ultra,https://spinformation.info/all/smartphone-image-sensor/,SP information,,,Medium,,2,,,,0,vivo V21,vivo,Unknown,,,https://spinformation.info/all/smartphone-image-sensor/,Existing master Example_Phones,,Medium,PHONE:V21,Not yet matched,,,,,,,,,,,,,,,,
Samsung,ISOCELL GM1,SAMSUNG:GM1,ISOCELL GM1,S5KGM1,S5KGM1,Marketing+internal mapped,48,,1/2.0,0.8,4-in-1,,PDAF,Smart WDR,RGGB,,,Redmi Note 8; Galaxy A90 5G,https://spinformation.info/all/smartphone-image-sensor/,Existing catalog / official + SP information,,,High,,2,,,,0,Galaxy A90 5G,Samsung,Unknown,,,https://spinformation.info/all/smartphone-image-sensor/,Existing master Example_Phones,,High,PHONE:GALAXYA905G,Not yet matched,,,,,,,,,,,,,,,,
Samsung,ISOCELL GM1,SAMSUNG:GM1,ISOCELL GM1,S5KGM1,S5KGM1,Marketing+internal mapped,48,,1/2.0,0.8,4-in-1,,PDAF,Smart WDR,RGGB,,,Redmi Note 8; Galaxy A90 5G,https://spinformation.info/all/smartphone-image-sensor/,Existing catalog / official + SP information,,,High,,2,,,,0,Redmi Note 8,Xiaomi,Unknown,,,https://spinformation.info/all/smartphone-image-sensor/,Existing master Example_Phones,,High,PHONE:REDMINOTE8,Not yet matched,,,,,,,,,,,,,,,,
Samsung,ISOCELL GM2,SAMSUNG:GM2,ISOCELL GM2,S5KGM2,S5KGM2,Marketing+internal mapped,48,,1/2.0,0.8,4-in-1,,SuperPD,Smart WDR,RGGB,,,Redmi Note 9 Pro; Galaxy A42 5G,https://spinformation.info/all/smartphone-image-sensor/,Existing catalog / official + SP information,,,High,,2,,,,0,Galaxy A42 5G,Samsung,Unknown,,,https://spinformation.info/all/smartphone-image-sensor/,Existing master Example_Phones,,High,PHONE:GALAXYA425G,Not yet matched,,,,,,,,,,,,,,,,
Samsung,ISOCELL GM2,SAMSUNG:GM2,ISOCELL GM2,S5KGM2,S5KGM2,Marketing+internal mapped,48,,1/2.0,0.8,4-in-1,,SuperPD,Smart WDR,RGGB,,,Redmi Note 9 Pro; Galaxy A42 5G,https://spinformation.info/all/smartphone-image-sensor/,Existing catalog / official + SP information,,,High,,2,,,,0,Redmi Note 9 Pro,Xiaomi,Unknown,,,https://spinformation.info/all/smartphone-image-sensor/,Existing master Example_Phones,,High,PHONE:REDMINOTE9PRO,Not yet matched,,,,,,,,,,,,,,,,
Samsung,ISOCELL GM5,SAMSUNG:GM5,ISOCELL GM5,S5KGM5,S5KGM5,Marketing+internal mapped,48,,1/2.55,0.7,4-in-1,,SuperPD,Staggered HDR,RGGB,,,,https://spinformation.info/all/smartphone-image-sensor/,Existing catalog / official + SP information,,2020.0,High,https://helpix.ru/isensor/,0,,,,0,,,,,,,,,,,No phone mapping,,,,,,,,,,,,,,,,
Samsung,ISOCELL GN1,SAMSUNG:GN1,ISOCELL GN1,S5KGN1,S5KGN1,Marketing+internal mapped,50,,1/1.31,1.2,4-in-1,,Dual Pixel,3D-HDR; Tetra HDR,RGGB,,,Google Pixel 6; Pixel 7; vivo X70 Pro+,https://spinformation.info/all/smartphone-image-sensor/,Existing catalog / official + SP information,,,High,,3,,,,0,Google Pixel 6,Google,Unknown,,,https://spinformation.info/all/smartphone-image-sensor/,Existing master Example_Phones,,High,PHONE:PIXEL6,Exact normalized model match,Google Pixel 6,126,136,133,,,,129,125,97,599,2021-10-19,V5,https://www.dxomark.com/smartphones/Google/Pixel-6,DXOMARK smartphone ranking,2026-09-27
Samsung,ISOCELL GN1,SAMSUNG:GN1,ISOCELL GN1,S5KGN1,S5KGN1,Marketing+internal mapped,50,,1/1.31,1.2,4-in-1,,Dual Pixel,3D-HDR; Tetra HDR,RGGB,,,Google Pixel 6; Pixel 7; vivo X70 Pro+,https://spinformation.info/all/smartphone-image-sensor/,Existing catalog / official + SP information,,,High,,3,,,,0,Pixel 7,Pixel,Unknown,,,https://spinformation.info/all/smartphone-image-sensor/,Existing master Example_Phones,,High,PHONE:PIXEL7,Exact normalized model match,Google Pixel 7,140,145,143,,,,138,136,98,599,2022-10-06,V5,https://www.dxomark.com/smartphones/Google/Pixel-7,DXOMARK smartphone ranking,2026-09-27
Samsung,ISOCELL GN1,SAMSUNG:GN1,ISOCELL GN1,S5KGN1,S5KGN1,Marketing+internal mapped,50,,1/1.31,1.2,4-in-1,,Dual Pixel,3D-HDR; Tetra HDR,RGGB,,,Google Pixel 6; Pixel 7; vivo X70 Pro+,https://spinformation.info/all/smartphone-image-sensor/,Existing catalog / official + SP information,,,High,,3,,,,0,vivo X70 Pro+,vivo,Unknown,,,https://spinformation.info/all/smartphone-image-sensor/,Existing master Example_Phones,,High,PHONE:X70PRO,Exact normalized model match,Vivo X70 Pro+,134,132,133,,,,115,130,,833,2021-09-09,V5,https://www.dxomark.com/smartphones/Vivo/X70-Pro+,DXOMARK smartphone ranking,2026-09-27
Samsung,ISOCELL GN2,SAMSUNG:GN2,ISOCELL GN2,S5KGN2,S5KGN2,Marketing+internal mapped,50,,1/1.12,1.4,4-in-1,,Dual Pixel Pro,Smart-ISO Pro; Staggered HDR,RGGB,,,Xiaomi Mi 11 Ultra; HONOR Magic 5 Pro,https://spinformation.info/all/smartphone-image-sensor/,Existing catalog / official + SP information,,,High,,2,,,,0,HONOR Magic 5 Pro,HONOR,Unknown,,,https://spinformation.info/all/smartphone-image-sensor/,Existing master Example_Phones,,High,PHONE:MAGIC5PRO,Exact normalized model match,Honor Magic5 Pro,152,154,144,,,,123,151,141,1199,2023-02-27,V5,https://www.dxomark.com/smartphones/Honor/Magic5-Pro,DXOMARK smartphone ranking,2026-09-27
Samsung,ISOCELL GN2,SAMSUNG:GN2,ISOCELL GN2,S5KGN2,S5KGN2,Marketing+internal mapped,50,,1/1.12,1.4,4-in-1,,Dual Pixel Pro,Smart-ISO Pro; Staggered HDR,RGGB,,,Xiaomi Mi 11 Ultra; HONOR Magic 5 Pro,https://spinformation.info/all/smartphone-image-sensor/,Existing catalog / official + SP information,,,High,,2,,,,0,Xiaomi Mi 11 Ultra,Xiaomi,Unknown,,,https://spinformation.info/all/smartphone-image-sensor/,Existing master Example_Phones,,High,PHONE:MI11ULTRA,Exact normalized model match,Xiaomi Mi 11 Ultra,141,139,138,,,,125,125,108,1200,2021-03-29,V5,https://www.dxomark.com/smartphones/Xiaomi/Mi-11-Ultra,DXOMARK smartphone ranking,2026-09-27
Samsung,ISOCELL GN3,SAMSUNG:GN3,ISOCELL GN3,S5KGN3,S5KGN3,Marketing+internal mapped,50.3,,1/1.57,1.0,4-in-1,,Dual Pixel,Smart-ISO Pro; Staggered HDR,RGGB,,,Galaxy S23; Galaxy S24; Galaxy S26,https://spinformation.info/all/smartphone-image-sensor/,Existing catalog / official + SP information,,,High,,3,,,,0,Galaxy S23,Samsung,Unknown,,,https://spinformation.info/all/smartphone-image-sensor/,Existing master Example_Phones,,High,PHONE:GALAXYS23,Exact normalized model match,Samsung Galaxy S23,133,129,137,,,,,149,109,799,2023-02-01,V5,https://www.dxomark.com/smartphones/Samsung/Galaxy-S23,DXOMARK smartphone ranking,2026-09-27
Samsung,ISOCELL GN3,SAMSUNG:GN3,ISOCELL GN3,S5KGN3,S5KGN3,Marketing+internal mapped,50.3,,1/1.57,1.0,4-in-1,,Dual Pixel,Smart-ISO Pro; Staggered HDR,RGGB,,,Galaxy S23; Galaxy S24; Galaxy S26,https://spinformation.info/all/smartphone-image-sensor/,Existing catalog / official + SP information,,,High,,3,,,,0,Galaxy S24,Samsung,Unknown,,,https://spinformation.info/all/smartphone-image-sensor/,Existing master Example_Phones,,High,PHONE:GALAXYS24,Tested variant: Exynos,Samsung Galaxy S24 (Exynos),133,134,125,,,,,154,107,799,2024-01-17,V5,https://www.dxomark.com/smartphones/Samsung/Galaxy-S24-(Exynos),DXOMARK smartphone ranking,2026-09-27
Samsung,ISOCELL GN3,SAMSUNG:GN3,ISOCELL GN3,S5KGN3,S5KGN3,Marketing+internal mapped,50.3,,1/1.57,1.0,4-in-1,,Dual Pixel,Smart-ISO Pro; Staggered HDR,RGGB,,,Galaxy S23; Galaxy S24; Galaxy S26,https://spinformation.info/all/smartphone-image-sensor/,Existing catalog / official + SP information,,,High,,3,,,,0,Galaxy S26,Samsung,Unknown,,,https://spinformation.info/all/smartphone-image-sensor/,Existing master Example_Phones,,High,PHONE:GALAXYS26,Exact normalized model match,Samsung Galaxy S26,146,144,151,,,,,,,899,2026-03-11,V6,https://www.dxomark.com/smartphones/Samsung/Galaxy-S26,DXOMARK smartphone ranking,2026-09-27
Samsung,ISOCELL GN5,SAMSUNG:GN5,ISOCELL GN5,S5KGN5,S5KGN5,Marketing+internal mapped,50,,1/1.57,1.0,4-in-1,,Dual Pixel Pro,Smart-ISO Pro; Staggered HDR,RGGB,,,iQOO 11; Realme GT6,https://spinformation.info/all/smartphone-image-sensor/,Existing catalog / official + SP information,,,High,,2,,,,0,Realme GT6,Realme,Unknown,,,https://spinformation.info/all/smartphone-image-sensor/,Existing master Example_Phones,,High,PHONE:REALMEGT6,Not yet matched,,,,,,,,,,,,,,,,
Samsung,ISOCELL GN5,SAMSUNG:GN5,ISOCELL GN5,S5KGN5,S5KGN5,Marketing+internal mapped,50,,1/1.57,1.0,4-in-1,,Dual Pixel Pro,Smart-ISO Pro; Staggered HDR,RGGB,,,iQOO 11; Realme GT6,https://spinformation.info/all/smartphone-image-sensor/,Existing catalog / official + SP information,,,High,,2,,,,0,iQOO 11,iQOO,Unknown,,,https://spinformation.info/all/smartphone-image-sensor/,Existing master Example_Phones,,High,PHONE:IQOO11,Not yet matched,,,,,,,,,,,,,,,,
Samsung,ISOCELL GN8,SAMSUNG:GN8,ISOCELL GN8,S5KGN8,S5KGN8,Marketing+internal mapped,50,,1/1.96,0.8,4-in-1,,,,RGGB,,,Google Pixel 9a; Motorola Razr 50 Ultra,https://spinformation.info/all/smartphone-image-sensor/,Existing catalog / official + SP information,,2024.0,High,https://helpix.ru/isensor/,2,,,,0,Google Pixel 9a,Google,Unknown,,,https://spinformation.info/all/smartphone-image-sensor/,Existing master Example_Phones,,High,PHONE:PIXEL9A,Exact normalized model match,Google Pixel 9a,128,144,100,,,,,155,,499,2025-04-10,V6,https://www.dxomark.com/smartphones/Google/Pixel-9a,DXOMARK smartphone ranking,2026-09-27
Samsung,ISOCELL GN8,SAMSUNG:GN8,ISOCELL GN8,S5KGN8,S5KGN8,Marketing+internal mapped,50,,1/1.96,0.8,4-in-1,,,,RGGB,,,Google Pixel 9a; Motorola Razr 50 Ultra,https://spinformation.info/all/smartphone-image-sensor/,Existing catalog / official + SP information,,2024.0,High,https://helpix.ru/isensor/,2,,,,0,Motorola Razr 50 Ultra,Motorola,Unknown,,,https://spinformation.info/all/smartphone-image-sensor/,Existing master Example_Phones,,High,PHONE:RAZR50ULTRA,Not yet matched,,,,,,,,,,,,,,,,
Samsung,ISOCELL GN9,SAMSUNG:GN9,ISOCELL GN9,S5KGN9,S5KGN9,Marketing+internal mapped,50,,1/1.56,1.0,4-in-1,,Dual Pixel,,RGGB,,,Nothing Phone (2a); Nothing Phone (3a),https://spinformation.info/all/smartphone-image-sensor/,Existing catalog / official + SP information,,2023.0,High,https://helpix.ru/isensor/,2,,,,0,Nothing Phone (2a),Nothing,Unknown,,,https://spinformation.info/all/smartphone-image-sensor/,Existing master Example_Phones,,High,PHONE:NOTHINGPHONE2A,Not yet matched,,,,,,,,,,,,,,,,
Samsung,ISOCELL GN9,SAMSUNG:GN9,ISOCELL GN9,S5KGN9,S5KGN9,Marketing+internal mapped,50,,1/1.56,1.0,4-in-1,,Dual Pixel,,RGGB,,,Nothing Phone (2a); Nothing Phone (3a),https://spinformation.info/all/smartphone-image-sensor/,Existing catalog / official + SP information,,2023.0,High,https://helpix.ru/isensor/,2,,,,0,Nothing Phone (3a),Nothing,Unknown,,,https://spinformation.info/all/smartphone-image-sensor/,Existing master Example_Phones,,High,PHONE:NOTHINGPHONE3A,Not yet matched,,,,,,,,,,,,,,,,
Samsung,ISOCELL GNG,SAMSUNG:GNG,ISOCELL GNG,S5KGNG,S5KGNG,Marketing+internal mapped,50,,1/1.56,1.0,,,,,,,,,https://helpix.ru/isensor/,Helpix smartphone sensor index,Added in ultra expansion; mobile-camera sensor index listing.,2026.0,Medium,,0,,,,0,,,,,,,,,,,No phone mapping,,,,,,,,,,,,,,,,
Samsung,ISOCELL GNH,SAMSUNG:GNH,ISOCELL GNH,S5KGNH,S5KGNH,Marketing+internal mapped,50,,1/1.12,1.4,,,,,,,,,https://helpix.ru/isensor/,Helpix smartphone sensor index,Added in ultra expansion; mobile-camera sensor index listing.,2023.0,Medium,,0,,,,0,,,,,,,,,,,No phone mapping,,,,,,,,,,,,,,,,
Samsung,ISOCELL GNJ,SAMSUNG:GNJ,ISOCELL GNJ,S5KGNJ,S5KGNJ,Marketing+internal mapped,50,,1/1.56,1.0,4-in-1,,Dual Pixel,Smart-ISO Pro; Staggered HDR,RGGB,,,Nothing Phone (3a) Pro; vivo V40 5G,https://spinformation.info/all/smartphone-image-sensor/,Existing catalog / official + SP information,Samsung official mobile product page available.,2024.0,High,https://helpix.ru/isensor/,2,,,,0,Nothing Phone (3a) Pro,Nothing,Unknown,,,https://spinformation.info/all/smartphone-image-sensor/,Existing master Example_Phones,,High,PHONE:NOTHINGPHONE3APRO,Not yet matched,,,,,,,,,,,,,,,,
Samsung,ISOCELL GNJ,SAMSUNG:GNJ,ISOCELL GNJ,S5KGNJ,S5KGNJ,Marketing+internal mapped,50,,1/1.56,1.0,4-in-1,,Dual Pixel,Smart-ISO Pro; Staggered HDR,RGGB,,,Nothing Phone (3a) Pro; vivo V40 5G,https://spinformation.info/all/smartphone-image-sensor/,Existing catalog / official + SP information,Samsung official mobile product page available.,2024.0,High,https://helpix.ru/isensor/,2,,,,0,vivo V40 5G,vivo,Unknown,,,https://spinformation.info/all/smartphone-image-sensor/,Existing master Example_Phones,,High,PHONE:V405G,Not yet matched,,,,,,,,,,,,,,,,
Samsung,ISOCELL GNK,SAMSUNG:GNK,ISOCELL GNK,S5KGNK,S5KGNK,Marketing+internal mapped,50,,1/1.3,1.2,4-in-1,,Dual Pixel Pro,Smart-ISO Pro; Staggered HDR,RGGB,,,Google Pixel 8; Pixel 8 Pro; Pixel 9,https://spinformation.info/all/smartphone-image-sensor/,Existing catalog / official + SP information,,2023.0,High,https://helpix.ru/isensor/,3,,,,0,Google Pixel 8,Google,Unknown,,,https://spinformation.info/all/smartphone-image-sensor/,Existing master Example_Phones,,High,PHONE:PIXEL8,Exact normalized model match,Google Pixel 8,148,152,148,,,,,153,103,699,2023-10-11,V5,https://www.dxomark.com/smartphones/Google/Pixel-8,DXOMARK smartphone ranking,2026-09-27
Samsung,ISOCELL GNK,SAMSUNG:GNK,ISOCELL GNK,S5KGNK,S5KGNK,Marketing+internal mapped,50,,1/1.3,1.2,4-in-1,,Dual Pixel Pro,Smart-ISO Pro; Staggered HDR,RGGB,,,Google Pixel 8; Pixel 8 Pro; Pixel 9,https://spinformation.info/all/smartphone-image-sensor/,Existing catalog / official + SP information,,2023.0,High,https://helpix.ru/isensor/,3,,,,0,Pixel 8 Pro,Pixel,Unknown,,,https://spinformation.info/all/smartphone-image-sensor/,Existing master Example_Phones,,High,PHONE:PIXEL8PRO,Exact normalized model match,Google Pixel 8 Pro,153,155,149,,,,145,154,111,999,2023-10-12,V5,https://www.dxomark.com/smartphones/Google/Pixel-8-Pro,DXOMARK smartphone ranking,2026-09-27
Samsung,ISOCELL GNK,SAMSUNG:GNK,ISOCELL GNK,S5KGNK,S5KGNK,Marketing+internal mapped,50,,1/1.3,1.2,4-in-1,,Dual Pixel Pro,Smart-ISO Pro; Staggered HDR,RGGB,,,Google Pixel 8; Pixel 8 Pro; Pixel 9,https://spinformation.info/all/smartphone-image-sensor/,Existing catalog / official + SP information,,2023.0,High,https://helpix.ru/isensor/,3,,,,0,Pixel 9,Pixel,Unknown,,,https://spinformation.info/all/smartphone-image-sensor/,Existing master Example_Phones,,High,PHONE:PIXEL9,Exact normalized model match,Google Pixel 9,143,152,126,,,,,156,,799,2024-08-22,V6,https://www.dxomark.com/smartphones/Google/Pixel-9,DXOMARK smartphone ranking,2026-09-27
Samsung,ISOCELL GNV,SAMSUNG:GNV,ISOCELL GNV,S5KGNV,S5KGNV,Marketing+internal mapped,50,,1/1.31,1.2,4-in-1,,Dual Pixel,3D-HDR; Tetra HDR,RGGB,,,Google Pixel 10; vivo X80 Pro,https://spinformation.info/all/smartphone-image-sensor/,Existing catalog / official + SP information,,2022.0,High,https://helpix.ru/isensor/,2,,,,0,Google Pixel 10,Google,Unknown,,,https://spinformation.info/all/smartphone-image-sensor/,Existing master Example_Phones,,High,PHONE:PIXEL10,Exact normalized model match,Google Pixel 10,,,,,,,,160,,899,2025-08-28,,https://www.dxomark.com/smartphones/Google/Pixel-10,DXOMARK smartphone ranking,2026-09-27
Samsung,ISOCELL GNV,SAMSUNG:GNV,ISOCELL GNV,S5KGNV,S5KGNV,Marketing+internal mapped,50,,1/1.31,1.2,4-in-1,,Dual Pixel,3D-HDR; Tetra HDR,RGGB,,,Google Pixel 10; vivo X80 Pro,https://spinformation.info/all/smartphone-image-sensor/,Existing catalog / official + SP information,,2022.0,High,https://helpix.ru/isensor/,2,,,,0,vivo X80 Pro,vivo,Unknown,,,https://spinformation.info/all/smartphone-image-sensor/,Existing master Example_Phones,,High,PHONE:X80PRO,Not yet matched,,,,,,,,,,,,,,,,
Samsung,ISOCELL GW2,SAMSUNG:GW2,ISOCELL GW2,S5KGW2,S5KGW2,Marketing+internal mapped,64,,1/1.72,0.8,,,,,,,,,https://helpix.ru/isensor/,Helpix smartphone sensor index,Added in ultra expansion; mobile-camera sensor index listing.,2020.0,Medium,,0,,,,0,,,,,,,,,,,No phone mapping,,,,,,,,,,,,,,,,
Samsung,ISOCELL GW3,SAMSUNG:GW3,ISOCELL GW3,S5KGW3,S5KGW3,Marketing+internal mapped,64,,1/1.97,0.7,,,,,,,,,https://helpix.ru/isensor/,Helpix smartphone sensor index,Added in ultra expansion; mobile-camera sensor index listing.,2020.0,Medium,,0,,,,0,,,,,,,,,,,No phone mapping,,,,,,,,,,,,,,,,
Samsung,ISOCELL GWB,SAMSUNG:GWB,ISOCELL GWB,S5KGWB,S5KGWB,Marketing+internal mapped,64,,1/1.70,0.8,,,,,,,,,https://helpix.ru/isensor/,Helpix smartphone sensor index,Added in ultra expansion; mobile-camera sensor index listing.,2021.0,Medium,,0,,,,0,,,,,,,,,,,No phone mapping,,,,,,,,,,,,,,,,
Samsung,ISOCELL HM1,SAMSUNG:HM1,ISOCELL HM1,S5KHM1,S5KHM1,Marketing+internal mapped,108,,1/1.33,0.8,9-in-1,,SuperPD,3D-HDR,RGGB,,,Galaxy S20 Ultra; Galaxy Note 20 Ultra,https://spinformation.info/all/smartphone-image-sensor/,Existing catalog / official + SP information,,,High,,2,,,,0,Galaxy Note 20 Ultra,Samsung,Unknown,,,https://spinformation.info/all/smartphone-image-sensor/,Existing master Example_Phones,,High,PHONE:GALAXYNOTE20ULTRA,Not yet matched,,,,,,,,,,,,,,,,
Samsung,ISOCELL HM1,SAMSUNG:HM1,ISOCELL HM1,S5KHM1,S5KHM1,Marketing+internal mapped,108,,1/1.33,0.8,9-in-1,,SuperPD,3D-HDR,RGGB,,,Galaxy S20 Ultra; Galaxy Note 20 Ultra,https://spinformation.info/all/smartphone-image-sensor/,Existing catalog / official + SP information,,,High,,2,,,,0,Galaxy S20 Ultra,Samsung,Unknown,,,https://spinformation.info/all/smartphone-image-sensor/,Existing master Example_Phones,,High,PHONE:GALAXYS20ULTRA,Not yet matched,,,,,,,,,,,,,,,,
Samsung,ISOCELL HM2,SAMSUNG:HM2,ISOCELL HM2,S5KHM2,S5KHM2,Marketing+internal mapped,108,,1/1.52,0.7,9-in-1,,SuperPD,Real-Time HDR,RGGB,,,,https://spinformation.info/all/smartphone-image-sensor/,Existing catalog / official + SP information,,,High,,0,,,,0,,,,,,,,,,,No phone mapping,,,,,,,,,,,,,,,,
Samsung,ISOCELL HM3,SAMSUNG:HM3,ISOCELL HM3,S5KHM3,S5KHM3,Marketing+internal mapped,108,,1/1.33,0.8,9-in-1,,SuperPD Plus,Smart-ISO Pro; Staggered HDR,RGGB,,,Galaxy S21 Ultra; Galaxy S22 Ultra,https://spinformation.info/all/smartphone-image-sensor/,Existing catalog / official + SP information,,,High,,2,,,,0,Galaxy S21 Ultra,Samsung,Unknown,,,https://spinformation.info/all/smartphone-image-sensor/,Existing master Example_Phones,,High,PHONE:GALAXYS21ULTRA,Not yet matched,,,,,,,,,,,,,,,,
Samsung,ISOCELL HM3,SAMSUNG:HM3,ISOCELL HM3,S5KHM3,S5KHM3,Marketing+internal mapped,108,,1/1.33,0.8,9-in-1,,SuperPD Plus,Smart-ISO Pro; Staggered HDR,RGGB,,,Galaxy S21 Ultra; Galaxy S22 Ultra,https://spinformation.info/all/smartphone-image-sensor/,Existing catalog / official + SP information,,,High,,2,,,,0,Galaxy S22 Ultra,Samsung,Unknown,,,https://spinformation.info/all/smartphone-image-sensor/,Existing master Example_Phones,,High,PHONE:GALAXYS22ULTRA,Not yet matched,,,,,,,,,,,,,,,,
Samsung,ISOCELL HM6,SAMSUNG:HM6,ISOCELL HM6,S5KHM6,S5KHM6,Marketing+internal mapped,108,,1/1.67,0.64,9-in-1,,SuperPD,Smart-ISO Pro,RGGB,,,Galaxy M54; OnePlus Nord CE3 Lite 5G; HONOR X50,https://spinformation.info/all/smartphone-image-sensor/,Existing catalog / official + SP information,,2022.0,High,https://helpix.ru/isensor/,3,,,,0,Galaxy M54,Samsung,Unknown,,,https://spinformation.info/all/smartphone-image-sensor/,Existing master Example_Phones,,High,PHONE:GALAXYM54,Not yet matched,,,,,,,,,,,,,,,,
Samsung,ISOCELL HM6,SAMSUNG:HM6,ISOCELL HM6,S5KHM6,S5KHM6,Marketing+internal mapped,108,,1/1.67,0.64,9-in-1,,SuperPD,Smart-ISO Pro,RGGB,,,Galaxy M54; OnePlus Nord CE3 Lite 5G; HONOR X50,https://spinformation.info/all/smartphone-image-sensor/,Existing catalog / official + SP information,,2022.0,High,https://helpix.ru/isensor/,3,,,,0,HONOR X50,HONOR,Unknown,,,https://spinformation.info/all/smartphone-image-sensor/,Existing master Example_Phones,,High,PHONE:X50,Not yet matched,,,,,,,,,,,,,,,,
Samsung,ISOCELL HM6,SAMSUNG:HM6,ISOCELL HM6,S5KHM6,S5KHM6,Marketing+internal mapped,108,,1/1.67,0.64,9-in-1,,SuperPD,Smart-ISO Pro,RGGB,,,Galaxy M54; OnePlus Nord CE3 Lite 5G; HONOR X50,https://spinformation.info/all/smartphone-image-sensor/,Existing catalog / official + SP information,,2022.0,High,https://helpix.ru/isensor/,3,,,,0,OnePlus Nord CE3 Lite 5G,OnePlus,Unknown,,,https://spinformation.info/all/smartphone-image-sensor/,Existing master Example_Phones,,High,PHONE:ONEPLUSNORDCE3LITE5G,Not yet matched,,,,,,,,,,,,,,,,
Samsung,ISOCELL HM9,SAMSUNG:HM9,ISOCELL HM9,S5KHM9,S5KHM9,Marketing+internal mapped,108,,1/1.67,0.64,,,,,,,,,https://helpix.ru/isensor/,Helpix smartphone sensor index,Added in ultra expansion; mobile-camera sensor index listing.,2025.0,Medium,,0,,,,0,,,,,,,,,,,No phone mapping,,,,,,,,,,,,,,,,
Samsung,ISOCELL HMX,SAMSUNG:HMX,ISOCELL HMX,S5KHMX,S5KHMX,Marketing+internal mapped,108,,1/1.33,0.8,4-in-1,,SuperPD,,RGGB,,,Xiaomi Mi 10; Xiaomi Mi 11; Mi Note 10,https://spinformation.info/all/smartphone-image-sensor/,Existing catalog / official + SP information,,,High,,3,,,,0,Mi Note 10,Mi,Unknown,,,https://spinformation.info/all/smartphone-image-sensor/,Existing master Example_Phones,,High,PHONE:MINOTE10,Not yet matched,,,,,,,,,,,,,,,,
Samsung,ISOCELL HMX,SAMSUNG:HMX,ISOCELL HMX,S5KHMX,S5KHMX,Marketing+internal mapped,108,,1/1.33,0.8,4-in-1,,SuperPD,,RGGB,,,Xiaomi Mi 10; Xiaomi Mi 11; Mi Note 10,https://spinformation.info/all/smartphone-image-sensor/,Existing catalog / official + SP information,,,High,,3,,,,0,Xiaomi Mi 10,Xiaomi,Unknown,,,https://spinformation.info/all/smartphone-image-sensor/,Existing master Example_Phones,,High,PHONE:MI10,Not yet matched,,,,,,,,,,,,,,,,
Samsung,ISOCELL HMX,SAMSUNG:HMX,ISOCELL HMX,S5KHMX,S5KHMX,Marketing+internal mapped,108,,1/1.33,0.8,4-in-1,,SuperPD,,RGGB,,,Xiaomi Mi 10; Xiaomi Mi 11; Mi Note 10,https://spinformation.info/all/smartphone-image-sensor/,Existing catalog / official + SP information,,,High,,3,,,,0,Xiaomi Mi 11,Xiaomi,Unknown,,,https://spinformation.info/all/smartphone-image-sensor/,Existing master Example_Phones,,High,PHONE:MI11,Exact normalized model match,Xiaomi Mi 11,,,,,,,112,125,82,799,2020-12-01,,https://www.dxomark.com/smartphones/Xiaomi/Mi-11,DXOMARK smartphone ranking,2026-09-27
Samsung,ISOCELL HP0,SAMSUNG:HP0,ISOCELL HP0,S5KHP0,S5KHP0,Marketing+internal mapped,200,,1/1.40,0.56,,,,,,,,,https://helpix.ru/isensor/,Helpix smartphone sensor index,Added in ultra expansion; mobile-camera sensor index listing.,2026.0,Medium,,0,,,,0,,,,,,,,,,,No phone mapping,,,,,,,,,,,,,,,,
Samsung,ISOCELL HP1,SAMSUNG:HP1,ISOCELL HP1,S5KHP1,S5KHP1,Marketing+internal mapped,200,,1/1.22,0.64,16-in-1,,Double SuperPD,Smart-ISO Pro; Staggered HDR,RGGB,,,Xiaomi 12T Pro; Motorola Edge 30 Ultra,https://spinformation.info/all/smartphone-image-sensor/,Existing catalog / official + SP information,,,High,,2,,,,0,Motorola Edge 30 Ultra,Motorola,Unknown,,,https://spinformation.info/all/smartphone-image-sensor/,Existing master Example_Phones,,High,PHONE:EDGE30ULTRA,Not yet matched,,,,,,,,,,,,,,,,
Samsung,ISOCELL HP1,SAMSUNG:HP1,ISOCELL HP1,S5KHP1,S5KHP1,Marketing+internal mapped,200,,1/1.22,0.64,16-in-1,,Double SuperPD,Smart-ISO Pro; Staggered HDR,RGGB,,,Xiaomi 12T Pro; Motorola Edge 30 Ultra,https://spinformation.info/all/smartphone-image-sensor/,Existing catalog / official + SP information,,,High,,2,,,,0,Xiaomi 12T Pro,Xiaomi,Unknown,,,https://spinformation.info/all/smartphone-image-sensor/,Existing master Example_Phones,,High,PHONE:12TPRO,Exact normalized model match,Xiaomi 12T Pro,129,130,134,,,,,127,123,799,2022-10-04,V5,https://www.dxomark.com/smartphones/Xiaomi/12T-Pro,DXOMARK smartphone ranking,2026-09-27
Samsung,ISOCELL HP2,SAMSUNG:HP2,ISOCELL HP2,S5KHP2,S5KHP2,Marketing+internal mapped,200,,1/1.3,0.6,16-in-1,,Super QPD,Smart-ISO Pro,RGGB,,,Galaxy S23 Ultra; Galaxy S24 Ultra; Galaxy S25 Ultra,https://spinformation.info/all/smartphone-image-sensor/,Existing catalog / official + SP information,,,High,,3,,,,0,Galaxy S23 Ultra,Samsung,Unknown,,,https://spinformation.info/all/smartphone-image-sensor/,Existing master Example_Phones,,High,PHONE:GALAXYS23ULTRA,Exact normalized model match,Samsung Galaxy S23 Ultra,140,139,137,,,,141,148,142,1199,2023-02-01,V5,https://www.dxomark.com/smartphones/Samsung/Galaxy-S23-Ultra,DXOMARK smartphone ranking,2026-09-27
Samsung,ISOCELL HP2,SAMSUNG:HP2,ISOCELL HP2,S5KHP2,S5KHP2,Marketing+internal mapped,200,,1/1.3,0.6,16-in-1,,Super QPD,Smart-ISO Pro,RGGB,,,Galaxy S23 Ultra; Galaxy S24 Ultra; Galaxy S25 Ultra,https://spinformation.info/all/smartphone-image-sensor/,Existing catalog / official + SP information,,,High,,3,,,,0,Galaxy S24 Ultra,Samsung,Unknown,,,https://spinformation.info/all/smartphone-image-sensor/,Existing master Example_Phones,,High,PHONE:GALAXYS24ULTRA,Exact normalized model match,Samsung Galaxy S24 Ultra,144,144,137,,,,,155,130,1299,2024-01-31,V5,https://www.dxomark.com/smartphones/Samsung/Galaxy-S24-Ultra,DXOMARK smartphone ranking,2026-09-27
Samsung,ISOCELL HP2,SAMSUNG:HP2,ISOCELL HP2,S5KHP2,S5KHP2,Marketing+internal mapped,200,,1/1.3,0.6,16-in-1,,Super QPD,Smart-ISO Pro,RGGB,,,Galaxy S23 Ultra; Galaxy S24 Ultra; Galaxy S25 Ultra,https://spinformation.info/all/smartphone-image-sensor/,Existing catalog / official + SP information,,,High,,3,,,,0,Galaxy S25 Ultra,Samsung,Unknown,,,https://spinformation.info/all/smartphone-image-sensor/,Existing master Example_Phones,,High,PHONE:GALAXYS25ULTRA,Exact normalized model match,Samsung Galaxy S25 Ultra,151,152,150,,,,,160,,1299,2025-02-07,V6,https://www.dxomark.com/smartphones/Samsung/Galaxy-S25-Ultra,DXOMARK smartphone ranking,2026-09-27
Samsung,ISOCELL HP3,SAMSUNG:HP3,ISOCELL HP3,S5KHP3,S5KHP3,Marketing+internal mapped,200,,1/1.4,0.56,16-in-1,,Super QPD,Smart-ISO Pro; Staggered HDR,RGGB,,,Redmi Note 13 Pro+; HONOR Magic 7 Pro,https://spinformation.info/all/smartphone-image-sensor/,Existing catalog / official + SP information,,,High,,2,,,,0,HONOR Magic 7 Pro,HONOR,Unknown,,,https://spinformation.info/all/smartphone-image-sensor/,Existing master Example_Phones,,High,PHONE:MAGIC7PRO,Exact normalized model match,Honor Magic7 Pro,148,148,149,,,,,153,,1299,2025-01-15,V6,https://www.dxomark.com/smartphones/Honor/Magic7-Pro,DXOMARK smartphone ranking,2026-09-27
Samsung,ISOCELL HP3,SAMSUNG:HP3,ISOCELL HP3,S5KHP3,S5KHP3,Marketing+internal mapped,200,,1/1.4,0.56,16-in-1,,Super QPD,Smart-ISO Pro; Staggered HDR,RGGB,,,Redmi Note 13 Pro+; HONOR Magic 7 Pro,https://spinformation.info/all/smartphone-image-sensor/,Existing catalog / official + SP information,,,High,,2,,,,0,Redmi Note 13 Pro+,Xiaomi,Unknown,,,https://spinformation.info/all/smartphone-image-sensor/,Existing master Example_Phones,,High,PHONE:REDMINOTE13PRO,Not yet matched,,,,,,,,,,,,,,,,
Samsung,ISOCELL HP5,SAMSUNG:HP5,ISOCELL HP5,S5KHP5,S5KHP5,Marketing+internal mapped,200,,1/1.56,0.5,16-in-1,,,,RGGB,,,Realme GT8 Pro; OPPO Find X9 Pro,https://spinformation.info/all/smartphone-image-sensor/,Existing catalog / official + SP information,Listed by Samsung as a recent mobile image sensor.,2025.0,High,https://helpix.ru/isensor/,2,,,,0,OPPO Find X9 Pro,OPPO,Unknown,,,https://spinformation.info/all/smartphone-image-sensor/,Existing master Example_Phones,,High,PHONE:FINDX9PRO,Exact normalized model match,Oppo Find X9 Pro,166,169,159,,,,,,,1299,2025-11-06,V6,https://www.dxomark.com/smartphones/Oppo/Find-X9-Pro,DXOMARK smartphone ranking,2026-09-27
Samsung,ISOCELL HP5,SAMSUNG:HP5,ISOCELL HP5,S5KHP5,S5KHP5,Marketing+internal mapped,200,,1/1.56,0.5,16-in-1,,,,RGGB,,,Realme GT8 Pro; OPPO Find X9 Pro,https://spinformation.info/all/smartphone-image-sensor/,Existing catalog / official + SP information,Listed by Samsung as a recent mobile image sensor.,2025.0,High,https://helpix.ru/isensor/,2,,,,0,Realme GT8 Pro,Realme,Unknown,,,https://spinformation.info/all/smartphone-image-sensor/,Existing master Example_Phones,,High,PHONE:REALMEGT8PRO,Not yet matched,,,,,,,,,,,,,,,,
Samsung,ISOCELL HP9,SAMSUNG:HP9,ISOCELL HP9,S5KHP9,S5KHP9,Marketing+internal mapped,200,,1/1.4,0.56,16-in-1,,,,RGGB,,,vivo X100 Ultra; vivo X200 Pro; HONOR Magic 8 Pro,https://spinformation.info/all/smartphone-image-sensor/,Existing catalog / official + SP information,,2024.0,High,https://helpix.ru/isensor/,3,,,,0,HONOR Magic 8 Pro,HONOR,Unknown,,,https://spinformation.info/all/smartphone-image-sensor/,Existing master Example_Phones,,High,PHONE:MAGIC8PRO,Exact normalized model match,Honor Magic8 Pro,164,170,154,,,,,,,1299,2025-10-15,V6,https://www.dxomark.com/smartphones/Honor/Magic8-Pro,DXOMARK smartphone ranking,2026-09-27
Samsung,ISOCELL HP9,SAMSUNG:HP9,ISOCELL HP9,S5KHP9,S5KHP9,Marketing+internal mapped,200,,1/1.4,0.56,16-in-1,,,,RGGB,,,vivo X100 Ultra; vivo X200 Pro; HONOR Magic 8 Pro,https://spinformation.info/all/smartphone-image-sensor/,Existing catalog / official + SP information,,2024.0,High,https://helpix.ru/isensor/,3,,,,0,vivo X100 Ultra,vivo,Unknown,,,https://spinformation.info/all/smartphone-image-sensor/,Existing master Example_Phones,,High,PHONE:X100ULTRA,Not yet matched,,,,,,,,,,,,,,,,
Samsung,ISOCELL HP9,SAMSUNG:HP9,ISOCELL HP9,S5KHP9,S5KHP9,Marketing+internal mapped,200,,1/1.4,0.56,16-in-1,,,,RGGB,,,vivo X100 Ultra; vivo X200 Pro; HONOR Magic 8 Pro,https://spinformation.info/all/smartphone-image-sensor/,Existing catalog / official + SP information,,2024.0,High,https://helpix.ru/isensor/,3,,,,0,vivo X200 Pro,vivo,Unknown,,,https://spinformation.info/all/smartphone-image-sensor/,Existing master Example_Phones,,High,PHONE:X200PRO,Not yet matched,,,,,,,,,,,,,,,,
Samsung,ISOCELL HPB,SAMSUNG:HPB,ISOCELL HPB,S5KHPB,S5KHPB,Marketing+internal mapped,200,,1/1.4,0.56,16-in-1,,,,RGGB,,,vivo X300; vivo X300 Pro; vivo X300 Ultra,https://spinformation.info/all/smartphone-image-sensor/,Existing catalog / official + SP information,,2025.0,High,https://helpix.ru/isensor/,3,,,,0,vivo X300,vivo,Unknown,,,https://spinformation.info/all/smartphone-image-sensor/,Existing master Example_Phones,,High,PHONE:X300,Not yet matched,,,,,,,,,,,,,,,,
Samsung,ISOCELL HPB,SAMSUNG:HPB,ISOCELL HPB,S5KHPB,S5KHPB,Marketing+internal mapped,200,,1/1.4,0.56,16-in-1,,,,RGGB,,,vivo X300; vivo X300 Pro; vivo X300 Ultra,https://spinformation.info/all/smartphone-image-sensor/,Existing catalog / official + SP information,,2025.0,High,https://helpix.ru/isensor/,3,,,,0,vivo X300 Pro,vivo,Unknown,,,https://spinformation.info/all/smartphone-image-sensor/,Existing master Example_Phones,,High,PHONE:X300PRO,Exact normalized model match,Vivo X300 Pro,171,171,169,,,,,,,1299,2025-10-17,V6,https://www.dxomark.com/smartphones/Vivo/X300-Pro,DXOMARK smartphone ranking,2026-09-27
Samsung,ISOCELL HPB,SAMSUNG:HPB,ISOCELL HPB,S5KHPB,S5KHPB,Marketing+internal mapped,200,,1/1.4,0.56,16-in-1,,,,RGGB,,,vivo X300; vivo X300 Pro; vivo X300 Ultra,https://spinformation.info/all/smartphone-image-sensor/,Existing catalog / official + SP information,,2025.0,High,https://helpix.ru/isensor/,3,,,,0,vivo X300 Ultra,vivo,Unknown,,,https://spinformation.info/all/smartphone-image-sensor/,Existing master Example_Phones,,High,PHONE:X300ULTRA,Exact normalized model match,Vivo X300 Ultra,170,174,162,,,,,,,1499,2026-04-08,V6,https://www.dxomark.com/smartphones/Vivo/X300-Ultra,DXOMARK smartphone ranking,2026-09-27
Samsung,ISOCELL HPE,SAMSUNG:HPE,ISOCELL HPE,S5KHPE,S5KHPE,Marketing+internal mapped,200,,1/1.40,0.56,,,,,,,,,https://helpix.ru/isensor/,Helpix smartphone sensor index,Added in ultra expansion; mobile-camera sensor index listing.,2025.0,Medium,,0,,,,0,,,,,,,,,,,No phone mapping,,,,,,,,,,,,,,,,
Samsung,ISOCELL HPX,SAMSUNG:HPX,ISOCELL HPX,S5KHPX,S5KHPX,Marketing+internal mapped,200,,1/1.4,0.56,16-in-1,,Super QPD,Smart-ISO Pro; Staggered HDR,RGGB,,,Redmi Note 12 Pro+; Redmi Note 12 Discovery Edition,https://spinformation.info/all/smartphone-image-sensor/,Existing catalog / official + SP information,,,High,,2,,,,0,Redmi Note 12 Discovery Edition,Xiaomi,Unknown,,,https://spinformation.info/all/smartphone-image-sensor/,Existing master Example_Phones,,High,PHONE:REDMINOTE12DISCOVERYEDITION,Not yet matched,,,,,,,,,,,,,,,,
Samsung,ISOCELL HPX,SAMSUNG:HPX,ISOCELL HPX,S5KHPX,S5KHPX,Marketing+internal mapped,200,,1/1.4,0.56,16-in-1,,Super QPD,Smart-ISO Pro; Staggered HDR,RGGB,,,Redmi Note 12 Pro+; Redmi Note 12 Discovery Edition,https://spinformation.info/all/smartphone-image-sensor/,Existing catalog / official + SP information,,,High,,2,,,,0,Redmi Note 12 Pro+,Xiaomi,Unknown,,,https://spinformation.info/all/smartphone-image-sensor/,Existing master Example_Phones,,High,PHONE:REDMINOTE12PRO,Not yet matched,,,,,,,,,,,,,,,,
Samsung,ISOCELL JD1,SAMSUNG:JD1,ISOCELL JD1,S5KJD1,S5KJD1,Marketing+internal mapped,32.2,6560 x 4920,1/3.14,0.7,4in1,,PDAF (Super PD),Staggered HDR,RGGB,,,Xiaomi Civi,https://spinformation.info/all/smartphone-image-sensor/,SP information,,2020.0,Medium-High,https://helpix.ru/isensor/,1,,,,0,Xiaomi Civi,Xiaomi,Unknown,,,https://spinformation.info/all/smartphone-image-sensor/,Existing master Example_Phones,,Medium-High,PHONE:CIVI,Not yet matched,,,,,,,,,,,,,,,,
Samsung,ISOCELL JN1,SAMSUNG:JN1,ISOCELL JN1,S5KJN1,S5KJN1,Marketing+internal mapped,50,,1/2.76,0.64,4-in-1,,Double SuperPD,Inter-scene DCG,RGGB,,,Xiaomi 15; HONOR Magic 7; vivo X200,https://spinformation.info/all/smartphone-image-sensor/,Existing catalog / official + SP information,Samsung official mobile product page available.,,High,,3,,,,0,HONOR Magic 7,HONOR,Unknown,,,https://spinformation.info/all/smartphone-image-sensor/,Existing master Example_Phones,,High,PHONE:MAGIC7,Not yet matched,,,,,,,,,,,,,,,,
Samsung,ISOCELL JN1,SAMSUNG:JN1,ISOCELL JN1,S5KJN1,S5KJN1,Marketing+internal mapped,50,,1/2.76,0.64,4-in-1,,Double SuperPD,Inter-scene DCG,RGGB,,,Xiaomi 15; HONOR Magic 7; vivo X200,https://spinformation.info/all/smartphone-image-sensor/,Existing catalog / official + SP information,Samsung official mobile product page available.,,High,,3,,,,0,Xiaomi 15,Xiaomi,Unknown,,,https://spinformation.info/all/smartphone-image-sensor/,Existing master Example_Phones,,High,PHONE:15,Exact normalized model match,Xiaomi 15,147,150,133,,,,,148,,999,2025-03-02,V5,https://www.dxomark.com/smartphones/Xiaomi/15,DXOMARK smartphone ranking,2026-09-27
Samsung,ISOCELL JN1,SAMSUNG:JN1,ISOCELL JN1,S5KJN1,S5KJN1,Marketing+internal mapped,50,,1/2.76,0.64,4-in-1,,Double SuperPD,Inter-scene DCG,RGGB,,,Xiaomi 15; HONOR Magic 7; vivo X200,https://spinformation.info/all/smartphone-image-sensor/,Existing catalog / official + SP information,Samsung official mobile product page available.,,High,,3,,,,0,vivo X200,vivo,Unknown,,,https://spinformation.info/all/smartphone-image-sensor/,Existing master Example_Phones,,High,PHONE:X200,Not yet matched,,,,,,,,,,,,,,,,
Samsung,ISOCELL JN3,SAMSUNG:JN3,ISOCELL JN3,S5KJN3,S5KJN3,Marketing+internal mapped,50,,1/2.76,0.64,4-in-1,,Double SuperPD,,RGGB,,,Galaxy S25 Ultra; Galaxy S26 Ultra,https://spinformation.info/all/smartphone-image-sensor/,Existing catalog / official + SP information,,2025.0,High,https://helpix.ru/isensor/,2,,,,0,Galaxy S25 Ultra,Samsung,Unknown,,,https://spinformation.info/all/smartphone-image-sensor/,Existing master Example_Phones,,High,PHONE:GALAXYS25ULTRA,Exact normalized model match,Samsung Galaxy S25 Ultra,151,152,150,,,,,160,,1299,2025-02-07,V6,https://www.dxomark.com/smartphones/Samsung/Galaxy-S25-Ultra,DXOMARK smartphone ranking,2026-09-27
Samsung,ISOCELL JN3,SAMSUNG:JN3,ISOCELL JN3,S5KJN3,S5KJN3,Marketing+internal mapped,50,,1/2.76,0.64,4-in-1,,Double SuperPD,,RGGB,,,Galaxy S25 Ultra; Galaxy S26 Ultra,https://spinformation.info/all/smartphone-image-sensor/,Existing catalog / official + SP information,,2025.0,High,https://helpix.ru/isensor/,2,,,,0,Galaxy S26 Ultra,Samsung,Unknown,,,https://spinformation.info/all/smartphone-image-sensor/,Existing master Example_Phones,,High,PHONE:GALAXYS26ULTRA,Exact normalized model match,Samsung Galaxy S26 Ultra,157,160,153,,,,142,,,1299,2026-03-11,V6,https://www.dxomark.com/smartphones/Samsung/Galaxy-S26-Ultra,DXOMARK smartphone ranking,2026-09-27
Samsung,ISOCELL JN5,SAMSUNG:JN5,ISOCELL JN5,S5KJN5,S5KJN5,Marketing+internal mapped,50,,1/2.75,0.64,4-in-1,,Double SuperPD,Inter-scene DCG,RGGB,,,OnePlus 13; OPPO Find X8; Xiaomi 15,https://spinformation.info/all/smartphone-image-sensor/,Existing catalog / official + SP information,Samsung official mobile product page available.,2024.0,High,https://helpix.ru/isensor/,3,,,,0,OPPO Find X8,OPPO,Unknown,,,https://spinformation.info/all/smartphone-image-sensor/,Existing master Example_Phones,,High,PHONE:FINDX8,Exact normalized model match,Oppo Find X8,,,,,,,,,156,650,2024-10-30,,https://www.dxomark.com/smartphones/Oppo/Find-X8,DXOMARK smartphone ranking,2026-09-27
Samsung,ISOCELL JN5,SAMSUNG:JN5,ISOCELL JN5,S5KJN5,S5KJN5,Marketing+internal mapped,50,,1/2.75,0.64,4-in-1,,Double SuperPD,Inter-scene DCG,RGGB,,,OnePlus 13; OPPO Find X8; Xiaomi 15,https://spinformation.info/all/smartphone-image-sensor/,Existing catalog / official + SP information,Samsung official mobile product page available.,2024.0,High,https://helpix.ru/isensor/,3,,,,0,OnePlus 13,OnePlus,Unknown,,,https://spinformation.info/all/smartphone-image-sensor/,Existing master Example_Phones,,High,PHONE:ONEPLUS13,Exact normalized model match,OnePlus 13,,,,,,,,143,,899,2024-10-31,,https://www.dxomark.com/smartphones/OnePlus/13,DXOMARK smartphone ranking,2026-09-27
Samsung,ISOCELL JN5,SAMSUNG:JN5,ISOCELL JN5,S5KJN5,S5KJN5,Marketing+internal mapped,50,,1/2.75,0.64,4-in-1,,Double SuperPD,Inter-scene DCG,RGGB,,,OnePlus 13; OPPO Find X8; Xiaomi 15,https://spinformation.info/all/smartphone-image-sensor/,Existing catalog / official + SP information,Samsung official mobile product page available.,2024.0,High,https://helpix.ru/isensor/,3,,,,0,Xiaomi 15,Xiaomi,Unknown,,,https://spinformation.info/all/smartphone-image-sensor/,Existing master Example_Phones,,High,PHONE:15,Exact normalized model match,Xiaomi 15,147,150,133,,,,,148,,999,2025-03-02,V5,https://www.dxomark.com/smartphones/Xiaomi/15,DXOMARK smartphone ranking,2026-09-27
Samsung,ISOCELL JNL,SAMSUNG:JNL,ISOCELL JNL,S5KJNL,S5KJNL,Marketing+internal mapped,50,,1/2.75,0.64,,,,,,,,,https://helpix.ru/isensor/,Helpix smartphone sensor index,Added in ultra expansion; mobile-camera sensor index listing.,2026.0,Medium,,0,,,,0,,,,,,,,,,,No phone mapping,,,,,,,,,,,,,,,,
Samsung,ISOCELL JNP,SAMSUNG:JNP,ISOCELL JNP,S5KJNP,S5KJNP,Marketing+internal mapped,50,,,0.64,,,,,,,,,https://helpix.ru/isensor/,Helpix smartphone sensor index,Added in ultra expansion; mobile-camera sensor index listing.,2025.0,Medium,,0,,,,0,,,,,,,,,,,No phone mapping,,,,,,,,,,,,,,,,
Samsung,ISOCELL JNS,SAMSUNG:JNS,ISOCELL JNS,S5KJNS,S5KJNS,Marketing+internal mapped,50,,1/2.76,0.64,,,,,,,,,https://helpix.ru/isensor/,Helpix smartphone sensor index,Added in ultra expansion; mobile-camera sensor index listing.,2024.0,Medium,,0,,,,0,,,,,,,,,,,No phone mapping,,,,,,,,,,,,,,,,
Samsung,ISOCELL JNV,SAMSUNG:JNV,ISOCELL JNV,S5KJNV,S5KJNV,Marketing+internal mapped,50,,1/2.76,0.64,4-in-1,,Double SuperPD,Inter-scene DCG,RGGB,,,vivo S12; vivo V23 Pro,https://spinformation.info/all/smartphone-image-sensor/,Existing catalog / official + SP information,,,High,,2,,,,0,vivo S12,vivo,Unknown,,,https://spinformation.info/all/smartphone-image-sensor/,Existing master Example_Phones,,High,PHONE:S12,Not yet matched,,,,,,,,,,,,,,,,
Samsung,ISOCELL JNV,SAMSUNG:JNV,ISOCELL JNV,S5KJNV,S5KJNV,Marketing+internal mapped,50,,1/2.76,0.64,4-in-1,,Double SuperPD,Inter-scene DCG,RGGB,,,vivo S12; vivo V23 Pro,https://spinformation.info/all/smartphone-image-sensor/,Existing catalog / official + SP information,,,High,,2,,,,0,vivo V23 Pro,vivo,Unknown,,,https://spinformation.info/all/smartphone-image-sensor/,Existing master Example_Phones,,High,PHONE:V23PRO,Not yet matched,,,,,,,,,,,,,,,,
Samsung,ISOCELL KD1,SAMSUNG:KD1,ISOCELL KD1,S5KKD1,S5KKD1,Marketing+internal mapped,32,,1/3.44,0.64,,,,,,,,,https://helpix.ru/isensor/,Helpix smartphone sensor index,Added in ultra expansion; mobile-camera sensor index listing.,2024.0,Medium,,0,,,,0,,,,,,,,,,,No phone mapping,,,,,,,,,,,,,,,,
Samsung,ISOCELL KDS,SAMSUNG:KDS,ISOCELL KDS,S5KKDS,S5KKDS,Marketing+internal mapped,32,,1/3.44,0.64,,,,,,,,,https://helpix.ru/isensor/,Helpix smartphone sensor index,Added in ultra expansion; mobile-camera sensor index listing.,2025.0,Medium,,0,,,,0,,,,,,,,,,,No phone mapping,,,,,,,,,,,,,,,,
SmartSens,SC080CS,SMARTSENS:SC080CS,SC080CS,,,Canonical product name,QVGA,248 x 328,1/20,2.24,,,,,,,,,https://www.smartsenstech.com/en/mcs_products,Manufacturer official,Official SmartSens smartphone-series product list,,High,,0,,,,0,,,,,,,,,,,No phone mapping,,,,,,,,,,,,,,,,
SmartSens,SC1220CS,SMARTSENS:SC1220CS,SC1220CS,,,Canonical product name,,,1/3.60,,,,,,,,,,https://helpix.ru/isensor/,Helpix smartphone sensor index,Added in ultra expansion; mobile-camera sensor index listing.,2025.0,Medium,,0,,,,0,,,,,,,,,,,No phone mapping,,,,,,,,,,,,,,,,
SmartSens,SC130HS,SMARTSENS:SC130HS,SC130HS,,,Canonical product name,13,4208 x 3120,1/3.06,1.116,,,,HDR: Yes,,,,,https://www.smartsenstech.com/en/mcs_products,Manufacturer official,Official SmartSens smartphone-series product list,,High,,0,,,,0,,,,,,,,,,,No phone mapping,,,,,,,,,,,,,,,,
SmartSens,SC1320CS,SMARTSENS:SC1320CS,SC1320CS,,,Canonical product name,13,4224 x 3134,1/3.06,1.12,,,,,,,,,https://www.smartsenstech.com/en/mcs_products,Manufacturer official,Official SmartSens smartphone-series product list,2023.0,High,https://helpix.ru/isensor/,0,,,,0,,,,,,,,,,,No phone mapping,,,,,,,,,,,,,,,,
SmartSens,SC1325CS,SMARTSENS:SC1325CS,SC1325CS,,,Canonical product name,13,4208 x 3120,1/3.06,1.12,,,,,,,,,https://www.smartsenstech.com/en/mcs_products,Manufacturer official,Official SmartSens smartphone-series product list,,High,,0,,,,0,,,,,,,,,,,No phone mapping,,,,,,,,,,,,,,,,
SmartSens,SC140HS,SMARTSENS:SC140HS,SC140HS,,,Canonical product name,14,4576 x 3168,1/2.64,1.224,,,,HDR: Yes,,,,,https://www.smartsenstech.com/en/mcs_products,Manufacturer official,Official SmartSens smartphone-series product list,,High,,0,,,,0,,,,,,,,,,,No phone mapping,,,,,,,,,,,,,,,,
SmartSens,SC1600CS,SMARTSENS:SC1600CS,SC1600CS,,,Canonical product name,16,4656 x 3096,1/3.06,1.0,,,,,,,,,https://www.smartsenstech.com/en/mcs_products,Manufacturer official,Official SmartSens smartphone-series product list,,High,,0,,,,0,,,,,,,,,,,No phone mapping,,,,,,,,,,,,,,,,
SmartSens,SC1620CS,SMARTSENS:SC1620CS,SC1620CS,,,Canonical product name,16,4672 x 3512,1/3.09,1.0,,,,,,,,,https://www.smartsenstech.com/en/mcs_products,Manufacturer official,Official SmartSens smartphone-series product list,2024.0,High,https://helpix.ru/isensor/,0,,,,0,,,,,,,,,,,No phone mapping,,,,,,,,,,,,,,,,
SmartSens,SC200AI,SMARTSENS:SC200AI,SC200AI,,,Canonical product name,2,,1/2.80,2.9,,,,,,,,,https://helpix.ru/isensor/,Helpix smartphone sensor index,Added in ultra expansion; mobile-camera sensor index listing.,2020.0,Medium,,0,,,,0,,,,,,,,,,,No phone mapping,,,,,,,,,,,,,,,,
SmartSens,SC202CS,SMARTSENS:SC202CS,SC202CS,,,Canonical product name,2,1608 x 1208,1/5.1,1.75,,,,,,,,,https://www.smartsenstech.com/en/mcs_products,Manufacturer official,Official SmartSens smartphone-series product list,,High,https://helpix.ru/isensor/,0,,,,0,,,,,,,,,,,No phone mapping,,,,,,,,,,,,,,,,
SmartSens,SC5000CS,SMARTSENS:SC5000CS,SC5000CS,,,Canonical product name,50,8224 x 6176,1/2.5,0.702,,,,HDR: Yes,,,,,https://www.smartsenstech.com/en/mcs_products,Manufacturer official,Official SmartSens smartphone-series product list,2025.0,High,https://helpix.ru/isensor/,0,,,,0,,,,,,,,,,,No phone mapping,,,,,,,,,,,,,,,,
SmartSens,SC501CS,SMARTSENS:SC501CS,SC501CS,,,Canonical product name,5,2600 x 1952,1/5,1.12,,,,,,,,,https://www.smartsenstech.com/en/mcs_products,Manufacturer official,Official SmartSens smartphone-series product list,2020.0,High,https://helpix.ru/isensor/,0,,,,0,,,,,,,,,,,No phone mapping,,,,,,,,,,,,,,,,
SmartSens,SC505HS,SMARTSENS:SC505HS,SC505HS,,,Canonical product name,50,8224 x 6176,1/2.88,0.61,,,,,,,,,https://www.smartsenstech.com/en/mcs_products,Manufacturer official,Official SmartSens smartphone-series product list,,High,,0,,,,0,,,,,,,,,,,No phone mapping,,,,,,,,,,,,,,,,
SmartSens,SC512HS,SMARTSENS:SC512HS,SC512HS,,,Canonical product name,50,8224 x 6176,1/2.76,0.64,,,,HDR: Yes,,,,,https://www.smartsenstech.com/en/mcs_products,Manufacturer official,Official SmartSens smartphone-series product list,,High,,0,,,,0,,,,,,,,,,,No phone mapping,,,,,,,,,,,,,,,,
SmartSens,SC520CS,SMARTSENS:SC520CS,SC520CS,,,Canonical product name,5,2600 x 1960,1/5,1.12,,,,,,,,,https://www.smartsenstech.com/en/mcs_products,Manufacturer official,Official SmartSens smartphone-series product list,2022.0,High,https://helpix.ru/isensor/,0,,,,0,,,,,,,,,,,No phone mapping,,,,,,,,,,,,,,,,
SmartSens,SC520XS,SMARTSENS:SC520XS,SC520XS,,,Canonical product name,52,,1/2.42,0.7,,,,,,,,,https://www.smartsenstech.com/en/mcs_products,Manufacturer official,Official SmartSens smartphone-series product list,2022.0,High,https://helpix.ru/isensor/,0,,,,0,,,,,,,,,,,No phone mapping,,,,,,,,,,,,,,,,
SmartSens,SC521CS,SMARTSENS:SC521CS,SC521CS,,,Canonical product name,5,2600 x 1952,1/5,1.12,,,,,,,,,https://www.smartsenstech.com/en/mcs_products,Manufacturer official,Official SmartSens smartphone-series product list,,High,,0,,,,0,,,,,,,,,,,No phone mapping,,,,,,,,,,,,,,,,
SmartSens,SC525CS,SMARTSENS:SC525CS,SC525CS,,,Canonical product name,5,2592 x 1944,1/5,1.12,,,,,,,,,https://www.smartsenstech.com/en/mcs_products,Manufacturer official,Official SmartSens smartphone-series product list,,High,,0,,,,0,,,,,,,,,,,No phone mapping,,,,,,,,,,,,,,,,
SmartSens,SC525XS,SMARTSENS:SC525XS,SC525XS,,,Canonical product name,50,8224 x 6176,1/2.5,0.7,,,,HDR: Yes,,,,,https://www.smartsenstech.com/en/mcs_products,Manufacturer official,Official SmartSens smartphone-series product list,2025.0,High,https://helpix.ru/isensor/,0,,,,0,,,,,,,,,,,No phone mapping,,,,,,,,,,,,,,,,
SmartSens,SC532HS,SMARTSENS:SC532HS,SC532HS,,,Canonical product name,50,8192 x 6144,1/2,0.8,,,,HDR: Yes,,,,,https://www.smartsenstech.com/en/mcs_products,Manufacturer official,Official SmartSens smartphone-series product list,,High,,0,,,,0,,,,,,,,,,,No phone mapping,,,,,,,,,,,,,,,,
SmartSens,SC535XS,SMARTSENS:SC535XS,SC535XS,,,Canonical product name,50,,1/2.50,0.7,,,,,,,,,https://www.smartsenstech.com/en/mcs_products,Manufacturer official,Official SmartSens smartphone-series product list,2025.0,High,https://helpix.ru/isensor/,0,,,,0,,,,,,,,,,,No phone mapping,,,,,,,,,,,,,,,,
SmartSens,SC550XS,SMARTSENS:SC550XS,SC550XS,,,Canonical product name,50,8192 x 6144,1/1.56,1.0,4in1,,AllPix ADAF,PixGain HDR,RGGB,,,HUAWEI Mate 80 Pro,https://spinformation.info/all/smartphone-image-sensor/,SP information,,,Medium,,1,,,,0,HUAWEI Mate 80 Pro,Huawei,Unknown,,,https://spinformation.info/all/smartphone-image-sensor/,Existing master Example_Phones,,Medium,PHONE:MATE80PRO,Not yet matched,,,,,,,,,,,,,,,,
SmartSens,SC555XS,SMARTSENS:SC555XS,SC555XS,,,Canonical product name,50,,1/1.56,1.0,,,,,,,,,https://helpix.ru/isensor/,Helpix smartphone sensor index,Added in ultra expansion; mobile-camera sensor index listing.,2025.0,Medium,,0,,,,0,,,,,,,,,,,No phone mapping,,,,,,,,,,,,,,,,
SmartSens,SC562HS,SMARTSENS:SC562HS,SC562HS,,,Canonical product name,50,8192 x 6144,1/1.55,1.0,,,,HDR: Yes,,,,,https://www.smartsenstech.com/en/mcs_products,Manufacturer official,Official SmartSens smartphone-series product list,,High,,0,,,,0,,,,,,,,,,,No phone mapping,,,,,,,,,,,,,,,,
SmartSens,SC575XS,SMARTSENS:SC575XS,SC575XS,,,Canonical product name,50,8208 x 6160,1/1.56,1.0,,,,HDR: Yes,,,,,https://www.smartsenstech.com/en/mcs_products,Manufacturer official,Official SmartSens smartphone-series product list,,High,,0,,,,0,,,,,,,,,,,No phone mapping,,,,,,,,,,,,,,,,
SmartSens,SC580XS,SMARTSENS:SC580XS,SC580XS,,,Canonical product name,50,8192 x 6144,1/1.28,1.22,4in1,,AllPix ADAF,PixGain HDR,,,,,https://spinformation.info/all/smartphone-image-sensor/,SP information,,,Medium,,0,,,,0,,,,,,,,,,,No phone mapping,,,,,,,,,,,,,,,,
SmartSens,SC585XS,SMARTSENS:SC585XS,SC585XS,,,Canonical product name,50,8192 x 6144,1/1.28,1.22,4in1,,AllPix ADAF,PixGain HDR,,,,,https://spinformation.info/all/smartphone-image-sensor/,SP information,,,Medium,,0,,,,0,,,,,,,,,,,No phone mapping,,,,,,,,,,,,,,,,
SmartSens,SC590XS,SMARTSENS:SC590XS,SC590XS,,,Canonical product name,50,8192 x 6144,1/1.28,1.22,4in1,,AllPix ADAF,SuperPixGain HDR 2.0,RYYB,,,HUAWEI Mate 80 Pro+; Pura 80 Ultra,https://spinformation.info/all/smartphone-image-sensor/,SP information,,,Medium,,2,,,,0,HUAWEI Mate 80 Pro+,Huawei,Unknown,,,https://spinformation.info/all/smartphone-image-sensor/,Existing master Example_Phones,,Medium,PHONE:MATE80PRO,Not yet matched,,,,,,,,,,,,,,,,
SmartSens,SC590XS,SMARTSENS:SC590XS,SC590XS,,,Canonical product name,50,8192 x 6144,1/1.28,1.22,4in1,,AllPix ADAF,SuperPixGain HDR 2.0,RYYB,,,HUAWEI Mate 80 Pro+; Pura 80 Ultra,https://spinformation.info/all/smartphone-image-sensor/,SP information,,,Medium,,2,,,,0,Pura 80 Ultra,Pura,Unknown,,,https://spinformation.info/all/smartphone-image-sensor/,Existing master Example_Phones,,Medium,PHONE:PURA80ULTRA,Exact normalized model match,Huawei Pura 80 Ultra,175,180,166,,,,,,,1199,2025-06-11,V6,https://www.dxomark.com/smartphones/Huawei/Pura-80-Ultra,DXOMARK smartphone ranking,2026-09-27
SmartSens,SC595XS,SMARTSENS:SC595XS,SC595XS,,,Canonical product name,50,8192 x 6144,1/1.28,1.22,4in1,,AllPix ADAF; Sparse PDAF,SuperPixGain HDR 2.0,RYYB,,,HUAWEI Mate 80 RS,https://spinformation.info/all/smartphone-image-sensor/,SP information,,2025.0,Medium-High,https://helpix.ru/isensor/,1,,,,0,HUAWEI Mate 80 RS,Huawei,Unknown,,,https://spinformation.info/all/smartphone-image-sensor/,Existing master Example_Phones,,Medium-High,PHONE:MATE80RS,Not yet matched,,,,,,,,,,,,,,,,
SmartSens,SC5A0CS / SC5AOS,SMARTSENS:SC5A0CS / SC5AOS,SC5A0CS / SC5AOS,,,Canonical product name,50,8192 x 6144,1/0.98,1.6,4in1,,All-pixel PDAF (Dual Pixel),SuperPixGain HDR 2.0,RYYB,,,HUAWEI Pura 80 Ultra,https://spinformation.info/all/smartphone-image-sensor/,SP information,,,Medium,,1,,,,0,HUAWEI Pura 80 Ultra,Huawei,Unknown,,,https://spinformation.info/all/smartphone-image-sensor/,Existing master Example_Phones,,Medium,PHONE:PURA80ULTRA,Exact normalized model match,Huawei Pura 80 Ultra,175,180,166,,,,,,,1199,2025-06-11,V6,https://www.dxomark.com/smartphones/Huawei/Pura-80-Ultra,DXOMARK smartphone ranking,2026-09-27
SmartSens,SC5A0XS / SC5AOXS,SMARTSENS:SC5A0XS / SC5AOXS,SC5A0XS / SC5AOXS,,,Canonical product name,50,8192 x 6144,1/0.98,1.6,4in1,,All-pixel PDAF (Dual Pixel),SuperPixGain HDR 2.0,,,,,https://spinformation.info/all/smartphone-image-sensor/,SP information,,,Medium,,0,,,,0,,,,,,,,,,,No phone mapping,,,,,,,,,,,,,,,,
SmartSens,SC5A5XS,SMARTSENS:SC5A5XS,SC5A5XS,,,Canonical product name,50,8192 x 6144,1/0.98,1.6,4in1,,AllPix ADAF; Sparse PDAF,SuperPixGain HDR 2.0,,,,,https://spinformation.info/all/smartphone-image-sensor/,SP information,,,Medium,,0,,,,0,,,,,,,,,,,No phone mapping,,,,,,,,,,,,,,,,
SmartSens,SC5A6XS,SMARTSENS:SC5A6XS,SC5A6XS,,,Canonical product name,50,8208 x 6208,1/0.98,1.6,,,,HDR: Yes,,,,,https://www.smartsenstech.com/en/mcs_products,Manufacturer official,Official SmartSens smartphone-series product list,,High,,0,,,,0,,,,,,,,,,,No phone mapping,,,,,,,,,,,,,,,,
SmartSens,SC800CS,SMARTSENS:SC800CS,SC800CS,,,Canonical product name,8,,1/4.00,1.12,,,,,,,,,https://helpix.ru/isensor/,Helpix smartphone sensor index,Added in ultra expansion; mobile-camera sensor index listing.,2020.0,Medium,,0,,,,0,,,,,,,,,,,No phone mapping,,,,,,,,,,,,,,,,
SmartSens,SC820CS,SMARTSENS:SC820CS,SC820CS,,,Canonical product name,8,3280 x 2464,1/4,1.12,,,,,,,,,https://www.smartsenstech.com/en/mcs_products,Manufacturer official,Official SmartSens smartphone-series product list,2024.0,High,https://helpix.ru/isensor/,0,,,,0,,,,,,,,,,,No phone mapping,,,,,,,,,,,,,,,,
SmartSens,SC821CS,SMARTSENS:SC821CS,SC821CS,,,Canonical product name,8,,1/4.00,1.12,,,,,,,,,https://helpix.ru/isensor/,Helpix smartphone sensor index,Added in ultra expansion; mobile-camera sensor index listing.,2026.0,Medium,,0,,,,0,,,,,,,,,,,No phone mapping,,,,,,,,,,,,,,,,
SmartSens,SCC62HS,SMARTSENS:SCC62HS,SCC62HS,,,Canonical product name,200,16448 x 12352,1/1.55,0.5,,,,HDR: Yes,,,,,https://www.smartsenstech.com/en/mcs_products,Manufacturer official,Official SmartSens smartphone-series product list,,High,,0,,,,0,,,,,,,,,,,No phone mapping,,,,,,,,,,,,,,,,
SmartSens,SCC80XS,SMARTSENS:SCC80XS,SCC80XS,,,Canonical product name,200,,1/1.28,0.61,,,,,,,,,https://www.smartsenstech.com/en/mcs_products,Manufacturer official,Official SmartSens smartphone-series product list,2025.0,High,https://helpix.ru/isensor/,0,,,,0,,,,,,,,,,,No phone mapping,,,,,,,,,,,,,,,,
SmartSens,SCC85XS,SMARTSENS:SCC85XS,SCC85XS,,,Canonical product name,,,,,,,,,,,,,https://www.smartsenstech.com/en/mcs_products,Manufacturer official,Official SmartSens smartphone-series product list,,High,,0,,,,0,,,,,,,,,,,No phone mapping,,,,,,,,,,,,,,,,
SmartSens,SCC90XS,SMARTSENS:SCC90XS,SCC90XS,,,Canonical product name,200,16512 x 12416,1/1.28,0.61,,,,HDR: Yes,,,,,https://www.smartsenstech.com/en/mcs_products,Manufacturer official,Official SmartSens smartphone-series product list,,High,,0,,,,0,,,,,,,,,,,No phone mapping,,,,,,,,,,,,,,,,
Sony,IMX091,SONY:IMX091,IMX091,,,Canonical product name,13,,1/3.06,1.12,,,,,,,,,https://helpix.ru/isensor/,Helpix smartphone sensor index,Added in ultra expansion; mobile-camera sensor index listing.,2012.0,Medium,,0,,,,0,,,,,,,,,,,No phone mapping,,,,,,,,,,,,,,,,
Sony,IMX105,SONY:IMX105,IMX105,,,Canonical product name,8,,1/3.20,1.12,,,,,,,,,https://helpix.ru/isensor/,Helpix smartphone sensor index,Added in ultra expansion; mobile-camera sensor index listing.,2010.0,Medium,,0,,,,0,,,,,,,,,,,No phone mapping,,,,,,,,,,,,,,,,
Sony,IMX111,SONY:IMX111,IMX111,,,Canonical product name,8,,1/4.00,1.12,,,,,,,,,https://helpix.ru/isensor/,Helpix smartphone sensor index,Added in ultra expansion; mobile-camera sensor index listing.,2011.0,Medium,,0,,,,0,,,,,,,,,,,No phone mapping,,,,,,,,,,,,,,,,
Sony,IMX132,SONY:IMX132,IMX132,,,Canonical product name,2.4,,1/6.95,1.2,,,,,,,,,https://helpix.ru/isensor/,Helpix smartphone sensor index,Added in ultra expansion; mobile-camera sensor index listing.,2012.0,Medium,,0,,,,0,,,,,,,,,,,No phone mapping,,,,,,,,,,,,,,,,
Sony,IMX134,SONY:IMX134,IMX134,,,Canonical product name,8,,1/4.00,1.12,,,,,,,,,https://helpix.ru/isensor/,Helpix smartphone sensor index,Added in ultra expansion; mobile-camera sensor index listing.,2012.0,Medium,,0,,,,0,,,,,,,,,,,No phone mapping,,,,,,,,,,,,,,,,
Sony,IMX135,SONY:IMX135,IMX135,,,Canonical product name,13,,1/3.06,1.12,,,,,,,,,https://helpix.ru/isensor/,Helpix smartphone sensor index,Added in ultra expansion; mobile-camera sensor index listing.,2012.0,Medium,,0,,,,0,,,,,,,,,,,No phone mapping,,,,,,,,,,,,,,,,
Sony,IMX145,SONY:IMX145,IMX145,,,Canonical product name,8,,1/3.20,1.4,,,,,,,,,https://helpix.ru/isensor/,Helpix smartphone sensor index,Added in ultra expansion; mobile-camera sensor index listing.,2011.0,Medium,,0,,,,0,,,,,,,,,,,No phone mapping,,,,,,,,,,,,,,,,
Sony,IMX149,SONY:IMX149,IMX149,,,Canonical product name,8,,1/3.20,1.4,,,,,,,,,https://helpix.ru/isensor/,Helpix smartphone sensor index,Added in ultra expansion; mobile-camera sensor index listing.,2015.0,Medium,,0,,,,0,,,,,,,,,,,No phone mapping,,,,,,,,,,,,,,,,
Sony,IMX164,SONY:IMX164,IMX164,,,Canonical product name,8,,1/3.20,1.4,,,,,,,,,https://helpix.ru/isensor/,Helpix smartphone sensor index,Added in ultra expansion; mobile-camera sensor index listing.,2015.0,Medium,,0,,,,0,,,,,,,,,,,No phone mapping,,,,,,,,,,,,,,,,
Sony,IMX166,SONY:IMX166,IMX166,,,Canonical product name,8,,1/3.20,1.4,,,,,,,,,https://helpix.ru/isensor/,Helpix smartphone sensor index,Added in ultra expansion; mobile-camera sensor index listing.,,Medium,,0,,,,0,,,,,,,,,,,No phone mapping,,,,,,,,,,,,,,,,
Sony,IMX175,SONY:IMX175,IMX175,,,Canonical product name,8,,1/3.20,1.4,,,,,,,,,https://helpix.ru/isensor/,Helpix smartphone sensor index,Added in ultra expansion; mobile-camera sensor index listing.,2012.0,Medium,,0,,,,0,,,,,,,,,,,No phone mapping,,,,,,,,,,,,,,,,
Sony,IMX179,SONY:IMX179,IMX179,,,Canonical product name,8,,1/3.20,1.4,,,,,,,,,https://helpix.ru/isensor/,Helpix smartphone sensor index,Added in ultra expansion; mobile-camera sensor index listing.,2015.0,Medium,,0,,,,0,,,,,,,,,,,No phone mapping,,,,,,,,,,,,,,,,
Sony,IMX219PQ,SONY:IMX219PQ,IMX219PQ,,,Canonical product name,8,,1/4.00,1.12,,,,,,,,,https://helpix.ru/isensor/,Helpix smartphone sensor index,Added in ultra expansion; mobile-camera sensor index listing.,2014.0,Medium,,0,,,,0,,,,,,,,,,,No phone mapping,,,,,,,,,,,,,,,,
Sony,IMX220,SONY:IMX220,IMX220,,,Canonical product name,20.7,,1/2.30,1.2,,,,,,,,,https://helpix.ru/isensor/,Helpix smartphone sensor index,Added in ultra expansion; mobile-camera sensor index listing.,2013.0,Medium,,0,,,,0,,,,,,,,,,,No phone mapping,,,,,,,,,,,,,,,,
Sony,IMX234,SONY:IMX234,IMX234,,,Canonical product name,16,,1/2.60,1.12,,,,,,,,,https://helpix.ru/isensor/,Helpix smartphone sensor index,Added in ultra expansion; mobile-camera sensor index listing.,2015.0,Medium,,0,,,,0,,,,,,,,,,,No phone mapping,,,,,,,,,,,,,,,,
Sony,IMX240,SONY:IMX240,IMX240,,,Canonical product name,16,,1/2.60,1.12,,,,,,,,,https://helpix.ru/isensor/,Helpix smartphone sensor index,Added in ultra expansion; mobile-camera sensor index listing.,2014.0,Medium,,0,,,,0,,,,,,,,,,,No phone mapping,,,,,,,,,,,,,,,,
Sony,IMX268,SONY:IMX268,IMX268,,,Canonical product name,8,,1/3.61,1.12,,,,,,,,,https://helpix.ru/isensor/,Helpix smartphone sensor index,Added in ultra expansion; mobile-camera sensor index listing.,2016.0,Medium,,0,,,,0,,,,,,,,,,,No phone mapping,,,,,,,,,,,,,,,,
Sony,IMX278,SONY:IMX278,IMX278,,,Canonical product name,13,,1/3.06,1.12,,,,,,,,,https://helpix.ru/isensor/,Helpix smartphone sensor index,Added in ultra expansion; mobile-camera sensor index listing.,2015.0,Medium,,0,,,,0,,,,,,,,,,,No phone mapping,,,,,,,,,,,,,,,,
Sony,IMX286,SONY:IMX286,IMX286,,,Canonical product name,12,,1/2.90,1.25,,,,,,,,,https://helpix.ru/isensor/,Helpix smartphone sensor index,Added in ultra expansion; mobile-camera sensor index listing.,2016.0,Medium,,0,,,,0,,,,,,,,,,,No phone mapping,,,,,,,,,,,,,,,,
Sony,IMX300,SONY:IMX300,IMX300,,,Canonical product name,25,,1/2.30,1.08,,,,,,,,,https://helpix.ru/isensor/,Helpix smartphone sensor index,Added in ultra expansion; mobile-camera sensor index listing.,2015.0,Medium,,0,,,,0,,,,,,,,,,,No phone mapping,,,,,,,,,,,,,,,,
Sony,IMX314,SONY:IMX314,IMX314,,,Canonical product name,8,,1/4.00,0.7,,,,,,,,,https://helpix.ru/isensor/,Helpix smartphone sensor index,Added in ultra expansion; mobile-camera sensor index listing.,,Medium,,0,,,,0,,,,,,,,,,,No phone mapping,,,,,,,,,,,,,,,,
Sony,IMX315,SONY:IMX315,IMX315,,,Canonical product name,12.2,,1/2.93,1.22,,,,,,,,,https://helpix.ru/isensor/,Helpix smartphone sensor index,Added in ultra expansion; mobile-camera sensor index listing.,2015.0,Medium,,0,,,,0,,,,,,,,,,,No phone mapping,,,,,,,,,,,,,,,,
Sony,IMX316,SONY:IMX316,IMX316,,,Canonical product name,0.05,,1/6.00,10.0,,,,,,,,,https://helpix.ru/isensor/,Helpix smartphone sensor index,Added in ultra expansion; mobile-camera sensor index listing.,2019.0,Medium,,0,,,,0,,,,,,,,,,,No phone mapping,,,,,,,,,,,,,,,,
Sony,IMX318,SONY:IMX318,IMX318,,,Canonical product name,22.5,,1/2.60,1.0,,,,,,,,,https://helpix.ru/isensor/,Helpix smartphone sensor index,Added in ultra expansion; mobile-camera sensor index listing.,2016.0,Medium,,0,,,,0,,,,,,,,,,,No phone mapping,,,,,,,,,,,,,,,,
Sony,IMX319,SONY:IMX319,IMX319,,,Canonical product name,8,,1/3.20,1.4,,,,,,,,,https://helpix.ru/isensor/,Helpix smartphone sensor index,Added in ultra expansion; mobile-camera sensor index listing.,2017.0,Medium,,0,,,,0,,,,,,,,,,,No phone mapping,,,,,,,,,,,,,,,,
Sony,IMX320,SONY:IMX320,IMX320,,,Canonical product name,8,,1/3.60,1.22,,,,,,,,,https://helpix.ru/isensor/,Helpix smartphone sensor index,Added in ultra expansion; mobile-camera sensor index listing.,2017.0,Medium,,0,,,,0,,,,,,,,,,,No phone mapping,,,,,,,,,,,,,,,,
Sony,IMX328,SONY:IMX328,IMX328,,,Canonical product name,13,,1/3.06,,,,,,,,,,https://helpix.ru/isensor/,Helpix smartphone sensor index,Added in ultra expansion; mobile-camera sensor index listing.,2016.0,Medium,,0,,,,0,,,,,,,,,,,No phone mapping,,,,,,,,,,,,,,,,
Sony,IMX333,SONY:IMX333,IMX333,,,Canonical product name,12,,1/2.55,1.4,,,,,,,,,https://helpix.ru/isensor/,Helpix smartphone sensor index,Added in ultra expansion; mobile-camera sensor index listing.,2017.0,Medium,,0,,,,0,,,,,,,,,,,No phone mapping,,,,,,,,,,,,,,,,
Sony,IMX338,SONY:IMX338,IMX338,,,Canonical product name,21,,1/2.40,1.12,,,,,,,,,https://helpix.ru/isensor/,Helpix smartphone sensor index,Added in ultra expansion; mobile-camera sensor index listing.,2016.0,Medium,,0,,,,0,,,,,,,,,,,No phone mapping,,,,,,,,,,,,,,,,
Sony,IMX345,SONY:IMX345,IMX345,,,Canonical product name,12.2,,1/2.55,1.4,,,,,,,,,https://helpix.ru/isensor/,Helpix smartphone sensor index,Added in ultra expansion; mobile-camera sensor index listing.,2018.0,Medium,,0,,,,0,,,,,,,,,,,No phone mapping,,,,,,,,,,,,,,,,
Sony,IMX350,SONY:IMX350,IMX350,,,Canonical product name,20,,1/2.78,1.0,,,,,,,,,https://helpix.ru/isensor/,Helpix smartphone sensor index,Added in ultra expansion; mobile-camera sensor index listing.,2017.0,Medium,,0,,,,0,,,,,,,,,,,No phone mapping,,,,,,,,,,,,,,,,
Sony,IMX351,SONY:IMX351,IMX351,,,Canonical product name,16,,1/3.09,1.0,,,,,,,,,https://helpix.ru/isensor/,Helpix smartphone sensor index,Added in ultra expansion; mobile-camera sensor index listing.,2017.0,Medium,,0,,,,0,,,,,,,,,,,No phone mapping,,,,,,,,,,,,,,,,
Sony,IMX355,SONY:IMX355,IMX355,,,Canonical product name,8,3280 x 2464,1/2.8,1.14,---,,,,RGGB,,,Nothing Phone (3a); POCO F6; OnePlus 13R,https://spinformation.info/all/smartphone-image-sensor/,SP information,,,Medium,,4,Rear Ultra-wide,2026.0,2026.0,0,Nothing Phone (3a),Nothing,Unknown,,,https://spinformation.info/all/smartphone-image-sensor/,Existing master Example_Phones,,Medium,PHONE:NOTHINGPHONE3A,Not yet matched,,,,,,,,,,,,,,,,
Sony,IMX355,SONY:IMX355,IMX355,,,Canonical product name,8,3280 x 2464,1/2.8,1.14,---,,,,RGGB,,,Nothing Phone (3a); POCO F6; OnePlus 13R,https://spinformation.info/all/smartphone-image-sensor/,SP information,,,Medium,,4,Rear Ultra-wide,2026.0,2026.0,0,OnePlus 13R,OnePlus,Unknown,,,https://spinformation.info/all/smartphone-image-sensor/,Existing master Example_Phones,,Medium,PHONE:ONEPLUS13R,Not yet matched,,,,,,,,,,,,,,,,
Sony,IMX355,SONY:IMX355,IMX355,,,Canonical product name,8,3280 x 2464,1/2.8,1.14,---,,,,RGGB,,,Nothing Phone (3a); POCO F6; OnePlus 13R,https://spinformation.info/all/smartphone-image-sensor/,SP information,,,Medium,,4,Rear Ultra-wide,2026.0,2026.0,0,POCO F6,Xiaomi,Unknown,,,https://spinformation.info/all/smartphone-image-sensor/,Existing master Example_Phones,,Medium,PHONE:POCOF6,Not yet matched,,,,,,,,,,,,,,,,
Sony,IMX355,SONY:IMX355,IMX355,,,Canonical product name,8,3280 x 2464,1/2.8,1.14,---,,,,RGGB,,,Nothing Phone (3a); POCO F6; OnePlus 13R,https://spinformation.info/all/smartphone-image-sensor/,SP information,,,Medium,,4,Rear Ultra-wide,2026.0,2026.0,0,Doogee S300 Plus,Doogee,Rear Ultra-wide,2026.0,,https://helpix.ru/isensor/sony_imx355/,Helpix sensor-phone mapping,,High,PHONE:DOOGEES300PLUS,Not yet matched,,,,,,,,,,,,,,,,
Sony,IMX356,SONY:IMX356,IMX356,,,Canonical product name,12.2,,1/3.40,1.0,,,,,,,,,https://helpix.ru/isensor/,Helpix smartphone sensor index,Added in ultra expansion; mobile-camera sensor index listing.,2019.0,Medium,,0,,,,0,,,,,,,,,,,No phone mapping,,,,,,,,,,,,,,,,
Sony,IMX371,SONY:IMX371,IMX371,,,Canonical product name,16,,1/3.00,1.0,,,,,,,,,https://helpix.ru/isensor/,Helpix smartphone sensor index,Added in ultra expansion; mobile-camera sensor index listing.,2017.0,Medium,,0,,,,0,,,,,,,,,,,No phone mapping,,,,,,,,,,,,,,,,
Sony,IMX372,SONY:IMX372,IMX372,,,Canonical product name,12.2,,1/3.40,1.0,,,,,,,,,https://helpix.ru/isensor/,Helpix smartphone sensor index,Added in ultra expansion; mobile-camera sensor index listing.,2019.0,Medium,,0,,,,0,,,,,,,,,,,No phone mapping,,,,,,,,,,,,,,,,
Sony,IMX374,SONY:IMX374,IMX374,,,Canonical product name,10,,1/3.20,1.22,,,,,,,,,https://helpix.ru/isensor/,Helpix smartphone sensor index,Added in ultra expansion; mobile-camera sensor index listing.,2019.0,Medium,,0,,,,0,,,,,,,,,,,No phone mapping,,,,,,,,,,,,,,,,
Sony,IMX376,SONY:IMX376,IMX376,,,Canonical product name,20,,1/2.78,1.0,,,,,,,,,https://helpix.ru/isensor/,Helpix smartphone sensor index,Added in ultra expansion; mobile-camera sensor index listing.,2016.0,Medium,,0,,,,0,,,,,,,,,,,No phone mapping,,,,,,,,,,,,,,,,
Sony,IMX377,SONY:IMX377,IMX377,,,Canonical product name,12.2,,1/2.30,1.55,,,,,,,,,https://helpix.ru/isensor/,Helpix smartphone sensor index,Added in ultra expansion; mobile-camera sensor index listing.,2015.0,Medium,,0,,,,0,,,,,,,,,,,No phone mapping,,,,,,,,,,,,,,,,
Sony,IMX378,SONY:IMX378,IMX378,,,Canonical product name,12.3,,1/2.30,1.55,,,,,,,,,https://helpix.ru/isensor/,Helpix smartphone sensor index,Added in ultra expansion; mobile-camera sensor index listing.,2016.0,Medium,,0,,,,0,,,,,,,,,,,No phone mapping,,,,,,,,,,,,,,,,
Sony,IMX380,SONY:IMX380,IMX380,,,Canonical product name,12.3,,1/2.30,1.55,,,,,,,,,https://helpix.ru/isensor/,Helpix smartphone sensor index,Added in ultra expansion; mobile-camera sensor index listing.,2018.0,Medium,,0,,,,0,,,,,,,,,,,No phone mapping,,,,,,,,,,,,,,,,
Sony,IMX381,SONY:IMX381,IMX381,,,Canonical product name,12,4056 x 3040,1/2.3,1.55,---,,PDAF,,RGGB,,,Google Pixel 7; Pixel 7 Pro,https://spinformation.info/all/smartphone-image-sensor/,SP information,,,Medium,,2,,,,0,Google Pixel 7,Google,Unknown,,,https://spinformation.info/all/smartphone-image-sensor/,Existing master Example_Phones,,Medium,PHONE:PIXEL7,Exact normalized model match,Google Pixel 7,140,145,143,,,,138,136,98,599,2022-10-06,V5,https://www.dxomark.com/smartphones/Google/Pixel-7,DXOMARK smartphone ranking,2026-09-27
Sony,IMX381,SONY:IMX381,IMX381,,,Canonical product name,12,4056 x 3040,1/2.3,1.55,---,,PDAF,,RGGB,,,Google Pixel 7; Pixel 7 Pro,https://spinformation.info/all/smartphone-image-sensor/,SP information,,,Medium,,2,,,,0,Pixel 7 Pro,Pixel,Unknown,,,https://spinformation.info/all/smartphone-image-sensor/,Existing master Example_Phones,,Medium,PHONE:PIXEL7PRO,Exact normalized model match,Google Pixel 7 Pro,147,148,143,,,,142,148,102,899,2022-10-06,V5,https://www.dxomark.com/smartphones/Google/Pixel-7-Pro,DXOMARK smartphone ranking,2026-09-27
Sony,IMX386,SONY:IMX386,IMX386,,,Canonical product name,12,,1/2.9,1.25,---,,PDAF,,RGGB,,,Xiaomi Mi 6; Mi Mix 2; Meizu Pro 7,https://spinformation.info/all/smartphone-image-sensor/,SP information,,,Medium,,3,,,,0,Meizu Pro 7,Meizu,Unknown,,,https://spinformation.info/all/smartphone-image-sensor/,Existing master Example_Phones,,Medium,PHONE:MEIZUPRO7,Not yet matched,,,,,,,,,,,,,,,,
Sony,IMX386,SONY:IMX386,IMX386,,,Canonical product name,12,,1/2.9,1.25,---,,PDAF,,RGGB,,,Xiaomi Mi 6; Mi Mix 2; Meizu Pro 7,https://spinformation.info/all/smartphone-image-sensor/,SP information,,,Medium,,3,,,,0,Mi Mix 2,Mi,Unknown,,,https://spinformation.info/all/smartphone-image-sensor/,Existing master Example_Phones,,Medium,PHONE:MIMIX2,Not yet matched,,,,,,,,,,,,,,,,
Sony,IMX386,SONY:IMX386,IMX386,,,Canonical product name,12,,1/2.9,1.25,---,,PDAF,,RGGB,,,Xiaomi Mi 6; Mi Mix 2; Meizu Pro 7,https://spinformation.info/all/smartphone-image-sensor/,SP information,,,Medium,,3,,,,0,Xiaomi Mi 6,Xiaomi,Unknown,,,https://spinformation.info/all/smartphone-image-sensor/,Existing master Example_Phones,,Medium,PHONE:MI6,Not yet matched,,,,,,,,,,,,,,,,
Sony,IMX398,SONY:IMX398,IMX398,,,Canonical product name,16,4608 x 3456,1/2.8,1.13,---,,PDAF (2x1 OCL),,RGGB,,,OnePlus 5T; OPPO R11s,https://spinformation.info/all/smartphone-image-sensor/,SP information,,,Medium,,2,,,,0,OPPO R11s,OPPO,Unknown,,,https://spinformation.info/all/smartphone-image-sensor/,Existing master Example_Phones,,Medium,PHONE:R11S,Not yet matched,,,,,,,,,,,,,,,,
Sony,IMX398,SONY:IMX398,IMX398,,,Canonical product name,16,4608 x 3456,1/2.8,1.13,---,,PDAF (2x1 OCL),,RGGB,,,OnePlus 5T; OPPO R11s,https://spinformation.info/all/smartphone-image-sensor/,SP information,,,Medium,,2,,,,0,OnePlus 5T,OnePlus,Unknown,,,https://spinformation.info/all/smartphone-image-sensor/,Existing master Example_Phones,,Medium,PHONE:ONEPLUS5T,Not yet matched,,,,,,,,,,,,,,,,
Sony,IMX400,SONY:IMX400,IMX400,,,Canonical product name,19.2,5520 x 3840,1/2.3,1.22,---,,PDAF,,RGGB,,,Xperia XZ Premium; Xperia XZ2,https://spinformation.info/all/smartphone-image-sensor/,SP information,,,Medium,,2,,,,0,Xperia XZ Premium,Sony,Unknown,,,https://spinformation.info/all/smartphone-image-sensor/,Existing master Example_Phones,,Medium,PHONE:XPERIAXZPREMIUM,Not yet matched,,,,,,,,,,,,,,,,
Sony,IMX400,SONY:IMX400,IMX400,,,Canonical product name,19.2,5520 x 3840,1/2.3,1.22,---,,PDAF,,RGGB,,,Xperia XZ Premium; Xperia XZ2,https://spinformation.info/all/smartphone-image-sensor/,SP information,,,Medium,,2,,,,0,Xperia XZ2,Sony,Unknown,,,https://spinformation.info/all/smartphone-image-sensor/,Existing master Example_Phones,,Medium,PHONE:XPERIAXZ2,Not yet matched,,,,,,,,,,,,,,,,
Sony,IMX445,SONY:IMX445,IMX445,,,Canonical product name,12.2,,1/2.55,1.4,,,,,,,,,https://helpix.ru/isensor/,Helpix smartphone sensor index,Added in ultra expansion; mobile-camera sensor index listing.,2019.0,Medium,,0,,,,0,,,,,,,,,,,No phone mapping,,,,,,,,,,,,,,,,
Sony,IMX471,SONY:IMX471,IMX471,,,Canonical product name,16,4608 x 3456,1/3.13,1.0,4in1,,,,RGGB,,,OnePlus 7 Pro; OnePlus 10 Pro,https://spinformation.info/all/smartphone-image-sensor/,SP information,,2019.0,Medium-High,https://helpix.ru/isensor/,2,,,,0,OnePlus 10 Pro,OnePlus,Unknown,,,https://spinformation.info/all/smartphone-image-sensor/,Existing master Example_Phones,,Medium-High,PHONE:ONEPLUS10PRO,Exact normalized model match,OnePlus 10 Pro,122,124,119,,,,,124,100,899,2022-01-11,V5,https://www.dxomark.com/smartphones/OnePlus/10-Pro,DXOMARK smartphone ranking,2026-09-27
Sony,IMX471,SONY:IMX471,IMX471,,,Canonical product name,16,4608 x 3456,1/3.13,1.0,4in1,,,,RGGB,,,OnePlus 7 Pro; OnePlus 10 Pro,https://spinformation.info/all/smartphone-image-sensor/,SP information,,2019.0,Medium-High,https://helpix.ru/isensor/,2,,,,0,OnePlus 7 Pro,OnePlus,Unknown,,,https://spinformation.info/all/smartphone-image-sensor/,Existing master Example_Phones,,Medium-High,PHONE:ONEPLUS7PRO,Exact normalized model match,OnePlus 7 Pro,,,,,,,113,,,669,2019-05-01,,https://www.dxomark.com/smartphones/OnePlus/7-Pro,DXOMARK smartphone ranking,2026-09-27
Sony,IMX476,SONY:IMX476,IMX476,,,Canonical product name,20,,1/2.78,1.0,,,,,,,,,https://helpix.ru/isensor/,Helpix smartphone sensor index,Added in ultra expansion; mobile-camera sensor index listing.,2018.0,Medium,,0,,,,0,,,,,,,,,,,No phone mapping,,,,,,,,,,,,,,,,
Sony,IMX480,SONY:IMX480,IMX480,,,Canonical product name,16,,1/3.00,1.0,,,,,,,,,https://helpix.ru/isensor/,Helpix smartphone sensor index,Added in ultra expansion; mobile-camera sensor index listing.,2024.0,Medium,,0,,,,0,,,,,,,,,,,No phone mapping,,,,,,,,,,,,,,,,
Sony,IMX481,SONY:IMX481,IMX481,,,Canonical product name,16,4656 x 3496,1/3.09,1.0,---,,,,RGGB,,,Google Pixel 4; OPPO Find N,https://spinformation.info/all/smartphone-image-sensor/,SP information,,2019.0,Medium-High,https://helpix.ru/isensor/,2,,,,0,Google Pixel 4,Google,Unknown,,,https://spinformation.info/all/smartphone-image-sensor/,Existing master Example_Phones,,Medium-High,PHONE:PIXEL4,Exact normalized model match,Google Pixel 4,,,,,,,124,,,799,2019-10-01,,https://www.dxomark.com/smartphones/Google/Pixel-4,DXOMARK smartphone ranking,2026-09-27
Sony,IMX481,SONY:IMX481,IMX481,,,Canonical product name,16,4656 x 3496,1/3.09,1.0,---,,,,RGGB,,,Google Pixel 4; OPPO Find N,https://spinformation.info/all/smartphone-image-sensor/,SP information,,2019.0,Medium-High,https://helpix.ru/isensor/,2,,,,0,OPPO Find N,OPPO,Unknown,,,https://spinformation.info/all/smartphone-image-sensor/,Existing master Example_Phones,,Medium-High,PHONE:FINDN,Not yet matched,,,,,,,,,,,,,,,,
Sony,IMX486,SONY:IMX486,IMX486,,,Canonical product name,12,4032 x 3016,1/1.9,1.25,---,,,,RGGB,,,Redmi Note 5 Pro; Xiaomi Mi A2,https://spinformation.info/all/smartphone-image-sensor/,SP information,,,Medium,,2,,,,0,Redmi Note 5 Pro,Xiaomi,Unknown,,,https://spinformation.info/all/smartphone-image-sensor/,Existing master Example_Phones,,Medium,PHONE:REDMINOTE5PRO,Not yet matched,,,,,,,,,,,,,,,,
Sony,IMX486,SONY:IMX486,IMX486,,,Canonical product name,12,4032 x 3016,1/1.9,1.25,---,,,,RGGB,,,Redmi Note 5 Pro; Xiaomi Mi A2,https://spinformation.info/all/smartphone-image-sensor/,SP information,,,Medium,,2,,,,0,Xiaomi Mi A2,Xiaomi,Unknown,,,https://spinformation.info/all/smartphone-image-sensor/,Existing master Example_Phones,,Medium,PHONE:MIA2,Not yet matched,,,,,,,,,,,,,,,,
Sony,IMX498,SONY:IMX498,IMX498,,,Canonical product name,16,,1/2.80,1.12,,,,,,,,,https://helpix.ru/isensor/,Helpix smartphone sensor index,Added in ultra expansion; mobile-camera sensor index listing.,2017.0,Medium,,0,,,,0,,,,,,,,,,,No phone mapping,,,,,,,,,,,,,,,,
Sony,IMX499,SONY:IMX499,IMX499,,,Canonical product name,16,4608 x 3456,1/2.8,1.12,---,,,,RGGB,,,vivo U20; vivo Z1 Pro,https://spinformation.info/all/smartphone-image-sensor/,SP information,,2018.0,Medium-High,https://helpix.ru/isensor/,2,,,,0,vivo U20,vivo,Unknown,,,https://spinformation.info/all/smartphone-image-sensor/,Existing master Example_Phones,,Medium-High,PHONE:U20,Not yet matched,,,,,,,,,,,,,,,,
Sony,IMX499,SONY:IMX499,IMX499,,,Canonical product name,16,4608 x 3456,1/2.8,1.12,---,,,,RGGB,,,vivo U20; vivo Z1 Pro,https://spinformation.info/all/smartphone-image-sensor/,SP information,,2018.0,Medium-High,https://helpix.ru/isensor/,2,,,,0,vivo Z1 Pro,vivo,Unknown,,,https://spinformation.info/all/smartphone-image-sensor/,Existing master Example_Phones,,Medium-High,PHONE:Z1PRO,Not yet matched,,,,,,,,,,,,,,,,
Sony,IMX503,SONY:IMX503,IMX503,,,Canonical product name,12,4032 x 3024,1/2.55,1.4,---,,,,RGGB,,,iPhone 11; iPhone 12,https://spinformation.info/all/smartphone-image-sensor/,SP information,,2019.0,Medium-High,https://helpix.ru/isensor/,2,,,,0,iPhone 11,Apple,Unknown,,,https://spinformation.info/all/smartphone-image-sensor/,Existing master Example_Phones,,Medium-High,PHONE:IPHONE11,Exact normalized model match,Apple iPhone 11,116,125,125,,,,122,,,699,2019-09-01,V5,https://www.dxomark.com/smartphones/Apple/iPhone-11,DXOMARK smartphone ranking,2026-09-27
Sony,IMX503,SONY:IMX503,IMX503,,,Canonical product name,12,4032 x 3024,1/2.55,1.4,---,,,,RGGB,,,iPhone 11; iPhone 12,https://spinformation.info/all/smartphone-image-sensor/,SP information,,2019.0,Medium-High,https://helpix.ru/isensor/,2,,,,0,iPhone 12,Apple,Unknown,,,https://spinformation.info/all/smartphone-image-sensor/,Existing master Example_Phones,,Medium-High,PHONE:IPHONE12,Exact normalized model match,Apple iPhone 12,117,127,130,,,,132,121,,799,2020-10-01,V5,https://www.dxomark.com/smartphones/Apple/iPhone-12,DXOMARK smartphone ranking,2026-09-27
Sony,IMX506,SONY:IMX506,IMX506,,,Canonical product name,20.2,5472 x 3688,1/1.0,2.41,---,,,,RGGB,,,SHARP AQUOS R6,https://spinformation.info/all/smartphone-image-sensor/,SP information,,2021.0,Medium-High,https://helpix.ru/isensor/,1,,,,0,SHARP AQUOS R6,Sharp,Unknown,,,https://spinformation.info/all/smartphone-image-sensor/,Existing master Example_Phones,,Medium-High,PHONE:SHARPAQUOSR6,Not yet matched,,,,,,,,,,,,,,,,
Sony,IMX514,SONY:IMX514,IMX514,,,Canonical product name,12,4032 x 3024,1/3.6,1.0,---,,,,RGGB,,,iPhone 13; iPhone 12,https://spinformation.info/all/smartphone-image-sensor/,SP information,,2020.0,Medium-High,https://helpix.ru/isensor/,2,,,,0,iPhone 12,Apple,Unknown,,,https://spinformation.info/all/smartphone-image-sensor/,Existing master Example_Phones,,Medium-High,PHONE:IPHONE12,Exact normalized model match,Apple iPhone 12,117,127,130,,,,132,121,,799,2020-10-01,V5,https://www.dxomark.com/smartphones/Apple/iPhone-12,DXOMARK smartphone ranking,2026-09-27
Sony,IMX514,SONY:IMX514,IMX514,,,Canonical product name,12,4032 x 3024,1/3.6,1.0,---,,,,RGGB,,,iPhone 13; iPhone 12,https://spinformation.info/all/smartphone-image-sensor/,SP information,,2020.0,Medium-High,https://helpix.ru/isensor/,2,,,,0,iPhone 13,Apple,Unknown,,,https://spinformation.info/all/smartphone-image-sensor/,Existing master Example_Phones,,Medium-High,PHONE:IPHONE13,Exact normalized model match,Apple iPhone 13,125,133,144,,,,134,135,115,799,2021-09-14,V5,https://www.dxomark.com/smartphones/Apple/iPhone-13,DXOMARK smartphone ranking,2026-09-27
Sony,IMX516,SONY:IMX516,IMX516,,,Canonical product name,0.3,640 x 480,1/2.4,5.0,---,,,,,,,Galaxy S20 Ultra; HUAWEI Mate 40 Pro,https://spinformation.info/all/smartphone-image-sensor/,SP information,,2019.0,Medium-High,https://helpix.ru/isensor/,2,,,,0,Galaxy S20 Ultra,Samsung,Unknown,,,https://spinformation.info/all/smartphone-image-sensor/,Existing master Example_Phones,,Medium-High,PHONE:GALAXYS20ULTRA,Not yet matched,,,,,,,,,,,,,,,,
Sony,IMX516,SONY:IMX516,IMX516,,,Canonical product name,0.3,640 x 480,1/2.4,5.0,---,,,,,,,Galaxy S20 Ultra; HUAWEI Mate 40 Pro,https://spinformation.info/all/smartphone-image-sensor/,SP information,,2019.0,Medium-High,https://helpix.ru/isensor/,2,,,,0,HUAWEI Mate 40 Pro,Huawei,Unknown,,,https://spinformation.info/all/smartphone-image-sensor/,Existing master Example_Phones,,Medium-High,PHONE:MATE40PRO,Exact normalized model match,Huawei Mate 40 Pro,135,136,136,,,,142,,,1199,2020-10-01,V5,https://www.dxomark.com/smartphones/Huawei/Mate-40-Pro,DXOMARK smartphone ranking,2026-09-27
Sony,IMX519,SONY:IMX519,IMX519,,,Canonical product name,16,4656 x 3496,1/2.6,1.22,---,,,,RGGB,,,OnePlus 6T; OPPO Find X,https://spinformation.info/all/smartphone-image-sensor/,SP information,,,Medium,,2,,,,0,OPPO Find X,OPPO,Unknown,,,https://spinformation.info/all/smartphone-image-sensor/,Existing master Example_Phones,,Medium,PHONE:FINDX,Not yet matched,,,,,,,,,,,,,,,,
Sony,IMX519,SONY:IMX519,IMX519,,,Canonical product name,16,4656 x 3496,1/2.6,1.22,---,,,,RGGB,,,OnePlus 6T; OPPO Find X,https://spinformation.info/all/smartphone-image-sensor/,SP information,,,Medium,,2,,,,0,OnePlus 6T,OnePlus,Unknown,,,https://spinformation.info/all/smartphone-image-sensor/,Existing master Example_Phones,,Medium,PHONE:ONEPLUS6T,Not yet matched,,,,,,,,,,,,,,,,
Sony,IMX520,SONY:IMX520,IMX520,,,Canonical product name,8,3280 x 2460,1/3.6,1.22,---,,,,RGGB,,,HUAWEI P30 Pro; Google Pixel 4,https://spinformation.info/all/smartphone-image-sensor/,SP information,,2019.0,Medium-High,https://helpix.ru/isensor/,2,,,,0,Google Pixel 4,Google,Unknown,,,https://spinformation.info/all/smartphone-image-sensor/,Existing master Example_Phones,,Medium-High,PHONE:PIXEL4,Exact normalized model match,Google Pixel 4,,,,,,,124,,,799,2019-10-01,,https://www.dxomark.com/smartphones/Google/Pixel-4,DXOMARK smartphone ranking,2026-09-27
Sony,IMX520,SONY:IMX520,IMX520,,,Canonical product name,8,3280 x 2460,1/3.6,1.22,---,,,,RGGB,,,HUAWEI P30 Pro; Google Pixel 4,https://spinformation.info/all/smartphone-image-sensor/,SP information,,2019.0,Medium-High,https://helpix.ru/isensor/,2,,,,0,HUAWEI P30 Pro,Huawei,Unknown,,,https://spinformation.info/all/smartphone-image-sensor/,Existing master Example_Phones,,Medium-High,PHONE:P30PRO,Exact normalized model match,Huawei P30 Pro,,,,,,,118,,,999,2019-03-01,,https://www.dxomark.com/smartphones/Huawei/P30-Pro,DXOMARK smartphone ranking,2026-09-27
Sony,IMX550,SONY:IMX550,IMX550,,,Canonical product name,24.8,5760 x 4312,1/2.78,0.9,4in1,,,,RGGB,,,HONOR 10,https://spinformation.info/all/smartphone-image-sensor/,SP information,,2018.0,Medium-High,https://helpix.ru/isensor/,1,,,,0,HONOR 10,HONOR,Unknown,,,https://spinformation.info/all/smartphone-image-sensor/,Existing master Example_Phones,,Medium-High,PHONE:10,Not yet matched,,,,,,,,,,,,,,,,
Sony,IMX555,SONY:IMX555,IMX555,,,Canonical product name,12.2,4032 x 3024,1/1.7,1.8,---,,All-pixel PDAF (Dual PD),,RGGB,,,Galaxy S21; Galaxy S20; Xperia 5 II,https://spinformation.info/all/smartphone-image-sensor/,SP information,,2020.0,Medium-High,https://helpix.ru/isensor/,3,,,,0,Galaxy S20,Samsung,Unknown,,,https://spinformation.info/all/smartphone-image-sensor/,Existing master Example_Phones,,Medium-High,PHONE:GALAXYS20,Not yet matched,,,,,,,,,,,,,,,,
Sony,IMX555,SONY:IMX555,IMX555,,,Canonical product name,12.2,4032 x 3024,1/1.7,1.8,---,,All-pixel PDAF (Dual PD),,RGGB,,,Galaxy S21; Galaxy S20; Xperia 5 II,https://spinformation.info/all/smartphone-image-sensor/,SP information,,2020.0,Medium-High,https://helpix.ru/isensor/,3,,,,0,Galaxy S21,Samsung,Unknown,,,https://spinformation.info/all/smartphone-image-sensor/,Existing master Example_Phones,,Medium-High,PHONE:GALAXYS21,Not yet matched,,,,,,,,,,,,,,,,
Sony,IMX555,SONY:IMX555,IMX555,,,Canonical product name,12.2,4032 x 3024,1/1.7,1.8,---,,All-pixel PDAF (Dual PD),,RGGB,,,Galaxy S21; Galaxy S20; Xperia 5 II,https://spinformation.info/all/smartphone-image-sensor/,SP information,,2020.0,Medium-High,https://helpix.ru/isensor/,3,,,,0,Xperia 5 II,Sony,Unknown,,,https://spinformation.info/all/smartphone-image-sensor/,Existing master Example_Phones,,Medium-High,PHONE:XPERIA5II,Not yet matched,,,,,,,,,,,,,,,,
Sony,IMX557,SONY:IMX557,IMX557,,,Canonical product name,12.2,4032 x 3024,1/1.7,1.8,---,13333e-,All-pixel PDAF (Dual PD),,RGGB,,,Xperia 1 IV; Xperia 1 III; Xperia 5 IV,https://spinformation.info/all/smartphone-image-sensor/,SP information,,,Medium,,3,,,,0,Xperia 1 III,Sony,Unknown,,,https://spinformation.info/all/smartphone-image-sensor/,Existing master Example_Phones,,Medium,PHONE:XPERIA1III,Exact normalized model match,Sony Xperia 1 III,105,107,92,,,,,,,1299,2021-04-14,V5,https://www.dxomark.com/smartphones/Sony/Xperia-1-III,DXOMARK smartphone ranking,2026-09-27
Sony,IMX557,SONY:IMX557,IMX557,,,Canonical product name,12.2,4032 x 3024,1/1.7,1.8,---,13333e-,All-pixel PDAF (Dual PD),,RGGB,,,Xperia 1 IV; Xperia 1 III; Xperia 5 IV,https://spinformation.info/all/smartphone-image-sensor/,SP information,,,Medium,,3,,,,0,Xperia 1 IV,Sony,Unknown,,,https://spinformation.info/all/smartphone-image-sensor/,Existing master Example_Phones,,Medium,PHONE:XPERIA1IV,Exact normalized model match,Sony Xperia 1 IV,118,118,112,,,,,126,87,1599,2022-06-11,V5,https://www.dxomark.com/smartphones/Sony/Xperia-1-IV,DXOMARK smartphone ranking,2026-09-27
Sony,IMX557,SONY:IMX557,IMX557,,,Canonical product name,12.2,4032 x 3024,1/1.7,1.8,---,13333e-,All-pixel PDAF (Dual PD),,RGGB,,,Xperia 1 IV; Xperia 1 III; Xperia 5 IV,https://spinformation.info/all/smartphone-image-sensor/,SP information,,,Medium,,3,,,,0,Xperia 5 IV,Sony,Unknown,,,https://spinformation.info/all/smartphone-image-sensor/,Existing master Example_Phones,,Medium,PHONE:XPERIA5IV,Exact normalized model match,Sony Xperia 5 IV,119,121,113,,,,,131,113,999,2022-07-01,V5,https://www.dxomark.com/smartphones/Sony/Xperia-5-IV,DXOMARK smartphone ranking,2026-09-27
Sony,IMX563,SONY:IMX563,IMX563,,,Canonical product name,12.2,4032 x 3024,1/2.55,1.4,---,,All-pixel PDAF (Dual PD),,RGGB,,,Galaxy S22 Ultra; Galaxy Z Flip4,https://spinformation.info/all/smartphone-image-sensor/,SP information,,2019.0,Medium-High,https://helpix.ru/isensor/,2,,,,0,Galaxy S22 Ultra,Samsung,Unknown,,,https://spinformation.info/all/smartphone-image-sensor/,Existing master Example_Phones,,Medium-High,PHONE:GALAXYS22ULTRA,Not yet matched,,,,,,,,,,,,,,,,
Sony,IMX563,SONY:IMX563,IMX563,,,Canonical product name,12.2,4032 x 3024,1/2.55,1.4,---,,All-pixel PDAF (Dual PD),,RGGB,,,Galaxy S22 Ultra; Galaxy Z Flip4,https://spinformation.info/all/smartphone-image-sensor/,SP information,,2019.0,Medium-High,https://helpix.ru/isensor/,2,,,,0,Galaxy Z Flip4,Samsung,Unknown,,,https://spinformation.info/all/smartphone-image-sensor/,Existing master Example_Phones,,Medium-High,PHONE:GALAXYZFLIP4,Exact normalized model match,Samsung Galaxy Z Flip4,112,125,113,,,,,133,95,999,2022-08-10,V5,https://www.dxomark.com/smartphones/Samsung/Galaxy-Z-Flip4,DXOMARK smartphone ranking,2026-09-27
Sony,IMX564,SONY:IMX564,IMX564,,,Canonical product name,12.2,4032 x 3024,1/2.55,1.4,---,,All-pixel PDAF (Dual PD),,RGGB,,,Galaxy S24 Ultra; Galaxy S23; Galaxy Z Fold7,https://spinformation.info/all/smartphone-image-sensor/,SP information,,,Medium,,3,,,,0,Galaxy S23,Samsung,Unknown,,,https://spinformation.info/all/smartphone-image-sensor/,Existing master Example_Phones,,Medium,PHONE:GALAXYS23,Exact normalized model match,Samsung Galaxy S23,133,129,137,,,,,149,109,799,2023-02-01,V5,https://www.dxomark.com/smartphones/Samsung/Galaxy-S23,DXOMARK smartphone ranking,2026-09-27
Sony,IMX564,SONY:IMX564,IMX564,,,Canonical product name,12.2,4032 x 3024,1/2.55,1.4,---,,All-pixel PDAF (Dual PD),,RGGB,,,Galaxy S24 Ultra; Galaxy S23; Galaxy Z Fold7,https://spinformation.info/all/smartphone-image-sensor/,SP information,,,Medium,,3,,,,0,Galaxy S24 Ultra,Samsung,Unknown,,,https://spinformation.info/all/smartphone-image-sensor/,Existing master Example_Phones,,Medium,PHONE:GALAXYS24ULTRA,Exact normalized model match,Samsung Galaxy S24 Ultra,144,144,137,,,,,155,130,1299,2024-01-31,V5,https://www.dxomark.com/smartphones/Samsung/Galaxy-S24-Ultra,DXOMARK smartphone ranking,2026-09-27
Sony,IMX564,SONY:IMX564,IMX564,,,Canonical product name,12.2,4032 x 3024,1/2.55,1.4,---,,All-pixel PDAF (Dual PD),,RGGB,,,Galaxy S24 Ultra; Galaxy S23; Galaxy Z Fold7,https://spinformation.info/all/smartphone-image-sensor/,SP information,,,Medium,,3,,,,0,Galaxy Z Fold7,Samsung,Unknown,,,https://spinformation.info/all/smartphone-image-sensor/,Existing master Example_Phones,,Medium,PHONE:GALAXYZFOLD7,Exact normalized model match,Samsung Galaxy Z Fold7,145,147,141,,,,,155,,1999,2025-07-25,V6,https://www.dxomark.com/smartphones/Samsung/Galaxy-Z-Fold7,DXOMARK smartphone ranking,2026-09-27
Sony,IMX576,SONY:IMX576,IMX576,,,Canonical product name,24.8,5760 x 4320,1/2.78,0.9,4in1,,,,RGGB,,,Galaxy A50; OPPO R17; vivo V11,https://spinformation.info/all/smartphone-image-sensor/,SP information,,,Medium,,3,,,,0,Galaxy A50,Samsung,Unknown,,,https://spinformation.info/all/smartphone-image-sensor/,Existing master Example_Phones,,Medium,PHONE:GALAXYA50,Not yet matched,,,,,,,,,,,,,,,,
Sony,IMX576,SONY:IMX576,IMX576,,,Canonical product name,24.8,5760 x 4320,1/2.78,0.9,4in1,,,,RGGB,,,Galaxy A50; OPPO R17; vivo V11,https://spinformation.info/all/smartphone-image-sensor/,SP information,,,Medium,,3,,,,0,OPPO R17,OPPO,Unknown,,,https://spinformation.info/all/smartphone-image-sensor/,Existing master Example_Phones,,Medium,PHONE:R17,Not yet matched,,,,,,,,,,,,,,,,
Sony,IMX576,SONY:IMX576,IMX576,,,Canonical product name,24.8,5760 x 4320,1/2.78,0.9,4in1,,,,RGGB,,,Galaxy A50; OPPO R17; vivo V11,https://spinformation.info/all/smartphone-image-sensor/,SP information,,,Medium,,3,,,,0,vivo V11,vivo,Unknown,,,https://spinformation.info/all/smartphone-image-sensor/,Existing master Example_Phones,,Medium,PHONE:V11,Not yet matched,,,,,,,,,,,,,,,,
Sony,IMX581,SONY:IMX581,IMX581,,,Canonical product name,48,8000 x 6000,1/2.0,0.8,4in1,,PDAF,,RGGB,,,OnePlus 11; OPPO Find N2,https://spinformation.info/all/smartphone-image-sensor/,SP information,,2021.0,Medium-High,https://helpix.ru/isensor/,2,,,,1,OPPO Find N2,OPPO,Unknown,2022.0,,https://spinformation.info/all/smartphone-image-sensor/,Existing master Example_Phones,,Medium-High,PHONE:FINDN2,Exact normalized model match,Oppo Find N2,,,,,,,,128,,1212,2022-12-15,,https://www.dxomark.com/smartphones/Oppo/Find-N2,DXOMARK smartphone ranking,2026-09-27
Sony,IMX581,SONY:IMX581,IMX581,,,Canonical product name,48,8000 x 6000,1/2.0,0.8,4in1,,PDAF,,RGGB,,,OnePlus 11; OPPO Find N2,https://spinformation.info/all/smartphone-image-sensor/,SP information,,2021.0,Medium-High,https://helpix.ru/isensor/,2,,,,1,OnePlus 11,OnePlus,Unknown,2023.0,Snapdragon 8 Gen 2,https://spinformation.info/all/smartphone-image-sensor/,Existing master Example_Phones,https://en.wikipedia.org/wiki/OnePlus_11,Medium-High,PHONE:ONEPLUS11,Exact normalized model match,OnePlus 11,127,134,121,,,,,124,125,699,2023-01-28,V5,https://www.dxomark.com/smartphones/OnePlus/11,DXOMARK smartphone ranking,2026-09-27
Sony,IMX582,SONY:IMX582,IMX582,,,Canonical product name,48,8000 x 6000,1/2.0,0.8,4in1,,PDAF (2x1 OCL),,RGGB,,,POCO F3; Redmi K40; Xperia 10 VI,https://spinformation.info/all/smartphone-image-sensor/,SP information,,,Medium,,3,,,,0,POCO F3,Xiaomi,Unknown,,,https://spinformation.info/all/smartphone-image-sensor/,Existing master Example_Phones,,Medium,PHONE:POCOF3,Not yet matched,,,,,,,,,,,,,,,,
Sony,IMX582,SONY:IMX582,IMX582,,,Canonical product name,48,8000 x 6000,1/2.0,0.8,4in1,,PDAF (2x1 OCL),,RGGB,,,POCO F3; Redmi K40; Xperia 10 VI,https://spinformation.info/all/smartphone-image-sensor/,SP information,,,Medium,,3,,,,0,Redmi K40,Xiaomi,Unknown,,,https://spinformation.info/all/smartphone-image-sensor/,Existing master Example_Phones,,Medium,PHONE:REDMIK40,Not yet matched,,,,,,,,,,,,,,,,
Sony,IMX582,SONY:IMX582,IMX582,,,Canonical product name,48,8000 x 6000,1/2.0,0.8,4in1,,PDAF (2x1 OCL),,RGGB,,,POCO F3; Redmi K40; Xperia 10 VI,https://spinformation.info/all/smartphone-image-sensor/,SP information,,,Medium,,3,,,,0,Xperia 10 VI,Sony,Unknown,,,https://spinformation.info/all/smartphone-image-sensor/,Existing master Example_Phones,,Medium,PHONE:XPERIA10VI,Not yet matched,,,,,,,,,,,,,,,,
Sony,IMX586,SONY:IMX586,IMX586,,,Canonical product name,48,8000 x 6000,1/2.0,0.8,4in1,4500e-,PDAF (2x1 OCL),,RGGB,,,Xiaomi Mi 9; Redmi Note 7 Pro; Google Pixel Fold,https://spinformation.info/all/smartphone-image-sensor/,SP information,,,Medium,,5,Rear Ultra-wide; Rear Main,2022.0,2026.0,0,Google Pixel Fold,Google,Unknown,,,https://spinformation.info/all/smartphone-image-sensor/,Existing master Example_Phones,,Medium,PHONE:PIXELFOLD,Exact normalized model match,Google Pixel Fold,133,137,131,,,,,145,88,1799,2023-06-27,V5,https://www.dxomark.com/smartphones/Google/Pixel-Fold,DXOMARK smartphone ranking,2026-09-27
Sony,IMX586,SONY:IMX586,IMX586,,,Canonical product name,48,8000 x 6000,1/2.0,0.8,4in1,4500e-,PDAF (2x1 OCL),,RGGB,,,Xiaomi Mi 9; Redmi Note 7 Pro; Google Pixel Fold,https://spinformation.info/all/smartphone-image-sensor/,SP information,,,Medium,,5,Rear Ultra-wide; Rear Main,2022.0,2026.0,0,Redmi Note 7 Pro,Xiaomi,Unknown,,,https://spinformation.info/all/smartphone-image-sensor/,Existing master Example_Phones,,Medium,PHONE:REDMINOTE7PRO,Not yet matched,,,,,,,,,,,,,,,,
Sony,IMX586,SONY:IMX586,IMX586,,,Canonical product name,48,8000 x 6000,1/2.0,0.8,4in1,4500e-,PDAF (2x1 OCL),,RGGB,,,Xiaomi Mi 9; Redmi Note 7 Pro; Google Pixel Fold,https://spinformation.info/all/smartphone-image-sensor/,SP information,,,Medium,,5,Rear Ultra-wide; Rear Main,2022.0,2026.0,0,Xiaomi Mi 9,Xiaomi,Unknown,,,https://spinformation.info/all/smartphone-image-sensor/,Existing master Example_Phones,,Medium,PHONE:MI9,Not yet matched,,,,,,,,,,,,,,,,
Sony,IMX586,SONY:IMX586,IMX586,,,Canonical product name,48,8000 x 6000,1/2.0,0.8,4in1,4500e-,PDAF (2x1 OCL),,RGGB,,,Xiaomi Mi 9; Redmi Note 7 Pro; Google Pixel Fold,https://spinformation.info/all/smartphone-image-sensor/,SP information,,,Medium,,5,Rear Ultra-wide; Rear Main,2022.0,2026.0,0,Hisense Infinity H60 Lite,Hisense,Rear Main,2022.0,,https://helpix.ru/isensor/sony_imx586/,Helpix sensor-phone mapping,,High,PHONE:HISENSEINFINITYH60LITE,Not yet matched,,,,,,,,,,,,,,,,
Sony,IMX586,SONY:IMX586,IMX586,,,Canonical product name,48,8000 x 6000,1/2.0,0.8,4in1,4500e-,PDAF (2x1 OCL),,RGGB,,,Xiaomi Mi 9; Redmi Note 7 Pro; Google Pixel Fold,https://spinformation.info/all/smartphone-image-sensor/,SP information,,,Medium,,5,Rear Ultra-wide; Rear Main,2022.0,2026.0,0,FOSSiBOT F116 Pro,FOSSiBOT,Rear Ultra-wide,2026.0,,https://helpix.ru/isensor/sony_imx586/,Helpix sensor-phone mapping,,High,PHONE:FOSSIBOTF116PRO,Not yet matched,,,,,,,,,,,,,,,,
Sony,IMX590,SONY:IMX590,IMX590,,,Canonical product name,12,,1/3.4,1.0,---,,,,,,,iPhone 14 Pro; iPhone 13 Pro; iPhone 12 Pro,https://spinformation.info/all/smartphone-image-sensor/,SP information,,2020.0,Medium-High,https://helpix.ru/isensor/,3,,,,0,iPhone 12 Pro,Apple,Unknown,,,https://spinformation.info/all/smartphone-image-sensor/,Existing master Example_Phones,,Medium-High,PHONE:IPHONE12PRO,Exact normalized model match,Apple iPhone 12 Pro,127,126,130,,,,132,124,,999,2020-10-01,V5,https://www.dxomark.com/smartphones/Apple/iPhone-12-Pro,DXOMARK smartphone ranking,2026-09-27
Sony,IMX590,SONY:IMX590,IMX590,,,Canonical product name,12,,1/3.4,1.0,---,,,,,,,iPhone 14 Pro; iPhone 13 Pro; iPhone 12 Pro,https://spinformation.info/all/smartphone-image-sensor/,SP information,,2020.0,Medium-High,https://helpix.ru/isensor/,3,,,,0,iPhone 13 Pro,Apple,Unknown,,,https://spinformation.info/all/smartphone-image-sensor/,Existing master Example_Phones,,Medium-High,PHONE:IPHONE13PRO,Exact normalized model match,Apple iPhone 13 Pro,141,140,146,,,,134,141,118,999,2021-09-14,V5,https://www.dxomark.com/smartphones/Apple/iPhone-13-Pro,DXOMARK smartphone ranking,2026-09-27
Sony,IMX590,SONY:IMX590,IMX590,,,Canonical product name,12,,1/3.4,1.0,---,,,,,,,iPhone 14 Pro; iPhone 13 Pro; iPhone 12 Pro,https://spinformation.info/all/smartphone-image-sensor/,SP information,,2020.0,Medium-High,https://helpix.ru/isensor/,3,,,,0,iPhone 14 Pro,Apple,Unknown,,,https://spinformation.info/all/smartphone-image-sensor/,Existing master Example_Phones,,Medium-High,PHONE:IPHONE14PRO,Exact normalized model match,Apple iPhone 14 Pro,146,143,149,,,,145,146,119,999,2022-09-06,V5,https://www.dxomark.com/smartphones/Apple/iPhone-14-Pro,DXOMARK smartphone ranking,2026-09-27
Sony,IMX596,SONY:IMX596,IMX596,,,Canonical product name,20,,1/3.4,0.8,4in1,,,,RGGB,,,Redmi K50 Pro; POCO F4,https://spinformation.info/all/smartphone-image-sensor/,SP information,,2022.0,Medium-High,https://helpix.ru/isensor/,2,,,,0,POCO F4,Xiaomi,Unknown,,,https://spinformation.info/all/smartphone-image-sensor/,Existing master Example_Phones,,Medium-High,PHONE:POCOF4,Not yet matched,,,,,,,,,,,,,,,,
Sony,IMX596,SONY:IMX596,IMX596,,,Canonical product name,20,,1/3.4,0.8,4in1,,,,RGGB,,,Redmi K50 Pro; POCO F4,https://spinformation.info/all/smartphone-image-sensor/,SP information,,2022.0,Medium-High,https://helpix.ru/isensor/,2,,,,0,Redmi K50 Pro,Xiaomi,Unknown,,,https://spinformation.info/all/smartphone-image-sensor/,Existing master Example_Phones,,Medium-High,PHONE:REDMIK50PRO,Not yet matched,,,,,,,,,,,,,,,,
Sony,IMX598,SONY:IMX598,IMX598,,,Canonical product name,48,8000 x 6000,1/2.0,0.8,4in1,,PDAF (2x1 OCL),,RGGB,,,vivo X60 Pro+; vivo X80 Pro; iQOO 8 Pro,https://spinformation.info/all/smartphone-image-sensor/,SP information,,,Medium,,3,,,,0,iQOO 8 Pro,iQOO,Unknown,,,https://spinformation.info/all/smartphone-image-sensor/,Existing master Example_Phones,,Medium,PHONE:IQOO8PRO,Not yet matched,,,,,,,,,,,,,,,,
Sony,IMX598,SONY:IMX598,IMX598,,,Canonical product name,48,8000 x 6000,1/2.0,0.8,4in1,,PDAF (2x1 OCL),,RGGB,,,vivo X60 Pro+; vivo X80 Pro; iQOO 8 Pro,https://spinformation.info/all/smartphone-image-sensor/,SP information,,,Medium,,3,,,,0,vivo X60 Pro+,vivo,Unknown,,,https://spinformation.info/all/smartphone-image-sensor/,Existing master Example_Phones,,Medium,PHONE:X60PRO,Exact normalized model match,Vivo X60 Pro+,126,126,120,,,,,,,757,2020-12-01,V5,https://www.dxomark.com/smartphones/Vivo/X60-Pro+,DXOMARK smartphone ranking,2026-09-27
Sony,IMX598,SONY:IMX598,IMX598,,,Canonical product name,48,8000 x 6000,1/2.0,0.8,4in1,,PDAF (2x1 OCL),,RGGB,,,vivo X60 Pro+; vivo X80 Pro; iQOO 8 Pro,https://spinformation.info/all/smartphone-image-sensor/,SP information,,,Medium,,3,,,,0,vivo X80 Pro,vivo,Unknown,,,https://spinformation.info/all/smartphone-image-sensor/,Existing master Example_Phones,,Medium,PHONE:X80PRO,Not yet matched,,,,,,,,,,,,,,,,
Sony,IMX600,SONY:IMX600,IMX600,,,Canonical product name,40,7296 x 5472,1/1.74,1.0,4in1,,PDAF (Masked),,RGGB,,,HUAWEI P20 Pro; Mate 20 Pro,https://spinformation.info/all/smartphone-image-sensor/,SP information,,,Medium,,2,,,,0,HUAWEI P20 Pro,Huawei,Unknown,,,https://spinformation.info/all/smartphone-image-sensor/,Existing master Example_Phones,,Medium,PHONE:P20PRO,Exact normalized model match,Huawei P20 Pro,,,,,,,91,,,899,2018-03-01,,https://www.dxomark.com/smartphones/Huawei/P20-Pro,DXOMARK smartphone ranking,2026-09-27
Sony,IMX600,SONY:IMX600,IMX600,,,Canonical product name,40,7296 x 5472,1/1.74,1.0,4in1,,PDAF (Masked),,RGGB,,,HUAWEI P20 Pro; Mate 20 Pro,https://spinformation.info/all/smartphone-image-sensor/,SP information,,,Medium,,2,,,,0,Mate 20 Pro,Mate,Unknown,,,https://spinformation.info/all/smartphone-image-sensor/,Existing master Example_Phones,,Medium,PHONE:MATE20PRO,Exact normalized model match,Huawei Mate 20 Pro,,,,,,,96,,,999,2018-12-01,,https://www.dxomark.com/smartphones/Huawei/Mate-20-Pro,DXOMARK smartphone ranking,2026-09-27
Sony,IMX600Y,SONY:IMX600Y,IMX600Y,,,Canonical product name,40,7296 x 5472,1/1.74,1.0,4in1,,PDAF (Masked),,RYYB,,,HUAWEI P30 Pro; Mate 30 Pro,https://spinformation.info/all/smartphone-image-sensor/,SP information,,,Medium,,2,,,,0,HUAWEI P30 Pro,Huawei,Unknown,,,https://spinformation.info/all/smartphone-image-sensor/,Existing master Example_Phones,,Medium,PHONE:P30PRO,Exact normalized model match,Huawei P30 Pro,,,,,,,118,,,999,2019-03-01,,https://www.dxomark.com/smartphones/Huawei/P30-Pro,DXOMARK smartphone ranking,2026-09-27
Sony,IMX600Y,SONY:IMX600Y,IMX600Y,,,Canonical product name,40,7296 x 5472,1/1.74,1.0,4in1,,PDAF (Masked),,RYYB,,,HUAWEI P30 Pro; Mate 30 Pro,https://spinformation.info/all/smartphone-image-sensor/,SP information,,,Medium,,2,,,,0,Mate 30 Pro,Mate,Unknown,,,https://spinformation.info/all/smartphone-image-sensor/,Existing master Example_Phones,,Medium,PHONE:MATE30PRO,Exact normalized model match,Huawei Mate 30 Pro,,,,,,,124,,,1099,2019-09-01,,https://www.dxomark.com/smartphones/Huawei/Mate-30-Pro,DXOMARK smartphone ranking,2026-09-27
Sony,IMX603,SONY:IMX603,IMX603,,,Canonical product name,12,4032 x 3024,1/1.88,1.7,---,,All-pixel PDAF (Dual PD),,RGGB,,,iPhone 12 Pro Max,https://spinformation.info/all/smartphone-image-sensor/,SP information,,2020.0,Medium-High,https://helpix.ru/isensor/,1,,,,0,iPhone 12 Pro Max,Apple,Unknown,,,https://spinformation.info/all/smartphone-image-sensor/,Existing master Example_Phones,,Medium-High,PHONE:IPHONE12PROMAX,Exact normalized model match,Apple iPhone 12 Pro Max,131,131,130,,,,132,127,121,1099,2020-10-01,V5,https://www.dxomark.com/smartphones/Apple/iPhone-12-Pro-Max,DXOMARK smartphone ranking,2026-09-27
Sony,IMX608,SONY:IMX608,IMX608,,,Canonical product name,40,,1/1.54,1.12,,,,,,,,,https://helpix.ru/isensor/,Helpix smartphone sensor index,Added in ultra expansion; mobile-camera sensor index listing.,2019.0,Medium,,0,,,,0,,,,,,,,,,,No phone mapping,,,,,,,,,,,,,,,,
Sony,IMX613,SONY:IMX613,IMX613,,,Canonical product name,12,4032 x 3024,1/3.6,1.0,---,,PDAF,,RGGB,,,iPhone 12 Pro Max,https://spinformation.info/all/smartphone-image-sensor/,SP information,,2020.0,Medium-High,https://helpix.ru/isensor/,1,,,,0,iPhone 12 Pro Max,Apple,Unknown,,,https://spinformation.info/all/smartphone-image-sensor/,Existing master Example_Phones,,Medium-High,PHONE:IPHONE12PROMAX,Exact normalized model match,Apple iPhone 12 Pro Max,131,131,130,,,,132,127,121,1099,2020-10-01,V5,https://www.dxomark.com/smartphones/Apple/iPhone-12-Pro-Max,DXOMARK smartphone ranking,2026-09-27
Sony,IMX615,SONY:IMX615,IMX615,,,Canonical product name,32,6560 x 4928,1/2.74,0.8,4in1,,,,RGGB,,,Realme 11 Pro+,https://spinformation.info/all/smartphone-image-sensor/,SP information,,,Medium,,1,,,,0,Realme 11 Pro+,Realme,Unknown,,,https://spinformation.info/all/smartphone-image-sensor/,Existing master Example_Phones,,Medium,PHONE:REALME11PRO,Not yet matched,,,,,,,,,,,,,,,,
Sony,IMX616,SONY:IMX616,IMX616,,,Canonical product name,32,6528 x 4896,1/2.74,0.8,4in1,,PDAF,,RGGB,,,OnePlus Nord; OPPO Find X2 Pro; Galaxy M31,https://spinformation.info/all/smartphone-image-sensor/,SP information,,,Medium,,3,,,,0,Galaxy M31,Samsung,Unknown,,,https://spinformation.info/all/smartphone-image-sensor/,Existing master Example_Phones,,Medium,PHONE:GALAXYM31,Not yet matched,,,,,,,,,,,,,,,,
Sony,IMX616,SONY:IMX616,IMX616,,,Canonical product name,32,6528 x 4896,1/2.74,0.8,4in1,,PDAF,,RGGB,,,OnePlus Nord; OPPO Find X2 Pro; Galaxy M31,https://spinformation.info/all/smartphone-image-sensor/,SP information,,,Medium,,3,,,,0,OPPO Find X2 Pro,OPPO,Unknown,,,https://spinformation.info/all/smartphone-image-sensor/,Existing master Example_Phones,,Medium,PHONE:FINDX2PRO,Exact normalized model match,Oppo Find X2 Pro,,,,,,,97,,,1199,2020-05-01,,https://www.dxomark.com/smartphones/Oppo/Find-X2-Pro,DXOMARK smartphone ranking,2026-09-27
Sony,IMX616,SONY:IMX616,IMX616,,,Canonical product name,32,6528 x 4896,1/2.74,0.8,4in1,,PDAF,,RGGB,,,OnePlus Nord; OPPO Find X2 Pro; Galaxy M31,https://spinformation.info/all/smartphone-image-sensor/,SP information,,,Medium,,3,,,,0,OnePlus Nord,OnePlus,Unknown,,,https://spinformation.info/all/smartphone-image-sensor/,Existing master Example_Phones,,Medium,PHONE:ONEPLUSNORD,Not yet matched,,,,,,,,,,,,,,,,
Sony,IMX633,SONY:IMX633,IMX633,,,Canonical product name,12,4032 x 3024,1/2.55,1.4,---,,All-pixel PDAF (DualPD),,RGGB,,,iPhone 16; iPhone 16 Plus; iPhone 14 Pro,https://spinformation.info/all/smartphone-image-sensor/,SP information,,,Medium,,3,,,,0,iPhone 14 Pro,Apple,Unknown,,,https://spinformation.info/all/smartphone-image-sensor/,Existing master Example_Phones,,Medium,PHONE:IPHONE14PRO,Exact normalized model match,Apple iPhone 14 Pro,146,143,149,,,,145,146,119,999,2022-09-06,V5,https://www.dxomark.com/smartphones/Apple/iPhone-14-Pro,DXOMARK smartphone ranking,2026-09-27
Sony,IMX633,SONY:IMX633,IMX633,,,Canonical product name,12,4032 x 3024,1/2.55,1.4,---,,All-pixel PDAF (DualPD),,RGGB,,,iPhone 16; iPhone 16 Plus; iPhone 14 Pro,https://spinformation.info/all/smartphone-image-sensor/,SP information,,,Medium,,3,,,,0,iPhone 16,Apple,Unknown,,,https://spinformation.info/all/smartphone-image-sensor/,Existing master Example_Phones,,Medium,PHONE:IPHONE16,Exact normalized model match,Apple iPhone 16,147,149,154,,,,,142,,799,2024-09-20,V5,https://www.dxomark.com/smartphones/Apple/iPhone-16,DXOMARK smartphone ranking,2026-09-27
Sony,IMX633,SONY:IMX633,IMX633,,,Canonical product name,12,4032 x 3024,1/2.55,1.4,---,,All-pixel PDAF (DualPD),,RGGB,,,iPhone 16; iPhone 16 Plus; iPhone 14 Pro,https://spinformation.info/all/smartphone-image-sensor/,SP information,,,Medium,,3,,,,0,iPhone 16 Plus,Apple,Unknown,,,https://spinformation.info/all/smartphone-image-sensor/,Existing master Example_Phones,,Medium,PHONE:IPHONE16PLUS,Not yet matched,,,,,,,,,,,,,,,,
Sony,IMX650,SONY:IMX650,IMX650,,,Canonical product name,12,,1/3.5,1.0,---,,PDAF,,RGGB,,,Xperia 1 VII; Xperia 1 VI; Xperia 1 IV,https://spinformation.info/all/smartphone-image-sensor/,SP information,,,Medium,,3,,,,0,Xperia 1 IV,Sony,Unknown,,,https://spinformation.info/all/smartphone-image-sensor/,Existing master Example_Phones,,Medium,PHONE:XPERIA1IV,Exact normalized model match,Sony Xperia 1 IV,118,118,112,,,,,126,87,1599,2022-06-11,V5,https://www.dxomark.com/smartphones/Sony/Xperia-1-IV,DXOMARK smartphone ranking,2026-09-27
Sony,IMX650,SONY:IMX650,IMX650,,,Canonical product name,12,,1/3.5,1.0,---,,PDAF,,RGGB,,,Xperia 1 VII; Xperia 1 VI; Xperia 1 IV,https://spinformation.info/all/smartphone-image-sensor/,SP information,,,Medium,,3,,,,0,Xperia 1 VI,Sony,Unknown,,,https://spinformation.info/all/smartphone-image-sensor/,Existing master Example_Phones,,Medium,PHONE:XPERIA1VI,Not yet matched,,,,,,,,,,,,,,,,
Sony,IMX650,SONY:IMX650,IMX650,,,Canonical product name,12,,1/3.5,1.0,---,,PDAF,,RGGB,,,Xperia 1 VII; Xperia 1 VI; Xperia 1 IV,https://spinformation.info/all/smartphone-image-sensor/,SP information,,,Medium,,3,,,,0,Xperia 1 VII,Sony,Unknown,,,https://spinformation.info/all/smartphone-image-sensor/,Existing master Example_Phones,,Medium,PHONE:XPERIA1VII,Not yet matched,,,,,,,,,,,,,,,,
Sony,IMX663,SONY:IMX663,IMX663,,,Canonical product name,12,4032 x 3016,1/2.93,1.22,---,,All-pixel PDAF (DualPD),,RGGB,,,vivo X90 Pro; Xperia 1 III; Zenfone 9,https://spinformation.info/all/smartphone-image-sensor/,SP information,,,Medium,,3,,,,0,Xperia 1 III,Sony,Unknown,,,https://spinformation.info/all/smartphone-image-sensor/,Existing master Example_Phones,,Medium,PHONE:XPERIA1III,Exact normalized model match,Sony Xperia 1 III,105,107,92,,,,,,,1299,2021-04-14,V5,https://www.dxomark.com/smartphones/Sony/Xperia-1-III,DXOMARK smartphone ranking,2026-09-27
Sony,IMX663,SONY:IMX663,IMX663,,,Canonical product name,12,4032 x 3016,1/2.93,1.22,---,,All-pixel PDAF (DualPD),,RGGB,,,vivo X90 Pro; Xperia 1 III; Zenfone 9,https://spinformation.info/all/smartphone-image-sensor/,SP information,,,Medium,,3,,,,0,Zenfone 9,ASUS,Unknown,,,https://spinformation.info/all/smartphone-image-sensor/,Existing master Example_Phones,,Medium,PHONE:ZENFONE9,Not yet matched,,,,,,,,,,,,,,,,
Sony,IMX663,SONY:IMX663,IMX663,,,Canonical product name,12,4032 x 3016,1/2.93,1.22,---,,All-pixel PDAF (DualPD),,RGGB,,,vivo X90 Pro; Xperia 1 III; Zenfone 9,https://spinformation.info/all/smartphone-image-sensor/,SP information,,,Medium,,3,,,,0,vivo X90 Pro,vivo,Unknown,,,https://spinformation.info/all/smartphone-image-sensor/,Existing master Example_Phones,,Medium,PHONE:X90PRO,Exact normalized model match,Vivo X90 Pro,136,133,133,,,,,132,,757,2022-12-06,V5,https://www.dxomark.com/smartphones/Vivo/X90-Pro,DXOMARK smartphone ranking,2026-09-27
Sony,IMX682,SONY:IMX682,IMX682,,,Canonical product name,64,9248 x 6944,1/1.73,0.8,4in1,,PDAF (2x1 OCL),,RGGB,,,POCO X3; Redmi K30 Ultra; Galaxy A52s 5G,https://spinformation.info/all/smartphone-image-sensor/,SP information,,,Medium,,3,,,,0,Galaxy A52s 5G,Samsung,Unknown,,,https://spinformation.info/all/smartphone-image-sensor/,Existing master Example_Phones,,Medium,PHONE:GALAXYA52S5G,Exact normalized model match,Samsung Galaxy A52s 5G,88,82,91,,,,,,,459,2021-08-17,V5,https://www.dxomark.com/smartphones/Samsung/Galaxy-A52s-5G,DXOMARK smartphone ranking,2026-09-27
Sony,IMX682,SONY:IMX682,IMX682,,,Canonical product name,64,9248 x 6944,1/1.73,0.8,4in1,,PDAF (2x1 OCL),,RGGB,,,POCO X3; Redmi K30 Ultra; Galaxy A52s 5G,https://spinformation.info/all/smartphone-image-sensor/,SP information,,,Medium,,3,,,,0,POCO X3,Xiaomi,Unknown,,,https://spinformation.info/all/smartphone-image-sensor/,Existing master Example_Phones,,Medium,PHONE:POCOX3,Not yet matched,,,,,,,,,,,,,,,,
Sony,IMX682,SONY:IMX682,IMX682,,,Canonical product name,64,9248 x 6944,1/1.73,0.8,4in1,,PDAF (2x1 OCL),,RGGB,,,POCO X3; Redmi K30 Ultra; Galaxy A52s 5G,https://spinformation.info/all/smartphone-image-sensor/,SP information,,,Medium,,3,,,,0,Redmi K30 Ultra,Xiaomi,Unknown,,,https://spinformation.info/all/smartphone-image-sensor/,Existing master Example_Phones,,Medium,PHONE:REDMIK30ULTRA,Not yet matched,,,,,,,,,,,,,,,,
Sony,IMX688,SONY:IMX688,IMX688,,,Canonical product name,13,,1/2.80,1.22,,,,,,,,,https://helpix.ru/isensor/,Helpix smartphone sensor index,Added in ultra expansion; mobile-camera sensor index listing.,2020.0,Medium,,0,,,,0,,,,,,,,,,,No phone mapping,,,,,,,,,,,,,,,,
Sony,IMX703,SONY:IMX703,IMX703,,,Canonical product name,12.2,,1/1.65,1.9,,,,,,,,,https://helpix.ru/isensor/,Helpix smartphone sensor index,Added in ultra expansion; mobile-camera sensor index listing.,2021.0,Medium,,0,,,,0,,,,,,,,,,,No phone mapping,,,,,,,,,,,,,,,,
Sony,IMX708,SONY:IMX708,IMX708,,,Canonical product name,12.2,,1/2.55,1.4,,,,,,,,,https://helpix.ru/isensor/,Helpix smartphone sensor index,Added in ultra expansion; mobile-camera sensor index listing.,2020.0,Medium,,0,,,,0,,,,,,,,,,,No phone mapping,,,,,,,,,,,,,,,,
Sony,IMX709,SONY:IMX709,IMX709,,,Canonical product name,32,,1/2.74,0.8,,,,DOL-HDR,RGBW,,,OPPO Find X6 Pro; Realme 12 Pro,https://spinformation.info/all/smartphone-image-sensor/,Existing catalog / official + SP information,,2021.0,High,https://helpix.ru/isensor/,2,,,,0,Realme 12 Pro,Realme,Unknown,,,https://spinformation.info/all/smartphone-image-sensor/,Existing master Example_Phones,,High,PHONE:REALME12PRO,Not yet matched,,,,,,,,,,,,,,,,
Sony,IMX709,SONY:IMX709,IMX709,,,Canonical product name,32,,1/2.74,0.8,,,,DOL-HDR,RGBW,,,OPPO Find X6 Pro; Realme 12 Pro,https://spinformation.info/all/smartphone-image-sensor/,Existing catalog / official + SP information,,2021.0,High,https://helpix.ru/isensor/,2,,,,0,OPPO Find X6 Pro,OPPO,Unknown,2023.0,,https://spinformation.info/all/smartphone-image-sensor/,Existing master Example_Phones,,High,PHONE:FINDX6PRO,Exact normalized model match,Oppo Find X6 Pro,153,153,148,,,,,138,151,908,2023-03-21,V5,https://www.dxomark.com/smartphones/Oppo/Find-X6-Pro,DXOMARK smartphone ranking,2026-09-27
Sony,IMX712,SONY:IMX712,IMX712,,,Canonical product name,13,,1/3.10,,,,PDAF,,RGGB,,,Google Pixel 7a; Pixel 8a; Pixel 9a; Pixel 10,https://spinformation.info/all/smartphone-image-sensor/,Existing catalog / official + SP information,,,High,https://helpix.ru/isensor/,4,,,,0,Google Pixel 7a,Google,Unknown,,,https://spinformation.info/all/smartphone-image-sensor/,Existing master Example_Phones,,High,PHONE:PIXEL7A,Exact normalized model match,Google Pixel 7a,133,138,133,,,,140,135,96,499,2023-06-01,V5,https://www.dxomark.com/smartphones/Google/Pixel-7a,DXOMARK smartphone ranking,2026-09-27
Sony,IMX712,SONY:IMX712,IMX712,,,Canonical product name,13,,1/3.10,,,,PDAF,,RGGB,,,Google Pixel 7a; Pixel 8a; Pixel 9a; Pixel 10,https://spinformation.info/all/smartphone-image-sensor/,Existing catalog / official + SP information,,,High,https://helpix.ru/isensor/,4,,,,0,Pixel 10,Pixel,Unknown,,,https://spinformation.info/all/smartphone-image-sensor/,Existing master Example_Phones,,High,PHONE:PIXEL10,Exact normalized model match,Google Pixel 10,,,,,,,,160,,899,2025-08-28,,https://www.dxomark.com/smartphones/Google/Pixel-10,DXOMARK smartphone ranking,2026-09-27
Sony,IMX712,SONY:IMX712,IMX712,,,Canonical product name,13,,1/3.10,,,,PDAF,,RGGB,,,Google Pixel 7a; Pixel 8a; Pixel 9a; Pixel 10,https://spinformation.info/all/smartphone-image-sensor/,Existing catalog / official + SP information,,,High,https://helpix.ru/isensor/,4,,,,0,Pixel 8a,Pixel,Unknown,,,https://spinformation.info/all/smartphone-image-sensor/,Existing master Example_Phones,,High,PHONE:PIXEL8A,Exact normalized model match,Google Pixel 8a,136,141,128,,,,,145,,499,2024-03-20,V5,https://www.dxomark.com/smartphones/Google/Pixel-8a,DXOMARK smartphone ranking,2026-09-27
Sony,IMX712,SONY:IMX712,IMX712,,,Canonical product name,13,,1/3.10,,,,PDAF,,RGGB,,,Google Pixel 7a; Pixel 8a; Pixel 9a; Pixel 10,https://spinformation.info/all/smartphone-image-sensor/,Existing catalog / official + SP information,,,High,https://helpix.ru/isensor/,4,,,,0,Pixel 9a,Pixel,Unknown,,,https://spinformation.info/all/smartphone-image-sensor/,Existing master Example_Phones,,High,PHONE:PIXEL9A,Exact normalized model match,Google Pixel 9a,128,144,100,,,,,155,,499,2025-04-10,V6,https://www.dxomark.com/smartphones/Google/Pixel-9a,DXOMARK smartphone ranking,2026-09-27
Sony,IMX713,SONY:IMX713,IMX713,,,Canonical product name,12,,1/3.5,1.0,,,PDAF,,RGGB,,,iPhone 14 Pro; iPhone 14 Pro Max,https://spinformation.info/all/smartphone-image-sensor/,Existing catalog / official + SP information,,2021.0,High,https://helpix.ru/isensor/,2,,,,0,iPhone 14 Pro,Apple,Unknown,,,https://spinformation.info/all/smartphone-image-sensor/,Existing master Example_Phones,,High,PHONE:IPHONE14PRO,Exact normalized model match,Apple iPhone 14 Pro,146,143,149,,,,145,146,119,999,2022-09-06,V5,https://www.dxomark.com/smartphones/Apple/iPhone-14-Pro,DXOMARK smartphone ranking,2026-09-27
Sony,IMX713,SONY:IMX713,IMX713,,,Canonical product name,12,,1/3.5,1.0,,,PDAF,,RGGB,,,iPhone 14 Pro; iPhone 14 Pro Max,https://spinformation.info/all/smartphone-image-sensor/,Existing catalog / official + SP information,,2021.0,High,https://helpix.ru/isensor/,2,,,,0,iPhone 14 Pro Max,Apple,Unknown,,,https://spinformation.info/all/smartphone-image-sensor/,Existing master Example_Phones,,High,PHONE:IPHONE14PROMAX,Exact normalized model match,Apple iPhone 14 Pro Max,146,143,149,,,,145,146,133,1099,2022-09-07,V5,https://www.dxomark.com/smartphones/Apple/iPhone-14-Pro-Max,DXOMARK smartphone ranking,2026-09-27
Sony,IMX714,SONY:IMX714,IMX714,,,Canonical product name,12,,1/3.5,1.0,,,PDAF,,RGGB,,,iPhone 14 Pro; iPhone 14 Pro Max,https://spinformation.info/all/smartphone-image-sensor/,Existing catalog / official + SP information,,2022.0,High,https://helpix.ru/isensor/,2,,,,0,iPhone 14 Pro,Apple,Unknown,,,https://spinformation.info/all/smartphone-image-sensor/,Existing master Example_Phones,,High,PHONE:IPHONE14PRO,Exact normalized model match,Apple iPhone 14 Pro,146,143,149,,,,145,146,119,999,2022-09-06,V5,https://www.dxomark.com/smartphones/Apple/iPhone-14-Pro,DXOMARK smartphone ranking,2026-09-27
Sony,IMX714,SONY:IMX714,IMX714,,,Canonical product name,12,,1/3.5,1.0,,,PDAF,,RGGB,,,iPhone 14 Pro; iPhone 14 Pro Max,https://spinformation.info/all/smartphone-image-sensor/,Existing catalog / official + SP information,,2022.0,High,https://helpix.ru/isensor/,2,,,,0,iPhone 14 Pro Max,Apple,Unknown,,,https://spinformation.info/all/smartphone-image-sensor/,Existing master Example_Phones,,High,PHONE:IPHONE14PROMAX,Exact normalized model match,Apple iPhone 14 Pro Max,146,143,149,,,,145,146,133,1099,2022-09-07,V5,https://www.dxomark.com/smartphones/Apple/iPhone-14-Pro-Max,DXOMARK smartphone ranking,2026-09-27
Sony,IMX718,SONY:IMX718,IMX718,,,Canonical product name,20,,1/1.54,1.6,,,PDAF,,RGGB,,,HUAWEI Mate 40 Pro; Mate 40 Pro+,https://spinformation.info/all/smartphone-image-sensor/,Existing catalog / official + SP information,,2020.0,High,https://helpix.ru/isensor/,2,,,,0,HUAWEI Mate 40 Pro,Huawei,Unknown,,,https://spinformation.info/all/smartphone-image-sensor/,Existing master Example_Phones,,High,PHONE:MATE40PRO,Exact normalized model match,Huawei Mate 40 Pro,135,136,136,,,,142,,,1199,2020-10-01,V5,https://www.dxomark.com/smartphones/Huawei/Mate-40-Pro,DXOMARK smartphone ranking,2026-09-27
Sony,IMX718,SONY:IMX718,IMX718,,,Canonical product name,20,,1/1.54,1.6,,,PDAF,,RGGB,,,HUAWEI Mate 40 Pro; Mate 40 Pro+,https://spinformation.info/all/smartphone-image-sensor/,Existing catalog / official + SP information,,2020.0,High,https://helpix.ru/isensor/,2,,,,0,Mate 40 Pro+,Mate,Unknown,,,https://spinformation.info/all/smartphone-image-sensor/,Existing master Example_Phones,,High,PHONE:MATE40PRO,Not yet matched,,,,,,,,,,,,,,,,
Sony,IMX752,SONY:IMX752,IMX752,,,Canonical product name,50,,,0.7,,,,,,,,,https://helpix.ru/isensor/,Helpix smartphone sensor index,Added in ultra expansion; mobile-camera sensor index listing.,2025.0,Medium,,0,,,,0,,,,,,,,,,,No phone mapping,,,,,,,,,,,,,,,,
Sony,IMX754,SONY:IMX754,IMX754,,,Canonical product name,10,,1/3.52,1.12,,,All-pixel PDAF (DualPD),,RGGB,,,Galaxy S22 Ultra; Galaxy S23 Ultra; Galaxy S25 Ultra,https://spinformation.info/all/smartphone-image-sensor/,Existing catalog / official + SP information,,2022.0,High,https://helpix.ru/isensor/,3,,,,0,Galaxy S22 Ultra,Samsung,Unknown,,,https://spinformation.info/all/smartphone-image-sensor/,Existing master Example_Phones,,High,PHONE:GALAXYS22ULTRA,Not yet matched,,,,,,,,,,,,,,,,
Sony,IMX754,SONY:IMX754,IMX754,,,Canonical product name,10,,1/3.52,1.12,,,All-pixel PDAF (DualPD),,RGGB,,,Galaxy S22 Ultra; Galaxy S23 Ultra; Galaxy S25 Ultra,https://spinformation.info/all/smartphone-image-sensor/,Existing catalog / official + SP information,,2022.0,High,https://helpix.ru/isensor/,3,,,,0,Galaxy S23 Ultra,Samsung,Unknown,,,https://spinformation.info/all/smartphone-image-sensor/,Existing master Example_Phones,,High,PHONE:GALAXYS23ULTRA,Exact normalized model match,Samsung Galaxy S23 Ultra,140,139,137,,,,141,148,142,1199,2023-02-01,V5,https://www.dxomark.com/smartphones/Samsung/Galaxy-S23-Ultra,DXOMARK smartphone ranking,2026-09-27
Sony,IMX754,SONY:IMX754,IMX754,,,Canonical product name,10,,1/3.52,1.12,,,All-pixel PDAF (DualPD),,RGGB,,,Galaxy S22 Ultra; Galaxy S23 Ultra; Galaxy S25 Ultra,https://spinformation.info/all/smartphone-image-sensor/,Existing catalog / official + SP information,,2022.0,High,https://helpix.ru/isensor/,3,,,,0,Galaxy S25 Ultra,Samsung,Unknown,,,https://spinformation.info/all/smartphone-image-sensor/,Existing master Example_Phones,,High,PHONE:GALAXYS25ULTRA,Exact normalized model match,Samsung Galaxy S25 Ultra,151,152,150,,,,,160,,1299,2025-02-07,V6,https://www.dxomark.com/smartphones/Samsung/Galaxy-S25-Ultra,DXOMARK smartphone ranking,2026-09-27
Sony,IMX758,SONY:IMX758,IMX758,,,Canonical product name,50.3,,1/2.4,0.7,4-in-1,,All-pixel PDAF (2x2 OCL),,RGGB,,,vivo X90 Pro; vivo X90 Pro+,https://spinformation.info/all/smartphone-image-sensor/,Existing catalog / official + SP information,,2022.0,High,https://helpix.ru/isensor/,2,,,,0,vivo X90 Pro,vivo,Unknown,,,https://spinformation.info/all/smartphone-image-sensor/,Existing master Example_Phones,,High,PHONE:X90PRO,Exact normalized model match,Vivo X90 Pro,136,133,133,,,,,132,,757,2022-12-06,V5,https://www.dxomark.com/smartphones/Vivo/X90-Pro,DXOMARK smartphone ranking,2026-09-27
Sony,IMX758,SONY:IMX758,IMX758,,,Canonical product name,50.3,,1/2.4,0.7,4-in-1,,All-pixel PDAF (2x2 OCL),,RGGB,,,vivo X90 Pro; vivo X90 Pro+,https://spinformation.info/all/smartphone-image-sensor/,Existing catalog / official + SP information,,2022.0,High,https://helpix.ru/isensor/,2,,,,0,vivo X90 Pro+,vivo,Unknown,,,https://spinformation.info/all/smartphone-image-sensor/,Existing master Example_Phones,,High,PHONE:X90PRO,Not yet matched,,,,,,,,,,,,,,,,
Sony,IMX766,SONY:IMX766,IMX766,,,Canonical product name,50.3,,1/1.56,1.0,4-in-1,,All-pixel PDAF (2x2 OCL),DOL-HDR,RGGB,,,OPPO Find X5 Pro; OnePlus 10T; Nothing Phone (1),https://spinformation.info/all/smartphone-image-sensor/,Existing catalog / official + SP information,,,High,,58,Rear Main; Rear Ultra-wide; Rear Main + Rear Ultra-wide,2022.0,2026.0,0,OPPO Find X5 Pro,OPPO,Unknown,,,https://spinformation.info/all/smartphone-image-sensor/,Existing master Example_Phones,,High,PHONE:FINDX5PRO,Exact normalized model match,Oppo Find X5 Pro,130,130,126,,,,116,137,116,1299,2022-02-24,V5,https://www.dxomark.com/smartphones/Oppo/Find-X5-Pro,DXOMARK smartphone ranking,2026-09-27
Sony,IMX766,SONY:IMX766,IMX766,,,Canonical product name,50.3,,1/1.56,1.0,4-in-1,,All-pixel PDAF (2x2 OCL),DOL-HDR,RGGB,,,OPPO Find X5 Pro; OnePlus 10T; Nothing Phone (1),https://spinformation.info/all/smartphone-image-sensor/,Existing catalog / official + SP information,,,High,,58,Rear Main; Rear Ultra-wide; Rear Main + Rear Ultra-wide,2022.0,2026.0,0,ASUS ROG Phone 6,ASUS,Rear Main,2022.0,,https://helpix.ru/isensor/sony_imx766/,Helpix sensor-phone mapping,,High,PHONE:ASUSROGPHONE6,Exact normalized model match,Asus ROG Phone 6,,,,,,,,127,140,999,2022-07-05,,https://www.dxomark.com/smartphones/Asus/ROG-Phone-6,DXOMARK smartphone ranking,2026-09-27
Sony,IMX766,SONY:IMX766,IMX766,,,Canonical product name,50.3,,1/1.56,1.0,4-in-1,,All-pixel PDAF (2x2 OCL),DOL-HDR,RGGB,,,OPPO Find X5 Pro; OnePlus 10T; Nothing Phone (1),https://spinformation.info/all/smartphone-image-sensor/,Existing catalog / official + SP information,,,High,,58,Rear Main; Rear Ultra-wide; Rear Main + Rear Ultra-wide,2022.0,2026.0,0,ASUS ROG Phone 6 Batman Edition,ASUS,Rear Main,2022.0,,https://helpix.ru/isensor/sony_imx766/,Helpix sensor-phone mapping,,High,PHONE:ASUSROGPHONE6BATMANEDITION,Not yet matched,,,,,,,,,,,,,,,,
Sony,IMX766,SONY:IMX766,IMX766,,,Canonical product name,50.3,,1/1.56,1.0,4-in-1,,All-pixel PDAF (2x2 OCL),DOL-HDR,RGGB,,,OPPO Find X5 Pro; OnePlus 10T; Nothing Phone (1),https://spinformation.info/all/smartphone-image-sensor/,Existing catalog / official + SP information,,,High,,58,Rear Main; Rear Ultra-wide; Rear Main + Rear Ultra-wide,2022.0,2026.0,0,ASUS ROG Phone 6 Diablo Immortal Edition,ASUS,Rear Main,2022.0,,https://helpix.ru/isensor/sony_imx766/,Helpix sensor-phone mapping,,High,PHONE:ASUSROGPHONE6DIABLOIMMORTALEDITION,Not yet matched,,,,,,,,,,,,,,,,
Sony,IMX766,SONY:IMX766,IMX766,,,Canonical product name,50.3,,1/1.56,1.0,4-in-1,,All-pixel PDAF (2x2 OCL),DOL-HDR,RGGB,,,OPPO Find X5 Pro; OnePlus 10T; Nothing Phone (1),https://spinformation.info/all/smartphone-image-sensor/,Existing catalog / official + SP information,,,High,,58,Rear Main; Rear Ultra-wide; Rear Main + Rear Ultra-wide,2022.0,2026.0,0,ASUS ROG Phone 6 Pro,ASUS,Rear Main,2022.0,,https://helpix.ru/isensor/sony_imx766/,Helpix sensor-phone mapping,,High,PHONE:ASUSROGPHONE6PRO,Not yet matched,,,,,,,,,,,,,,,,
Sony,IMX766,SONY:IMX766,IMX766,,,Canonical product name,50.3,,1/1.56,1.0,4-in-1,,All-pixel PDAF (2x2 OCL),DOL-HDR,RGGB,,,OPPO Find X5 Pro; OnePlus 10T; Nothing Phone (1),https://spinformation.info/all/smartphone-image-sensor/,Existing catalog / official + SP information,,,High,,58,Rear Main; Rear Ultra-wide; Rear Main + Rear Ultra-wide,2022.0,2026.0,0,ASUS ROG Phone 6D,ASUS,Rear Main,2022.0,,https://helpix.ru/isensor/sony_imx766/,Helpix sensor-phone mapping,,High,PHONE:ASUSROGPHONE6D,Not yet matched,,,,,,,,,,,,,,,,
Sony,IMX766,SONY:IMX766,IMX766,,,Canonical product name,50.3,,1/1.56,1.0,4-in-1,,All-pixel PDAF (2x2 OCL),DOL-HDR,RGGB,,,OPPO Find X5 Pro; OnePlus 10T; Nothing Phone (1),https://spinformation.info/all/smartphone-image-sensor/,Existing catalog / official + SP information,,,High,,58,Rear Main; Rear Ultra-wide; Rear Main + Rear Ultra-wide,2022.0,2026.0,0,ASUS ROG Phone 6D Ultimate,ASUS,Rear Main,2022.0,,https://helpix.ru/isensor/sony_imx766/,Helpix sensor-phone mapping,,High,PHONE:ASUSROGPHONE6DULTIMATE,Not yet matched,,,,,,,,,,,,,,,,
Sony,IMX766,SONY:IMX766,IMX766,,,Canonical product name,50.3,,1/1.56,1.0,4-in-1,,All-pixel PDAF (2x2 OCL),DOL-HDR,RGGB,,,OPPO Find X5 Pro; OnePlus 10T; Nothing Phone (1),https://spinformation.info/all/smartphone-image-sensor/,Existing catalog / official + SP information,,,High,,58,Rear Main; Rear Ultra-wide; Rear Main + Rear Ultra-wide,2022.0,2026.0,0,ASUS Zenfone 9,ASUS,Rear Main,2022.0,,https://helpix.ru/isensor/sony_imx766/,Helpix sensor-phone mapping,,High,PHONE:ASUSZENFONE9,Not yet matched,,,,,,,,,,,,,,,,
Sony,IMX766,SONY:IMX766,IMX766,,,Canonical product name,50.3,,1/1.56,1.0,4-in-1,,All-pixel PDAF (2x2 OCL),DOL-HDR,RGGB,,,OPPO Find X5 Pro; OnePlus 10T; Nothing Phone (1),https://spinformation.info/all/smartphone-image-sensor/,Existing catalog / official + SP information,,,High,,58,Rear Main; Rear Ultra-wide; Rear Main + Rear Ultra-wide,2022.0,2026.0,0,Honor Magic4,HONOR,Rear Main,2022.0,,https://helpix.ru/isensor/sony_imx766/,Helpix sensor-phone mapping,,High,PHONE:MAGIC4,Not yet matched,,,,,,,,,,,,,,,,
Sony,IMX766,SONY:IMX766,IMX766,,,Canonical product name,50.3,,1/1.56,1.0,4-in-1,,All-pixel PDAF (2x2 OCL),DOL-HDR,RGGB,,,OPPO Find X5 Pro; OnePlus 10T; Nothing Phone (1),https://spinformation.info/all/smartphone-image-sensor/,Existing catalog / official + SP information,,,High,,58,Rear Main; Rear Ultra-wide; Rear Main + Rear Ultra-wide,2022.0,2026.0,0,Honor Magic4 Pro,HONOR,Rear Main,2022.0,,https://helpix.ru/isensor/sony_imx766/,Helpix sensor-phone mapping,,High,PHONE:MAGIC4PRO,Exact normalized model match,Honor Magic4 Pro,126,132,117,,,,,130,95,1099,2022-05-17,V5,https://www.dxomark.com/smartphones/Honor/Magic4-Pro,DXOMARK smartphone ranking,2026-09-27
Sony,IMX766,SONY:IMX766,IMX766,,,Canonical product name,50.3,,1/1.56,1.0,4-in-1,,All-pixel PDAF (2x2 OCL),DOL-HDR,RGGB,,,OPPO Find X5 Pro; OnePlus 10T; Nothing Phone (1),https://spinformation.info/all/smartphone-image-sensor/,Existing catalog / official + SP information,,,High,,58,Rear Main; Rear Ultra-wide; Rear Main + Rear Ultra-wide,2022.0,2026.0,0,Huawei Mate 50 Pro,Huawei,Rear Main,2022.0,,https://helpix.ru/isensor/sony_imx766/,Helpix sensor-phone mapping,,High,PHONE:MATE50PRO,Exact normalized model match,Huawei Mate 50 Pro,149,152,141,,,,145,133,103,1299,2022-09-06,V5,https://www.dxomark.com/smartphones/Huawei/Mate-50-Pro,DXOMARK smartphone ranking,2026-09-27
Sony,IMX766,SONY:IMX766,IMX766,,,Canonical product name,50.3,,1/1.56,1.0,4-in-1,,All-pixel PDAF (2x2 OCL),DOL-HDR,RGGB,,,OPPO Find X5 Pro; OnePlus 10T; Nothing Phone (1),https://spinformation.info/all/smartphone-image-sensor/,Existing catalog / official + SP information,,,High,,58,Rear Main; Rear Ultra-wide; Rear Main + Rear Ultra-wide,2022.0,2026.0,0,Nothing Phone (1),Nothing,Rear Main,2022.0,,https://helpix.ru/isensor/sony_imx766/,Helpix sensor-phone mapping,,High,PHONE:NOTHINGPHONE1,Exact normalized model match,Nothing Phone(1),114,121,112,,,,,122,119,469,2022-07-12,V5,https://www.dxomark.com/smartphones/Nothing/Phone(1),DXOMARK smartphone ranking,2026-09-27
Sony,IMX766,SONY:IMX766,IMX766,,,Canonical product name,50.3,,1/1.56,1.0,4-in-1,,All-pixel PDAF (2x2 OCL),DOL-HDR,RGGB,,,OPPO Find X5 Pro; OnePlus 10T; Nothing Phone (1),https://spinformation.info/all/smartphone-image-sensor/,Existing catalog / official + SP information,,,High,,58,Rear Main; Rear Ultra-wide; Rear Main + Rear Ultra-wide,2022.0,2026.0,0,OPPO Find X5,OPPO,Rear Main + Rear Ultra-wide,2022.0,,https://helpix.ru/isensor/sony_imx766/,Helpix sensor-phone mapping,,High,PHONE:FINDX5,Exact normalized model match,Oppo Find X5,114,124,95,,,,,130,111,999,2022-02-24,V5,https://www.dxomark.com/smartphones/Oppo/Find-X5,DXOMARK smartphone ranking,2026-09-27
Sony,IMX766,SONY:IMX766,IMX766,,,Canonical product name,50.3,,1/1.56,1.0,4-in-1,,All-pixel PDAF (2x2 OCL),DOL-HDR,RGGB,,,OPPO Find X5 Pro; OnePlus 10T; Nothing Phone (1),https://spinformation.info/all/smartphone-image-sensor/,Existing catalog / official + SP information,,,High,,58,Rear Main; Rear Ultra-wide; Rear Main + Rear Ultra-wide,2022.0,2026.0,0,OPPO Find X5 Pro (Dimensity),OPPO,Rear Main + Rear Ultra-wide,2022.0,,https://helpix.ru/isensor/sony_imx766/,Helpix sensor-phone mapping,,High,PHONE:FINDX5PRODIMENSITY,Not yet matched,,,,,,,,,,,,,,,,
Sony,IMX766,SONY:IMX766,IMX766,,,Canonical product name,50.3,,1/1.56,1.0,4-in-1,,All-pixel PDAF (2x2 OCL),DOL-HDR,RGGB,,,OPPO Find X5 Pro; OnePlus 10T; Nothing Phone (1),https://spinformation.info/all/smartphone-image-sensor/,Existing catalog / official + SP information,,,High,,58,Rear Main; Rear Ultra-wide; Rear Main + Rear Ultra-wide,2022.0,2026.0,0,OPPO Find X5 Pro (Snapdragon),OPPO,Rear Main + Rear Ultra-wide,2022.0,,https://helpix.ru/isensor/sony_imx766/,Helpix sensor-phone mapping,,High,PHONE:FINDX5PROSNAPDRAGON,Not yet matched,,,,,,,,,,,,,,,,
Sony,IMX766,SONY:IMX766,IMX766,,,Canonical product name,50.3,,1/1.56,1.0,4-in-1,,All-pixel PDAF (2x2 OCL),DOL-HDR,RGGB,,,OPPO Find X5 Pro; OnePlus 10T; Nothing Phone (1),https://spinformation.info/all/smartphone-image-sensor/,Existing catalog / official + SP information,,,High,,58,Rear Main; Rear Ultra-wide; Rear Main + Rear Ultra-wide,2022.0,2026.0,0,OPPO K10 Pro 5G,OPPO,Rear Main,2022.0,,https://helpix.ru/isensor/sony_imx766/,Helpix sensor-phone mapping,,High,PHONE:K10PRO5G,Not yet matched,,,,,,,,,,,,,,,,
Sony,IMX766,SONY:IMX766,IMX766,,,Canonical product name,50.3,,1/1.56,1.0,4-in-1,,All-pixel PDAF (2x2 OCL),DOL-HDR,RGGB,,,OPPO Find X5 Pro; OnePlus 10T; Nothing Phone (1),https://spinformation.info/all/smartphone-image-sensor/,Existing catalog / official + SP information,,,High,,58,Rear Main; Rear Ultra-wide; Rear Main + Rear Ultra-wide,2022.0,2026.0,0,OPPO Reno8 5G Global,OPPO,Rear Main,2022.0,,https://helpix.ru/isensor/sony_imx766/,Helpix sensor-phone mapping,,High,PHONE:RENO85GGLOBAL,Not yet matched,,,,,,,,,,,,,,,,
Sony,IMX766,SONY:IMX766,IMX766,,,Canonical product name,50.3,,1/1.56,1.0,4-in-1,,All-pixel PDAF (2x2 OCL),DOL-HDR,RGGB,,,OPPO Find X5 Pro; OnePlus 10T; Nothing Phone (1),https://spinformation.info/all/smartphone-image-sensor/,Existing catalog / official + SP information,,,High,,58,Rear Main; Rear Ultra-wide; Rear Main + Rear Ultra-wide,2022.0,2026.0,0,OPPO Reno8 Pro 5G China (Qualcomm),OPPO,Rear Main,2022.0,,https://helpix.ru/isensor/sony_imx766/,Helpix sensor-phone mapping,,High,PHONE:RENO8PRO5GCHINAQUALCOMM,Not yet matched,,,,,,,,,,,,,,,,
Sony,IMX766,SONY:IMX766,IMX766,,,Canonical product name,50.3,,1/1.56,1.0,4-in-1,,All-pixel PDAF (2x2 OCL),DOL-HDR,RGGB,,,OPPO Find X5 Pro; OnePlus 10T; Nothing Phone (1),https://spinformation.info/all/smartphone-image-sensor/,Existing catalog / official + SP information,,,High,,58,Rear Main; Rear Ultra-wide; Rear Main + Rear Ultra-wide,2022.0,2026.0,0,OPPO Reno8 Pro 5G Global (MediaTek),OPPO,Rear Main,2022.0,,https://helpix.ru/isensor/sony_imx766/,Helpix sensor-phone mapping,,High,PHONE:RENO8PRO5GGLOBALMEDIATEK,Not yet matched,,,,,,,,,,,,,,,,
Sony,IMX766,SONY:IMX766,IMX766,,,Canonical product name,50.3,,1/1.56,1.0,4-in-1,,All-pixel PDAF (2x2 OCL),DOL-HDR,RGGB,,,OPPO Find X5 Pro; OnePlus 10T; Nothing Phone (1),https://spinformation.info/all/smartphone-image-sensor/,Existing catalog / official + SP information,,,High,,58,Rear Main; Rear Ultra-wide; Rear Main + Rear Ultra-wide,2022.0,2026.0,0,OPPO Reno8 Pro 5G House of the Dragon,OPPO,Rear Main,2022.0,,https://helpix.ru/isensor/sony_imx766/,Helpix sensor-phone mapping,,High,PHONE:RENO8PRO5GHOUSEOFTHEDRAGON,Not yet matched,,,,,,,,,,,,,,,,
Sony,IMX766,SONY:IMX766,IMX766,,,Canonical product name,50.3,,1/1.56,1.0,4-in-1,,All-pixel PDAF (2x2 OCL),DOL-HDR,RGGB,,,OPPO Find X5 Pro; OnePlus 10T; Nothing Phone (1),https://spinformation.info/all/smartphone-image-sensor/,Existing catalog / official + SP information,,,High,,58,Rear Main; Rear Ultra-wide; Rear Main + Rear Ultra-wide,2022.0,2026.0,0,OPPO Reno8 Pro+ 5G,OPPO,Rear Main,2022.0,,https://helpix.ru/isensor/sony_imx766/,Helpix sensor-phone mapping,,High,PHONE:RENO8PRO5G,Not yet matched,,,,,,,,,,,,,,,,
Sony,IMX766,SONY:IMX766,IMX766,,,Canonical product name,50.3,,1/1.56,1.0,4-in-1,,All-pixel PDAF (2x2 OCL),DOL-HDR,RGGB,,,OPPO Find X5 Pro; OnePlus 10T; Nothing Phone (1),https://spinformation.info/all/smartphone-image-sensor/,Existing catalog / official + SP information,,,High,,58,Rear Main; Rear Ultra-wide; Rear Main + Rear Ultra-wide,2022.0,2026.0,0,OnePlus 10R,OnePlus,Rear Main,2022.0,,https://helpix.ru/isensor/sony_imx766/,Helpix sensor-phone mapping,,High,PHONE:ONEPLUS10R,Not yet matched,,,,,,,,,,,,,,,,
Sony,IMX766,SONY:IMX766,IMX766,,,Canonical product name,50.3,,1/1.56,1.0,4-in-1,,All-pixel PDAF (2x2 OCL),DOL-HDR,RGGB,,,OPPO Find X5 Pro; OnePlus 10T; Nothing Phone (1),https://spinformation.info/all/smartphone-image-sensor/,Existing catalog / official + SP information,,,High,,58,Rear Main; Rear Ultra-wide; Rear Main + Rear Ultra-wide,2022.0,2026.0,0,OnePlus 10T,OnePlus,Rear Main,2022.0,,https://helpix.ru/isensor/sony_imx766/,Helpix sensor-phone mapping,,High,PHONE:ONEPLUS10T,Not yet matched,,,,,,,,,,,,,,,,
Sony,IMX766,SONY:IMX766,IMX766,,,Canonical product name,50.3,,1/1.56,1.0,4-in-1,,All-pixel PDAF (2x2 OCL),DOL-HDR,RGGB,,,OPPO Find X5 Pro; OnePlus 10T; Nothing Phone (1),https://spinformation.info/all/smartphone-image-sensor/,Existing catalog / official + SP information,,,High,,58,Rear Main; Rear Ultra-wide; Rear Main + Rear Ultra-wide,2022.0,2026.0,0,ASUS ROG Phone 7,ASUS,Rear Main,2023.0,,https://helpix.ru/isensor/sony_imx766/,Helpix sensor-phone mapping,,High,PHONE:ASUSROGPHONE7,Exact normalized model match,Asus ROG Phone 7,108,126,106,,,,,132,135,999,2023-05-15,V5,https://www.dxomark.com/smartphones/Asus/ROG-Phone-7,DXOMARK smartphone ranking,2026-09-27
Sony,IMX766,SONY:IMX766,IMX766,,,Canonical product name,50.3,,1/1.56,1.0,4-in-1,,All-pixel PDAF (2x2 OCL),DOL-HDR,RGGB,,,OPPO Find X5 Pro; OnePlus 10T; Nothing Phone (1),https://spinformation.info/all/smartphone-image-sensor/,Existing catalog / official + SP information,,,High,,58,Rear Main; Rear Ultra-wide; Rear Main + Rear Ultra-wide,2022.0,2026.0,0,ASUS ROG Phone 7 Ultimate,ASUS,Rear Main,2023.0,,https://helpix.ru/isensor/sony_imx766/,Helpix sensor-phone mapping,,High,PHONE:ASUSROGPHONE7ULTIMATE,Not yet matched,,,,,,,,,,,,,,,,
Sony,IMX766,SONY:IMX766,IMX766,,,Canonical product name,50.3,,1/1.56,1.0,4-in-1,,All-pixel PDAF (2x2 OCL),DOL-HDR,RGGB,,,OPPO Find X5 Pro; OnePlus 10T; Nothing Phone (1),https://spinformation.info/all/smartphone-image-sensor/,Existing catalog / official + SP information,,,High,,58,Rear Main; Rear Ultra-wide; Rear Main + Rear Ultra-wide,2022.0,2026.0,0,ASUS Zenfone 10,ASUS,Rear Main,2023.0,,https://helpix.ru/isensor/sony_imx766/,Helpix sensor-phone mapping,,High,PHONE:ASUSZENFONE10,Exact normalized model match,Asus Zenfone 10,,,,,,,,126,,649,2023-06-29,,https://www.dxomark.com/smartphones/Asus/Zenfone-10,DXOMARK smartphone ranking,2026-09-27
Sony,IMX766,SONY:IMX766,IMX766,,,Canonical product name,50.3,,1/1.56,1.0,4-in-1,,All-pixel PDAF (2x2 OCL),DOL-HDR,RGGB,,,OPPO Find X5 Pro; OnePlus 10T; Nothing Phone (1),https://spinformation.info/all/smartphone-image-sensor/,Existing catalog / official + SP information,,,High,,58,Rear Main; Rear Ultra-wide; Rear Main + Rear Ultra-wide,2022.0,2026.0,0,Crosscall Stellar-X5,Crosscall,Rear Main,2023.0,,https://helpix.ru/isensor/sony_imx766/,Helpix sensor-phone mapping,,High,PHONE:CROSSCALLSTELLARX5,Exact normalized model match,Crosscall Stellar-X5,113,115,124,,,,,109,115,899,2023-10-06,V5,https://www.dxomark.com/smartphones/Crosscall/Stellar-X5,DXOMARK smartphone ranking,2026-09-27
Sony,IMX766,SONY:IMX766,IMX766,,,Canonical product name,50.3,,1/1.56,1.0,4-in-1,,All-pixel PDAF (2x2 OCL),DOL-HDR,RGGB,,,OPPO Find X5 Pro; OnePlus 10T; Nothing Phone (1),https://spinformation.info/all/smartphone-image-sensor/,Existing catalog / official + SP information,,,High,,58,Rear Main; Rear Ultra-wide; Rear Main + Rear Ultra-wide,2022.0,2026.0,0,Doogee S110,Doogee,Rear Main,2023.0,,https://helpix.ru/isensor/sony_imx766/,Helpix sensor-phone mapping,,High,PHONE:DOOGEES110,Not yet matched,,,,,,,,,,,,,,,,
Sony,IMX766,SONY:IMX766,IMX766,,,Canonical product name,50.3,,1/1.56,1.0,4-in-1,,All-pixel PDAF (2x2 OCL),DOL-HDR,RGGB,,,OPPO Find X5 Pro; OnePlus 10T; Nothing Phone (1),https://spinformation.info/all/smartphone-image-sensor/,Existing catalog / official + SP information,,,High,,58,Rear Main; Rear Ultra-wide; Rear Main + Rear Ultra-wide,2022.0,2026.0,0,Doogee V31 GT,Doogee,Rear Main,2023.0,,https://helpix.ru/isensor/sony_imx766/,Helpix sensor-phone mapping,,High,PHONE:DOOGEEV31GT,Not yet matched,,,,,,,,,,,,,,,,
Sony,IMX766,SONY:IMX766,IMX766,,,Canonical product name,50.3,,1/1.56,1.0,4-in-1,,All-pixel PDAF (2x2 OCL),DOL-HDR,RGGB,,,OPPO Find X5 Pro; OnePlus 10T; Nothing Phone (1),https://spinformation.info/all/smartphone-image-sensor/,Existing catalog / official + SP information,,,High,,58,Rear Main; Rear Ultra-wide; Rear Main + Rear Ultra-wide,2022.0,2026.0,0,Huawei Mate X3,Huawei,Rear Main,2023.0,,https://helpix.ru/isensor/sony_imx766/,Helpix sensor-phone mapping,,High,PHONE:MATEX3,Not yet matched,,,,,,,,,,,,,,,,
Sony,IMX766,SONY:IMX766,IMX766,,,Canonical product name,50.3,,1/1.56,1.0,4-in-1,,All-pixel PDAF (2x2 OCL),DOL-HDR,RGGB,,,OPPO Find X5 Pro; OnePlus 10T; Nothing Phone (1),https://spinformation.info/all/smartphone-image-sensor/,Existing catalog / official + SP information,,,High,,58,Rear Main; Rear Ultra-wide; Rear Main + Rear Ultra-wide,2022.0,2026.0,0,Meizu 20 Infinity,Meizu,Rear Main,2023.0,,https://helpix.ru/isensor/sony_imx766/,Helpix sensor-phone mapping,,High,PHONE:MEIZU20INFINITY,Not yet matched,,,,,,,,,,,,,,,,
Sony,IMX766,SONY:IMX766,IMX766,,,Canonical product name,50.3,,1/1.56,1.0,4-in-1,,All-pixel PDAF (2x2 OCL),DOL-HDR,RGGB,,,OPPO Find X5 Pro; OnePlus 10T; Nothing Phone (1),https://spinformation.info/all/smartphone-image-sensor/,Existing catalog / official + SP information,,,High,,58,Rear Main; Rear Ultra-wide; Rear Main + Rear Ultra-wide,2022.0,2026.0,0,NIO Phone,NIO,Rear Ultra-wide,2023.0,,https://helpix.ru/isensor/sony_imx766/,Helpix sensor-phone mapping,,High,PHONE:NIOPHONE,Not yet matched,,,,,,,,,,,,,,,,
Sony,IMX766,SONY:IMX766,IMX766,,,Canonical product name,50.3,,1/1.56,1.0,4-in-1,,All-pixel PDAF (2x2 OCL),DOL-HDR,RGGB,,,OPPO Find X5 Pro; OnePlus 10T; Nothing Phone (1),https://spinformation.info/all/smartphone-image-sensor/,Existing catalog / official + SP information,,,High,,58,Rear Main; Rear Ultra-wide; Rear Main + Rear Ultra-wide,2022.0,2026.0,0,Vivo S17 Pro,vivo,Rear Main,2023.0,,https://helpix.ru/isensor/sony_imx766/,Helpix sensor-phone mapping,,High,PHONE:S17PRO,Not yet matched,,,,,,,,,,,,,,,,
Sony,IMX766,SONY:IMX766,IMX766,,,Canonical product name,50.3,,1/1.56,1.0,4-in-1,,All-pixel PDAF (2x2 OCL),DOL-HDR,RGGB,,,OPPO Find X5 Pro; OnePlus 10T; Nothing Phone (1),https://spinformation.info/all/smartphone-image-sensor/,Existing catalog / official + SP information,,,High,,58,Rear Main; Rear Ultra-wide; Rear Main + Rear Ultra-wide,2022.0,2026.0,0,Vivo V27,vivo,Rear Main,2023.0,,https://helpix.ru/isensor/sony_imx766/,Helpix sensor-phone mapping,,High,PHONE:V27,Not yet matched,,,,,,,,,,,,,,,,
Sony,IMX766,SONY:IMX766,IMX766,,,Canonical product name,50.3,,1/1.56,1.0,4-in-1,,All-pixel PDAF (2x2 OCL),DOL-HDR,RGGB,,,OPPO Find X5 Pro; OnePlus 10T; Nothing Phone (1),https://spinformation.info/all/smartphone-image-sensor/,Existing catalog / official + SP information,,,High,,58,Rear Main; Rear Ultra-wide; Rear Main + Rear Ultra-wide,2022.0,2026.0,0,Vivo V27 Pro,vivo,Rear Main,2023.0,,https://helpix.ru/isensor/sony_imx766/,Helpix sensor-phone mapping,,High,PHONE:V27PRO,Not yet matched,,,,,,,,,,,,,,,,
Sony,IMX766,SONY:IMX766,IMX766,,,Canonical product name,50.3,,1/1.56,1.0,4-in-1,,All-pixel PDAF (2x2 OCL),DOL-HDR,RGGB,,,OPPO Find X5 Pro; OnePlus 10T; Nothing Phone (1),https://spinformation.info/all/smartphone-image-sensor/,Existing catalog / official + SP information,,,High,,58,Rear Main; Rear Ultra-wide; Rear Main + Rear Ultra-wide,2022.0,2026.0,0,Vivo V29 Pro,vivo,Rear Main,2023.0,,https://helpix.ru/isensor/sony_imx766/,Helpix sensor-phone mapping,,High,PHONE:V29PRO,Not yet matched,,,,,,,,,,,,,,,,
Sony,IMX766,SONY:IMX766,IMX766,,,Canonical product name,50.3,,1/1.56,1.0,4-in-1,,All-pixel PDAF (2x2 OCL),DOL-HDR,RGGB,,,OPPO Find X5 Pro; OnePlus 10T; Nothing Phone (1),https://spinformation.info/all/smartphone-image-sensor/,Existing catalog / official + SP information,,,High,,58,Rear Main; Rear Ultra-wide; Rear Main + Rear Ultra-wide,2022.0,2026.0,0,Xiaomi 13 Lite,Xiaomi,Rear Main,2023.0,,https://helpix.ru/isensor/sony_imx766/,Helpix sensor-phone mapping,,High,PHONE:13LITE,Not yet matched,,,,,,,,,,,,,,,,
Sony,IMX766,SONY:IMX766,IMX766,,,Canonical product name,50.3,,1/1.56,1.0,4-in-1,,All-pixel PDAF (2x2 OCL),DOL-HDR,RGGB,,,OPPO Find X5 Pro; OnePlus 10T; Nothing Phone (1),https://spinformation.info/all/smartphone-image-sensor/,Existing catalog / official + SP information,,,High,,58,Rear Main; Rear Ultra-wide; Rear Main + Rear Ultra-wide,2022.0,2026.0,0,Xiaomi Civi 2 Hello Kitty,Xiaomi,Rear Main,2023.0,,https://helpix.ru/isensor/sony_imx766/,Helpix sensor-phone mapping,,High,PHONE:CIVI2HELLOKITTY,Not yet matched,,,,,,,,,,,,,,,,
Sony,IMX766,SONY:IMX766,IMX766,,,Canonical product name,50.3,,1/1.56,1.0,4-in-1,,All-pixel PDAF (2x2 OCL),DOL-HDR,RGGB,,,OPPO Find X5 Pro; OnePlus 10T; Nothing Phone (1),https://spinformation.info/all/smartphone-image-sensor/,Existing catalog / official + SP information,,,High,,58,Rear Main; Rear Ultra-wide; Rear Main + Rear Ultra-wide,2022.0,2026.0,0,Oukitel P1,Oukitel,Rear Main,2024.0,,https://helpix.ru/isensor/sony_imx766/,Helpix sensor-phone mapping,,High,PHONE:OUKITELP1,Not yet matched,,,,,,,,,,,,,,,,
Sony,IMX766,SONY:IMX766,IMX766,,,Canonical product name,50.3,,1/1.56,1.0,4-in-1,,All-pixel PDAF (2x2 OCL),DOL-HDR,RGGB,,,OPPO Find X5 Pro; OnePlus 10T; Nothing Phone (1),https://spinformation.info/all/smartphone-image-sensor/,Existing catalog / official + SP information,,,High,,58,Rear Main; Rear Ultra-wide; Rear Main + Rear Ultra-wide,2022.0,2026.0,0,Unihertz 8849 Shark 5G,Unihertz,Rear Main,2024.0,,https://helpix.ru/isensor/sony_imx766/,Helpix sensor-phone mapping,,High,PHONE:UNIHERTZ8849SHARK5G,Not yet matched,,,,,,,,,,,,,,,,
Sony,IMX766,SONY:IMX766,IMX766,,,Canonical product name,50.3,,1/1.56,1.0,4-in-1,,All-pixel PDAF (2x2 OCL),DOL-HDR,RGGB,,,OPPO Find X5 Pro; OnePlus 10T; Nothing Phone (1),https://spinformation.info/all/smartphone-image-sensor/,Existing catalog / official + SP information,,,High,,58,Rear Main; Rear Ultra-wide; Rear Main + Rear Ultra-wide,2022.0,2026.0,0,Unihertz 8849 Tank 3S,Unihertz,Rear Main,2024.0,,https://helpix.ru/isensor/sony_imx766/,Helpix sensor-phone mapping,,High,PHONE:UNIHERTZ8849TANK3S,Not yet matched,,,,,,,,,,,,,,,,
Sony,IMX766,SONY:IMX766,IMX766,,,Canonical product name,50.3,,1/1.56,1.0,4-in-1,,All-pixel PDAF (2x2 OCL),DOL-HDR,RGGB,,,OPPO Find X5 Pro; OnePlus 10T; Nothing Phone (1),https://spinformation.info/all/smartphone-image-sensor/,Existing catalog / official + SP information,,,High,,58,Rear Main; Rear Ultra-wide; Rear Main + Rear Ultra-wide,2022.0,2026.0,0,Crosscall Stellar-X5s,Crosscall,Rear Main,2025.0,,https://helpix.ru/isensor/sony_imx766/,Helpix sensor-phone mapping,,High,PHONE:CROSSCALLSTELLARX5S,Not yet matched,,,,,,,,,,,,,,,,
Sony,IMX766,SONY:IMX766,IMX766,,,Canonical product name,50.3,,1/1.56,1.0,4-in-1,,All-pixel PDAF (2x2 OCL),DOL-HDR,RGGB,,,OPPO Find X5 Pro; OnePlus 10T; Nothing Phone (1),https://spinformation.info/all/smartphone-image-sensor/,Existing catalog / official + SP information,,,High,,58,Rear Main; Rear Ultra-wide; Rear Main + Rear Ultra-wide,2022.0,2026.0,0,Crosscall Stellar-X5s Chamonix,Crosscall,Rear Main,2025.0,,https://helpix.ru/isensor/sony_imx766/,Helpix sensor-phone mapping,,High,PHONE:CROSSCALLSTELLARX5SCHAMONIX,Not yet matched,,,,,,,,,,,,,,,,
Sony,IMX766,SONY:IMX766,IMX766,,,Canonical product name,50.3,,1/1.56,1.0,4-in-1,,All-pixel PDAF (2x2 OCL),DOL-HDR,RGGB,,,OPPO Find X5 Pro; OnePlus 10T; Nothing Phone (1),https://spinformation.info/all/smartphone-image-sensor/,Existing catalog / official + SP information,,,High,,58,Rear Main; Rear Ultra-wide; Rear Main + Rear Ultra-wide,2022.0,2026.0,0,FOSSiBOT F107 Pro,FOSSiBOT,Rear Ultra-wide,2025.0,,https://helpix.ru/isensor/sony_imx766/,Helpix sensor-phone mapping,,High,PHONE:FOSSIBOTF107PRO,Not yet matched,,,,,,,,,,,,,,,,
Sony,IMX766,SONY:IMX766,IMX766,,,Canonical product name,50.3,,1/1.56,1.0,4-in-1,,All-pixel PDAF (2x2 OCL),DOL-HDR,RGGB,,,OPPO Find X5 Pro; OnePlus 10T; Nothing Phone (1),https://spinformation.info/all/smartphone-image-sensor/,Existing catalog / official + SP information,,,High,,58,Rear Main; Rear Ultra-wide; Rear Main + Rear Ultra-wide,2022.0,2026.0,0,FOSSiBOT F113,FOSSiBOT,Rear Main,2025.0,,https://helpix.ru/isensor/sony_imx766/,Helpix sensor-phone mapping,,High,PHONE:FOSSIBOTF113,Not yet matched,,,,,,,,,,,,,,,,
Sony,IMX766,SONY:IMX766,IMX766,,,Canonical product name,50.3,,1/1.56,1.0,4-in-1,,All-pixel PDAF (2x2 OCL),DOL-HDR,RGGB,,,OPPO Find X5 Pro; OnePlus 10T; Nothing Phone (1),https://spinformation.info/all/smartphone-image-sensor/,Existing catalog / official + SP information,,,High,,58,Rear Main; Rear Ultra-wide; Rear Main + Rear Ultra-wide,2022.0,2026.0,0,IIIF150 Action 15 Pro,IIIF150,Rear Main,2025.0,,https://helpix.ru/isensor/sony_imx766/,Helpix sensor-phone mapping,,High,PHONE:IIIF150ACTION15PRO,Not yet matched,,,,,,,,,,,,,,,,
Sony,IMX766,SONY:IMX766,IMX766,,,Canonical product name,50.3,,1/1.56,1.0,4-in-1,,All-pixel PDAF (2x2 OCL),DOL-HDR,RGGB,,,OPPO Find X5 Pro; OnePlus 10T; Nothing Phone (1),https://spinformation.info/all/smartphone-image-sensor/,Existing catalog / official + SP information,,,High,,58,Rear Main; Rear Ultra-wide; Rear Main + Rear Ultra-wide,2022.0,2026.0,0,IIIF150 Raptor 5G,IIIF150,Rear Main,2025.0,,https://helpix.ru/isensor/sony_imx766/,Helpix sensor-phone mapping,,High,PHONE:IIIF150RAPTOR5G,Not yet matched,,,,,,,,,,,,,,,,
Sony,IMX766,SONY:IMX766,IMX766,,,Canonical product name,50.3,,1/1.56,1.0,4-in-1,,All-pixel PDAF (2x2 OCL),DOL-HDR,RGGB,,,OPPO Find X5 Pro; OnePlus 10T; Nothing Phone (1),https://spinformation.info/all/smartphone-image-sensor/,Existing catalog / official + SP information,,,High,,58,Rear Main; Rear Ultra-wide; Rear Main + Rear Ultra-wide,2022.0,2026.0,0,Kenshi Armor P1 Pro,Kenshi,Rear Main,2025.0,,https://helpix.ru/isensor/sony_imx766/,Helpix sensor-phone mapping,,High,PHONE:KENSHIARMORP1PRO,Not yet matched,,,,,,,,,,,,,,,,
Sony,IMX766,SONY:IMX766,IMX766,,,Canonical product name,50.3,,1/1.56,1.0,4-in-1,,All-pixel PDAF (2x2 OCL),DOL-HDR,RGGB,,,OPPO Find X5 Pro; OnePlus 10T; Nothing Phone (1),https://spinformation.info/all/smartphone-image-sensor/,Existing catalog / official + SP information,,,High,,58,Rear Main; Rear Ultra-wide; Rear Main + Rear Ultra-wide,2022.0,2026.0,0,Oukitel P1 Pro,Oukitel,Rear Main,2025.0,,https://helpix.ru/isensor/sony_imx766/,Helpix sensor-phone mapping,,High,PHONE:OUKITELP1PRO,Not yet matched,,,,,,,,,,,,,,,,
Sony,IMX766,SONY:IMX766,IMX766,,,Canonical product name,50.3,,1/1.56,1.0,4-in-1,,All-pixel PDAF (2x2 OCL),DOL-HDR,RGGB,,,OPPO Find X5 Pro; OnePlus 10T; Nothing Phone (1),https://spinformation.info/all/smartphone-image-sensor/,Existing catalog / official + SP information,,,High,,58,Rear Main; Rear Ultra-wide; Rear Main + Rear Ultra-wide,2022.0,2026.0,0,Sony Xperia 10 VII,Sony,Rear Main,2025.0,,https://helpix.ru/isensor/sony_imx766/,Helpix sensor-phone mapping,,High,PHONE:SONYXPERIA10VII,Not yet matched,,,,,,,,,,,,,,,,
Sony,IMX766,SONY:IMX766,IMX766,,,Canonical product name,50.3,,1/1.56,1.0,4-in-1,,All-pixel PDAF (2x2 OCL),DOL-HDR,RGGB,,,OPPO Find X5 Pro; OnePlus 10T; Nothing Phone (1),https://spinformation.info/all/smartphone-image-sensor/,Existing catalog / official + SP information,,,High,,58,Rear Main; Rear Ultra-wide; Rear Main + Rear Ultra-wide,2022.0,2026.0,0,Unihertz 8849 Hike,Unihertz,Rear Main,2025.0,,https://helpix.ru/isensor/sony_imx766/,Helpix sensor-phone mapping,,High,PHONE:UNIHERTZ8849HIKE,Not yet matched,,,,,,,,,,,,,,,,
Sony,IMX766,SONY:IMX766,IMX766,,,Canonical product name,50.3,,1/1.56,1.0,4-in-1,,All-pixel PDAF (2x2 OCL),DOL-HDR,RGGB,,,OPPO Find X5 Pro; OnePlus 10T; Nothing Phone (1),https://spinformation.info/all/smartphone-image-sensor/,Existing catalog / official + SP information,,,High,,58,Rear Main; Rear Ultra-wide; Rear Main + Rear Ultra-wide,2022.0,2026.0,0,Unihertz 8849 Tank 4,Unihertz,Rear Main,2025.0,,https://helpix.ru/isensor/sony_imx766/,Helpix sensor-phone mapping,,High,PHONE:UNIHERTZ8849TANK4,Not yet matched,,,,,,,,,,,,,,,,
Sony,IMX766,SONY:IMX766,IMX766,,,Canonical product name,50.3,,1/1.56,1.0,4-in-1,,All-pixel PDAF (2x2 OCL),DOL-HDR,RGGB,,,OPPO Find X5 Pro; OnePlus 10T; Nothing Phone (1),https://spinformation.info/all/smartphone-image-sensor/,Existing catalog / official + SP information,,,High,,58,Rear Main; Rear Ultra-wide; Rear Main + Rear Ultra-wide,2022.0,2026.0,0,Vivo V60,vivo,Rear Main,2025.0,,https://helpix.ru/isensor/sony_imx766/,Helpix sensor-phone mapping,,High,PHONE:V60,Not yet matched,,,,,,,,,,,,,,,,
Sony,IMX766,SONY:IMX766,IMX766,,,Canonical product name,50.3,,1/1.56,1.0,4-in-1,,All-pixel PDAF (2x2 OCL),DOL-HDR,RGGB,,,OPPO Find X5 Pro; OnePlus 10T; Nothing Phone (1),https://spinformation.info/all/smartphone-image-sensor/,Existing catalog / official + SP information,,,High,,58,Rear Main; Rear Ultra-wide; Rear Main + Rear Ultra-wide,2022.0,2026.0,0,FOSSiBOT F115 Ultra,FOSSiBOT,Rear Main,2026.0,,https://helpix.ru/isensor/sony_imx766/,Helpix sensor-phone mapping,,High,PHONE:FOSSIBOTF115ULTRA,Not yet matched,,,,,,,,,,,,,,,,
Sony,IMX766,SONY:IMX766,IMX766,,,Canonical product name,50.3,,1/1.56,1.0,4-in-1,,All-pixel PDAF (2x2 OCL),DOL-HDR,RGGB,,,OPPO Find X5 Pro; OnePlus 10T; Nothing Phone (1),https://spinformation.info/all/smartphone-image-sensor/,Existing catalog / official + SP information,,,High,,58,Rear Main; Rear Ultra-wide; Rear Main + Rear Ultra-wide,2022.0,2026.0,0,Honor Turbo,HONOR,Rear Main,2026.0,,https://helpix.ru/isensor/sony_imx766/,Helpix sensor-phone mapping,,High,PHONE:TURBO,Not yet matched,,,,,,,,,,,,,,,,
Sony,IMX766,SONY:IMX766,IMX766,,,Canonical product name,50.3,,1/1.56,1.0,4-in-1,,All-pixel PDAF (2x2 OCL),DOL-HDR,RGGB,,,OPPO Find X5 Pro; OnePlus 10T; Nothing Phone (1),https://spinformation.info/all/smartphone-image-sensor/,Existing catalog / official + SP information,,,High,,58,Rear Main; Rear Ultra-wide; Rear Main + Rear Ultra-wide,2022.0,2026.0,0,Oukitel P2 Plus,Oukitel,Rear Main,2026.0,,https://helpix.ru/isensor/sony_imx766/,Helpix sensor-phone mapping,,High,PHONE:OUKITELP2PLUS,Not yet matched,,,,,,,,,,,,,,,,
Sony,IMX766,SONY:IMX766,IMX766,,,Canonical product name,50.3,,1/1.56,1.0,4-in-1,,All-pixel PDAF (2x2 OCL),DOL-HDR,RGGB,,,OPPO Find X5 Pro; OnePlus 10T; Nothing Phone (1),https://spinformation.info/all/smartphone-image-sensor/,Existing catalog / official + SP information,,,High,,58,Rear Main; Rear Ultra-wide; Rear Main + Rear Ultra-wide,2022.0,2026.0,0,Sony Xperia 10 VIII,Sony,Rear Main,2026.0,,https://helpix.ru/isensor/sony_imx766/,Helpix sensor-phone mapping,,High,PHONE:SONYXPERIA10VIII,Not yet matched,,,,,,,,,,,,,,,,
Sony,IMX766,SONY:IMX766,IMX766,,,Canonical product name,50.3,,1/1.56,1.0,4-in-1,,All-pixel PDAF (2x2 OCL),DOL-HDR,RGGB,,,OPPO Find X5 Pro; OnePlus 10T; Nothing Phone (1),https://spinformation.info/all/smartphone-image-sensor/,Existing catalog / official + SP information,,,High,,58,Rear Main; Rear Ultra-wide; Rear Main + Rear Ultra-wide,2022.0,2026.0,0,Unihertz 8849 Tank X,Unihertz,Rear Main,2026.0,,https://helpix.ru/isensor/sony_imx766/,Helpix sensor-phone mapping,,High,PHONE:UNIHERTZ8849TANKX,Not yet matched,,,,,,,,,,,,,,,,
Sony,IMX766V,SONY:IMX766V,IMX766V,,,Canonical product name,50.3,,1/1.56,1.0,4-in-1,,All-pixel PDAF (2x2 OCL),DOL-HDR,RGGB,,,vivo X70 Pro; vivo V27 Pro,https://spinformation.info/all/smartphone-image-sensor/,Existing catalog / official + SP information,,,High,,2,,,,0,vivo V27 Pro,vivo,Unknown,,,https://spinformation.info/all/smartphone-image-sensor/,Existing master Example_Phones,,High,PHONE:V27PRO,Not yet matched,,,,,,,,,,,,,,,,
Sony,IMX766V,SONY:IMX766V,IMX766V,,,Canonical product name,50.3,,1/1.56,1.0,4-in-1,,All-pixel PDAF (2x2 OCL),DOL-HDR,RGGB,,,vivo X70 Pro; vivo V27 Pro,https://spinformation.info/all/smartphone-image-sensor/,Existing catalog / official + SP information,,,High,,2,,,,0,vivo X70 Pro,vivo,Unknown,,,https://spinformation.info/all/smartphone-image-sensor/,Existing master Example_Phones,,High,PHONE:X70PRO,Not yet matched,,,,,,,,,,,,,,,,
Sony,IMX766Y,SONY:IMX766Y,IMX766Y,,,Canonical product name,50.3,,1/1.56,1.0,4-in-1,,All-pixel PDAF (2x2 OCL),DOL-HDR,RYYB,,,HUAWEI Mate 50 Pro; HUAWEI Nova 11 Ultra,https://spinformation.info/all/smartphone-image-sensor/,Existing catalog / official + SP information,,,High,,2,,,,0,HUAWEI Mate 50 Pro,Huawei,Unknown,,,https://spinformation.info/all/smartphone-image-sensor/,Existing master Example_Phones,,High,PHONE:MATE50PRO,Exact normalized model match,Huawei Mate 50 Pro,149,152,141,,,,145,133,103,1299,2022-09-06,V5,https://www.dxomark.com/smartphones/Huawei/Mate-50-Pro,DXOMARK smartphone ranking,2026-09-27
Sony,IMX766Y,SONY:IMX766Y,IMX766Y,,,Canonical product name,50.3,,1/1.56,1.0,4-in-1,,All-pixel PDAF (2x2 OCL),DOL-HDR,RYYB,,,HUAWEI Mate 50 Pro; HUAWEI Nova 11 Ultra,https://spinformation.info/all/smartphone-image-sensor/,Existing catalog / official + SP information,,,High,,2,,,,0,HUAWEI Nova 11 Ultra,Huawei,Unknown,,,https://spinformation.info/all/smartphone-image-sensor/,Existing master Example_Phones,,High,PHONE:NOVA11ULTRA,Not yet matched,,,,,,,,,,,,,,,,
Sony,IMX772,SONY:IMX772,IMX772,,,Canonical product name,12.2,,1/3.40,1.0,,,,,,,,,https://helpix.ru/isensor/,Helpix smartphone sensor index,Added in ultra expansion; mobile-camera sensor index listing.,2021.0,Medium,,0,,,,0,,,,,,,,,,,No phone mapping,,,,,,,,,,,,,,,,
Sony,IMX787,SONY:IMX787,IMX787,,,Canonical product name,64,,1/1.7,0.8,4-in-1,,All-pixel PDAF (2x2 OCL),,RGGB,,,Google Pixel 7a; Google Pixel 8a; Nubia Z50 Ultra,https://spinformation.info/all/smartphone-image-sensor/,Existing catalog / official + SP information,,2022.0,High,https://helpix.ru/isensor/,3,,,,0,Google Pixel 7a,Google,Unknown,,,https://spinformation.info/all/smartphone-image-sensor/,Existing master Example_Phones,,High,PHONE:PIXEL7A,Exact normalized model match,Google Pixel 7a,133,138,133,,,,140,135,96,499,2023-06-01,V5,https://www.dxomark.com/smartphones/Google/Pixel-7a,DXOMARK smartphone ranking,2026-09-27
Sony,IMX787,SONY:IMX787,IMX787,,,Canonical product name,64,,1/1.7,0.8,4-in-1,,All-pixel PDAF (2x2 OCL),,RGGB,,,Google Pixel 7a; Google Pixel 8a; Nubia Z50 Ultra,https://spinformation.info/all/smartphone-image-sensor/,Existing catalog / official + SP information,,2022.0,High,https://helpix.ru/isensor/,3,,,,0,Google Pixel 8a,Google,Unknown,,,https://spinformation.info/all/smartphone-image-sensor/,Existing master Example_Phones,,High,PHONE:PIXEL8A,Exact normalized model match,Google Pixel 8a,136,141,128,,,,,145,,499,2024-03-20,V5,https://www.dxomark.com/smartphones/Google/Pixel-8a,DXOMARK smartphone ranking,2026-09-27
Sony,IMX787,SONY:IMX787,IMX787,,,Canonical product name,64,,1/1.7,0.8,4-in-1,,All-pixel PDAF (2x2 OCL),,RGGB,,,Google Pixel 7a; Google Pixel 8a; Nubia Z50 Ultra,https://spinformation.info/all/smartphone-image-sensor/,Existing catalog / official + SP information,,2022.0,High,https://helpix.ru/isensor/,3,,,,0,Nubia Z50 Ultra,nubia,Unknown,,,https://spinformation.info/all/smartphone-image-sensor/,Existing master Example_Phones,,High,PHONE:NUBIAZ50ULTRA,Not yet matched,,,,,,,,,,,,,,,,
Sony,IMX789 RGGB,SONY:IMX789 RGGB,IMX789 RGGB,,,Canonical product name,52,,1/1.35,1.12,4-in-1,,All-pixel PDAF (2x2 OCL),DOL-HDR,RGGB,,,OnePlus 9 Pro; OnePlus 10 Pro,https://spinformation.info/all/smartphone-image-sensor/,Existing catalog / official + SP information,,,High,,2,,,,0,OnePlus 10 Pro,OnePlus,Unknown,,,https://spinformation.info/all/smartphone-image-sensor/,Existing master Example_Phones,,High,PHONE:ONEPLUS10PRO,Exact normalized model match,OnePlus 10 Pro,122,124,119,,,,,124,100,899,2022-01-11,V5,https://www.dxomark.com/smartphones/OnePlus/10-Pro,DXOMARK smartphone ranking,2026-09-27
Sony,IMX789 RGGB,SONY:IMX789 RGGB,IMX789 RGGB,,,Canonical product name,52,,1/1.35,1.12,4-in-1,,All-pixel PDAF (2x2 OCL),DOL-HDR,RGGB,,,OnePlus 9 Pro; OnePlus 10 Pro,https://spinformation.info/all/smartphone-image-sensor/,Existing catalog / official + SP information,,,High,,2,,,,0,OnePlus 9 Pro,OnePlus,Unknown,,,https://spinformation.info/all/smartphone-image-sensor/,Existing master Example_Phones,,High,PHONE:ONEPLUS9PRO,Exact normalized model match,OnePlus 9 Pro,122,124,118,,,,,124,104,969,2021-03-23,V5,https://www.dxomark.com/smartphones/OnePlus/9-Pro,DXOMARK smartphone ranking,2026-09-27
Sony,IMX789 RYYB,SONY:IMX789 RYYB,IMX789 RYYB,,,Canonical product name,52,,1/1.35,1.12,4-in-1,,All-pixel PDAF (2x2 OCL),DOL-HDR,RYYB,,,HUAWEI P60 Pro,https://spinformation.info/all/smartphone-image-sensor/,Existing catalog / official + SP information,,,High,,1,,,,0,HUAWEI P60 Pro,Huawei,Unknown,,,https://spinformation.info/all/smartphone-image-sensor/,Existing master Example_Phones,,High,PHONE:P60PRO,Exact normalized model match,Huawei P60 Pro,156,159,147,,,,,143,138,1058,2023-03-23,V5,https://www.dxomark.com/smartphones/Huawei/P60-Pro,DXOMARK smartphone ranking,2026-09-27
Sony,IMX800,SONY:IMX800,IMX800,,,Canonical product name,54,,1/1.49,1.0,4-in-1,,All-pixel PDAF (2x2 OCL),QDOL-HDR4,RGGB,,,Xiaomi 13; HONOR Magic 5; Nubia Z60 Ultra,https://spinformation.info/all/smartphone-image-sensor/,Existing catalog / official + SP information,,2022.0,High,https://helpix.ru/isensor/,3,,,,0,HONOR Magic 5,HONOR,Unknown,,,https://spinformation.info/all/smartphone-image-sensor/,Existing master Example_Phones,,High,PHONE:MAGIC5,Not yet matched,,,,,,,,,,,,,,,,
Sony,IMX800,SONY:IMX800,IMX800,,,Canonical product name,54,,1/1.49,1.0,4-in-1,,All-pixel PDAF (2x2 OCL),QDOL-HDR4,RGGB,,,Xiaomi 13; HONOR Magic 5; Nubia Z60 Ultra,https://spinformation.info/all/smartphone-image-sensor/,Existing catalog / official + SP information,,2022.0,High,https://helpix.ru/isensor/,3,,,,0,Nubia Z60 Ultra,nubia,Unknown,,,https://spinformation.info/all/smartphone-image-sensor/,Existing master Example_Phones,,High,PHONE:NUBIAZ60ULTRA,Not yet matched,,,,,,,,,,,,,,,,
Sony,IMX800,SONY:IMX800,IMX800,,,Canonical product name,54,,1/1.49,1.0,4-in-1,,All-pixel PDAF (2x2 OCL),QDOL-HDR4,RGGB,,,Xiaomi 13; HONOR Magic 5; Nubia Z60 Ultra,https://spinformation.info/all/smartphone-image-sensor/,Existing catalog / official + SP information,,2022.0,High,https://helpix.ru/isensor/,3,,,,0,Xiaomi 13,Xiaomi,Unknown,,,https://spinformation.info/all/smartphone-image-sensor/,Existing master Example_Phones,,High,PHONE:13,Exact normalized model match,Xiaomi 13,130,131,121,,,,,132,128,999,2022-12-11,V5,https://www.dxomark.com/smartphones/Xiaomi/13,DXOMARK smartphone ranking,2026-09-27
Sony,IMX803,SONY:IMX803,IMX803,,,Canonical product name,48,,1/1.3,1.22,4-in-1,,All-pixel PDAF (DualPD),,RGGB,,,iPhone 14 Pro; iPhone 15 Pro,https://spinformation.info/all/smartphone-image-sensor/,Existing catalog / official + SP information,,2022.0,High,https://helpix.ru/isensor/,2,,,,1,iPhone 14 Pro,Apple,Unknown,,,https://spinformation.info/all/smartphone-image-sensor/,Existing master Example_Phones,,High,PHONE:IPHONE14PRO,Exact normalized model match,Apple iPhone 14 Pro,146,143,149,,,,145,146,119,999,2022-09-06,V5,https://www.dxomark.com/smartphones/Apple/iPhone-14-Pro,DXOMARK smartphone ranking,2026-09-27
Sony,IMX803,SONY:IMX803,IMX803,,,Canonical product name,48,,1/1.3,1.22,4-in-1,,All-pixel PDAF (DualPD),,RGGB,,,iPhone 14 Pro; iPhone 15 Pro,https://spinformation.info/all/smartphone-image-sensor/,Existing catalog / official + SP information,,2022.0,High,https://helpix.ru/isensor/,2,,,,1,iPhone 15 Pro,Apple,Unknown,,A17 Pro,https://spinformation.info/all/smartphone-image-sensor/,Existing master Example_Phones,https://support.apple.com/ko-kr/111829,High,PHONE:IPHONE15PRO,Exact normalized model match,Apple iPhone 15 Pro,154,153,158,,,,149,151,114,999,2023-09-22,V5,https://www.dxomark.com/smartphones/Apple/iPhone-15-Pro,DXOMARK smartphone ranking,2026-09-27
Sony,IMX816,SONY:IMX816,IMX816,,,Canonical product name,50,,1/2.51,0.7,4-in-1,,PDAF,,RGGB,,,Motorola Razr60 Ultra; iQOO 13; vivo X Fold3,https://spinformation.info/all/smartphone-image-sensor/,Existing catalog / official + SP information,,2023.0,High,https://helpix.ru/isensor/,3,,,,0,Motorola Razr60 Ultra,Motorola,Unknown,,,https://spinformation.info/all/smartphone-image-sensor/,Existing master Example_Phones,,High,PHONE:RAZR60ULTRA,Not yet matched,,,,,,,,,,,,,,,,
Sony,IMX816,SONY:IMX816,IMX816,,,Canonical product name,50,,1/2.51,0.7,4-in-1,,PDAF,,RGGB,,,Motorola Razr60 Ultra; iQOO 13; vivo X Fold3,https://spinformation.info/all/smartphone-image-sensor/,Existing catalog / official + SP information,,2023.0,High,https://helpix.ru/isensor/,3,,,,0,iQOO 13,iQOO,Unknown,,,https://spinformation.info/all/smartphone-image-sensor/,Existing master Example_Phones,,High,PHONE:IQOO13,Not yet matched,,,,,,,,,,,,,,,,
Sony,IMX816,SONY:IMX816,IMX816,,,Canonical product name,50,,1/2.51,0.7,4-in-1,,PDAF,,RGGB,,,Motorola Razr60 Ultra; iQOO 13; vivo X Fold3,https://spinformation.info/all/smartphone-image-sensor/,Existing catalog / official + SP information,,2023.0,High,https://helpix.ru/isensor/,3,,,,0,vivo X Fold3,vivo,Unknown,,,https://spinformation.info/all/smartphone-image-sensor/,Existing master Example_Phones,,High,PHONE:XFOLD3,Not yet matched,,,,,,,,,,,,,,,,
Sony,IMX852,SONY:IMX852,IMX852,,,Canonical product name,50,,1/2.96,0.6,,,,,,,,,https://helpix.ru/isensor/,Helpix smartphone sensor index,Added in ultra expansion; mobile-camera sensor index listing.,2024.0,Medium,,0,,,,0,,,,,,,,,,,No phone mapping,,,,,,,,,,,,,,,,
Sony,IMX854,SONY:IMX854,IMX854,,,Canonical product name,50,,1/2.51,0.7,4-in-1,,PDAF,,RGGB,,,Galaxy S24 Ultra; Galaxy S25 Ultra; Galaxy S26 Ultra,https://spinformation.info/all/smartphone-image-sensor/,Existing catalog / official + SP information,,2024.0,High,https://helpix.ru/isensor/,3,,,,0,Galaxy S24 Ultra,Samsung,Unknown,,,https://spinformation.info/all/smartphone-image-sensor/,Existing master Example_Phones,,High,PHONE:GALAXYS24ULTRA,Exact normalized model match,Samsung Galaxy S24 Ultra,144,144,137,,,,,155,130,1299,2024-01-31,V5,https://www.dxomark.com/smartphones/Samsung/Galaxy-S24-Ultra,DXOMARK smartphone ranking,2026-09-27
Sony,IMX854,SONY:IMX854,IMX854,,,Canonical product name,50,,1/2.51,0.7,4-in-1,,PDAF,,RGGB,,,Galaxy S24 Ultra; Galaxy S25 Ultra; Galaxy S26 Ultra,https://spinformation.info/all/smartphone-image-sensor/,Existing catalog / official + SP information,,2024.0,High,https://helpix.ru/isensor/,3,,,,0,Galaxy S25 Ultra,Samsung,Unknown,,,https://spinformation.info/all/smartphone-image-sensor/,Existing master Example_Phones,,High,PHONE:GALAXYS25ULTRA,Exact normalized model match,Samsung Galaxy S25 Ultra,151,152,150,,,,,160,,1299,2025-02-07,V6,https://www.dxomark.com/smartphones/Samsung/Galaxy-S25-Ultra,DXOMARK smartphone ranking,2026-09-27
Sony,IMX854,SONY:IMX854,IMX854,,,Canonical product name,50,,1/2.51,0.7,4-in-1,,PDAF,,RGGB,,,Galaxy S24 Ultra; Galaxy S25 Ultra; Galaxy S26 Ultra,https://spinformation.info/all/smartphone-image-sensor/,Existing catalog / official + SP information,,2024.0,High,https://helpix.ru/isensor/,3,,,,0,Galaxy S26 Ultra,Samsung,Unknown,,,https://spinformation.info/all/smartphone-image-sensor/,Existing master Example_Phones,,High,PHONE:GALAXYS26ULTRA,Exact normalized model match,Samsung Galaxy S26 Ultra,157,160,153,,,,142,,,1299,2026-03-11,V6,https://www.dxomark.com/smartphones/Samsung/Galaxy-S26-Ultra,DXOMARK smartphone ranking,2026-09-27
Sony,IMX856,SONY:IMX856,IMX856,,,Canonical product name,50,,1/2.51,0.7,4-in-1,,,,RGGB,,,HONOR 200; HONOR 200 Pro,https://spinformation.info/all/smartphone-image-sensor/,Existing catalog / official + SP information,,2024.0,High,https://helpix.ru/isensor/,2,,,,0,HONOR 200,HONOR,Unknown,,,https://spinformation.info/all/smartphone-image-sensor/,Existing master Example_Phones,,High,PHONE:200,Exact normalized model match,Honor 200,130,133,121,,,,,147,145,408,2024-06-12,V5,https://www.dxomark.com/smartphones/Honor/200,DXOMARK smartphone ranking,2026-09-27
Sony,IMX856,SONY:IMX856,IMX856,,,Canonical product name,50,,1/2.51,0.7,4-in-1,,,,RGGB,,,HONOR 200; HONOR 200 Pro,https://spinformation.info/all/smartphone-image-sensor/,Existing catalog / official + SP information,,2024.0,High,https://helpix.ru/isensor/,2,,,,0,HONOR 200 Pro,HONOR,Unknown,,,https://spinformation.info/all/smartphone-image-sensor/,Existing master Example_Phones,,High,PHONE:200PRO,Exact normalized model match,Honor 200 Pro,137,138,134,,,,,151,145,530,2024-05-27,V5,https://www.dxomark.com/smartphones/Honor/200-Pro,DXOMARK smartphone ranking,2026-09-27
Sony,IMX858,SONY:IMX858,IMX858,,,Canonical product name,50.3,,1/2.51,0.7,4-in-1,,All-pixel PDAF (2x2 OCL),,RGGB,,,Google Pixel 9 Pro; Xiaomi 14 Ultra; OPPO Find X7 Ultra,https://spinformation.info/all/smartphone-image-sensor/,Existing catalog / official + SP information,,,High,,3,,,,0,Google Pixel 9 Pro,Google,Unknown,,,https://spinformation.info/all/smartphone-image-sensor/,Existing master Example_Phones,,High,PHONE:PIXEL9PRO,Exact normalized model match,Google Pixel 9 Pro,,,,,,,,158,,999,2024-08-22,,https://www.dxomark.com/smartphones/Google/Pixel-9-Pro,DXOMARK smartphone ranking,2026-09-27
Sony,IMX858,SONY:IMX858,IMX858,,,Canonical product name,50.3,,1/2.51,0.7,4-in-1,,All-pixel PDAF (2x2 OCL),,RGGB,,,Google Pixel 9 Pro; Xiaomi 14 Ultra; OPPO Find X7 Ultra,https://spinformation.info/all/smartphone-image-sensor/,Existing catalog / official + SP information,,,High,,3,,,,0,Xiaomi 14 Ultra,Xiaomi,Unknown,,,https://spinformation.info/all/smartphone-image-sensor/,Existing master Example_Phones,,High,PHONE:14ULTRA,Exact normalized model match,Xiaomi 14 Ultra,149,144,150,,,,,140,123,1499,2024-02-26,V5,https://www.dxomark.com/smartphones/Xiaomi/14-Ultra,DXOMARK smartphone ranking,2026-09-27
Sony,IMX858,SONY:IMX858,IMX858,,,Canonical product name,50.3,,1/2.51,0.7,4-in-1,,All-pixel PDAF (2x2 OCL),,RGGB,,,Google Pixel 9 Pro; Xiaomi 14 Ultra; OPPO Find X7 Ultra,https://spinformation.info/all/smartphone-image-sensor/,Existing catalog / official + SP information,,,High,,3,,,,0,OPPO Find X7 Ultra,OPPO,Unknown,2024.0,,https://spinformation.info/all/smartphone-image-sensor/,Existing master Example_Phones,,High,PHONE:FINDX7ULTRA,Exact normalized model match,Oppo Find X7 Ultra,157,156,156,,,,,144,160,1060,2024-03-12,V5,https://www.dxomark.com/smartphones/Oppo/Find-X7-Ultra,DXOMARK smartphone ranking,2026-09-27
Sony,IMX866,SONY:IMX866,IMX866,,,Canonical product name,50.3,,1/1.49,1.0,4-in-1,,All-pixel PDAF (2x2 OCL),,RGBW / RGGB,,,vivo X90; vivo X80; iQOO 11 Pro,https://spinformation.info/all/smartphone-image-sensor/,Existing catalog / official + SP information,,,High,,3,,,,0,iQOO 11 Pro,iQOO,Unknown,,,https://spinformation.info/all/smartphone-image-sensor/,Existing master Example_Phones,,High,PHONE:IQOO11PRO,Not yet matched,,,,,,,,,,,,,,,,
Sony,IMX866,SONY:IMX866,IMX866,,,Canonical product name,50.3,,1/1.49,1.0,4-in-1,,All-pixel PDAF (2x2 OCL),,RGBW / RGGB,,,vivo X90; vivo X80; iQOO 11 Pro,https://spinformation.info/all/smartphone-image-sensor/,Existing catalog / official + SP information,,,High,,3,,,,0,vivo X80,vivo,Unknown,,,https://spinformation.info/all/smartphone-image-sensor/,Existing master Example_Phones,,High,PHONE:X80,Not yet matched,,,,,,,,,,,,,,,,
Sony,IMX866,SONY:IMX866,IMX866,,,Canonical product name,50.3,,1/1.49,1.0,4-in-1,,All-pixel PDAF (2x2 OCL),,RGBW / RGGB,,,vivo X90; vivo X80; iQOO 11 Pro,https://spinformation.info/all/smartphone-image-sensor/,Existing catalog / official + SP information,,,High,,3,,,,0,vivo X90,vivo,Unknown,,,https://spinformation.info/all/smartphone-image-sensor/,Existing master Example_Phones,,High,PHONE:X90,Not yet matched,,,,,,,,,,,,,,,,
Sony,IMX882,SONY:IMX882,IMX882,,,Canonical product name,50,,1/1.95,0.7,4-in-1,,PDAF,,RGGB,,,POCO F6; Nothing CMF Phone 1; Realme GT7 Pro,https://spinformation.info/all/smartphone-image-sensor/,Existing catalog / official + SP information,,,High,,61,Rear Main; Rear Telephoto; Rear Main + Rear Unknown,2025.0,2026.0,0,Nothing CMF Phone 1,Nothing,Unknown,,,https://spinformation.info/all/smartphone-image-sensor/,Existing master Example_Phones,,High,PHONE:NOTHINGCMFPHONE1,Not yet matched,,,,,,,,,,,,,,,,
Sony,IMX882,SONY:IMX882,IMX882,,,Canonical product name,50,,1/1.95,0.7,4-in-1,,PDAF,,RGGB,,,POCO F6; Nothing CMF Phone 1; Realme GT7 Pro,https://spinformation.info/all/smartphone-image-sensor/,Existing catalog / official + SP information,,,High,,61,Rear Main; Rear Telephoto; Rear Main + Rear Unknown,2025.0,2026.0,0,POCO F6,Xiaomi,Unknown,,,https://spinformation.info/all/smartphone-image-sensor/,Existing master Example_Phones,,High,PHONE:POCOF6,Not yet matched,,,,,,,,,,,,,,,,
Sony,IMX882,SONY:IMX882,IMX882,,,Canonical product name,50,,1/1.95,0.7,4-in-1,,PDAF,,RGGB,,,POCO F6; Nothing CMF Phone 1; Realme GT7 Pro,https://spinformation.info/all/smartphone-image-sensor/,Existing catalog / official + SP information,,,High,,61,Rear Main; Rear Telephoto; Rear Main + Rear Unknown,2025.0,2026.0,0,Realme GT7 Pro,Realme,Unknown,,,https://spinformation.info/all/smartphone-image-sensor/,Existing master Example_Phones,,High,PHONE:REALMEGT7PRO,Not yet matched,,,,,,,,,,,,,,,,
Sony,IMX882,SONY:IMX882,IMX882,,,Canonical product name,50,,1/1.95,0.7,4-in-1,,PDAF,,RGGB,,,POCO F6; Nothing CMF Phone 1; Realme GT7 Pro,https://spinformation.info/all/smartphone-image-sensor/,Existing catalog / official + SP information,,,High,,61,Rear Main; Rear Telephoto; Rear Main + Rear Unknown,2025.0,2026.0,0,Infinix Hot 60 Pro+,Infinix,Rear Main,2025.0,,https://helpix.ru/isensor/sony_imx882/,Helpix sensor-phone mapping,,High,PHONE:INFINIXHOT60PRO,Not yet matched,,,,,,,,,,,,,,,,
Sony,IMX882,SONY:IMX882,IMX882,,,Canonical product name,50,,1/1.95,0.7,4-in-1,,PDAF,,RGGB,,,POCO F6; Nothing CMF Phone 1; Realme GT7 Pro,https://spinformation.info/all/smartphone-image-sensor/,Existing catalog / official + SP information,,,High,,61,Rear Main; Rear Telephoto; Rear Main + Rear Unknown,2025.0,2026.0,0,Meizu 22,Meizu,Rear Telephoto,2025.0,,https://helpix.ru/isensor/sony_imx882/,Helpix sensor-phone mapping,,High,PHONE:MEIZU22,Not yet matched,,,,,,,,,,,,,,,,
Sony,IMX882,SONY:IMX882,IMX882,,,Canonical product name,50,,1/1.95,0.7,4-in-1,,PDAF,,RGGB,,,POCO F6; Nothing CMF Phone 1; Realme GT7 Pro,https://spinformation.info/all/smartphone-image-sensor/,Existing catalog / official + SP information,,,High,,61,Rear Main; Rear Telephoto; Rear Main + Rear Unknown,2025.0,2026.0,0,Meizu 22 China Flagship,Meizu,Rear Telephoto,2025.0,,https://helpix.ru/isensor/sony_imx882/,Helpix sensor-phone mapping,,High,PHONE:MEIZU22CHINAFLAGSHIP,Not yet matched,,,,,,,,,,,,,,,,
Sony,IMX882,SONY:IMX882,IMX882,,,Canonical product name,50,,1/1.95,0.7,4-in-1,,PDAF,,RGGB,,,POCO F6; Nothing CMF Phone 1; Realme GT7 Pro,https://spinformation.info/all/smartphone-image-sensor/,Existing catalog / official + SP information,,,High,,61,Rear Main; Rear Telephoto; Rear Main + Rear Unknown,2025.0,2026.0,0,OPPO Reno14 F 5G,OPPO,Rear Main,2025.0,,https://helpix.ru/isensor/sony_imx882/,Helpix sensor-phone mapping,,High,PHONE:RENO14F5G,Not yet matched,,,,,,,,,,,,,,,,
Sony,IMX882,SONY:IMX882,IMX882,,,Canonical product name,50,,1/1.95,0.7,4-in-1,,PDAF,,RGGB,,,POCO F6; Nothing CMF Phone 1; Realme GT7 Pro,https://spinformation.info/all/smartphone-image-sensor/,Existing catalog / official + SP information,,,High,,61,Rear Main; Rear Telephoto; Rear Main + Rear Unknown,2025.0,2026.0,0,OPPO Reno14 F 5G Dark Side Edition,OPPO,Rear Main,2025.0,,https://helpix.ru/isensor/sony_imx882/,Helpix sensor-phone mapping,,High,PHONE:RENO14F5GDARKSIDEEDITION,Not yet matched,,,,,,,,,,,,,,,,
Sony,IMX882,SONY:IMX882,IMX882,,,Canonical product name,50,,1/1.95,0.7,4-in-1,,PDAF,,RGGB,,,POCO F6; Nothing CMF Phone 1; Realme GT7 Pro,https://spinformation.info/all/smartphone-image-sensor/,Existing catalog / official + SP information,,,High,,61,Rear Main; Rear Telephoto; Rear Main + Rear Unknown,2025.0,2026.0,0,OPPO Reno14 FS 5G,OPPO,Rear Main,2025.0,,https://helpix.ru/isensor/sony_imx882/,Helpix sensor-phone mapping,,High,PHONE:RENO14FS5G,Not yet matched,,,,,,,,,,,,,,,,
Sony,IMX882,SONY:IMX882,IMX882,,,Canonical product name,50,,1/1.95,0.7,4-in-1,,PDAF,,RGGB,,,POCO F6; Nothing CMF Phone 1; Realme GT7 Pro,https://spinformation.info/all/smartphone-image-sensor/,Existing catalog / official + SP information,,,High,,61,Rear Main; Rear Telephoto; Rear Main + Rear Unknown,2025.0,2026.0,0,OnePlus Ace 5 Racing Edition,OnePlus,Rear Main,2025.0,,https://helpix.ru/isensor/sony_imx882/,Helpix sensor-phone mapping,,High,PHONE:ONEPLUSACE5RACINGEDITION,Not yet matched,,,,,,,,,,,,,,,,
Sony,IMX882,SONY:IMX882,IMX882,,,Canonical product name,50,,1/1.95,0.7,4-in-1,,PDAF,,RGGB,,,POCO F6; Nothing CMF Phone 1; Realme GT7 Pro,https://spinformation.info/all/smartphone-image-sensor/,Existing catalog / official + SP information,,,High,,61,Rear Main; Rear Telephoto; Rear Main + Rear Unknown,2025.0,2026.0,0,Realme 14 Pro,Realme,Rear Main,2025.0,,https://helpix.ru/isensor/sony_imx882/,Helpix sensor-phone mapping,,High,PHONE:REALME14PRO,Not yet matched,,,,,,,,,,,,,,,,
Sony,IMX882,SONY:IMX882,IMX882,,,Canonical product name,50,,1/1.95,0.7,4-in-1,,PDAF,,RGGB,,,POCO F6; Nothing CMF Phone 1; Realme GT7 Pro,https://spinformation.info/all/smartphone-image-sensor/,Existing catalog / official + SP information,,,High,,61,Rear Main; Rear Telephoto; Rear Main + Rear Unknown,2025.0,2026.0,0,Realme 14 Pro+,Realme,Rear Telephoto,2025.0,,https://helpix.ru/isensor/sony_imx882/,Helpix sensor-phone mapping,,High,PHONE:REALME14PRO,Not yet matched,,,,,,,,,,,,,,,,
Sony,IMX882,SONY:IMX882,IMX882,,,Canonical product name,50,,1/1.95,0.7,4-in-1,,PDAF,,RGGB,,,POCO F6; Nothing CMF Phone 1; Realme GT7 Pro,https://spinformation.info/all/smartphone-image-sensor/,Existing catalog / official + SP information,,,High,,61,Rear Main; Rear Telephoto; Rear Main + Rear Unknown,2025.0,2026.0,0,Realme 15 5G 6500mAh,Realme,Rear Main,2025.0,,https://helpix.ru/isensor/sony_imx882/,Helpix sensor-phone mapping,,High,PHONE:REALME155G6500MAH,Not yet matched,,,,,,,,,,,,,,,,
Sony,IMX882,SONY:IMX882,IMX882,,,Canonical product name,50,,1/1.95,0.7,4-in-1,,PDAF,,RGGB,,,POCO F6; Nothing CMF Phone 1; Realme GT7 Pro,https://spinformation.info/all/smartphone-image-sensor/,Existing catalog / official + SP information,,,High,,61,Rear Main; Rear Telephoto; Rear Main + Rear Unknown,2025.0,2026.0,0,Realme 15 5G Global China,Realme,Rear Main,2025.0,,https://helpix.ru/isensor/sony_imx882/,Helpix sensor-phone mapping,,High,PHONE:REALME155GGLOBALCHINA,Not yet matched,,,,,,,,,,,,,,,,
Sony,IMX882,SONY:IMX882,IMX882,,,Canonical product name,50,,1/1.95,0.7,4-in-1,,PDAF,,RGGB,,,POCO F6; Nothing CMF Phone 1; Realme GT7 Pro,https://spinformation.info/all/smartphone-image-sensor/,Existing catalog / official + SP information,,,High,,61,Rear Main; Rear Telephoto; Rear Main + Rear Unknown,2025.0,2026.0,0,Realme 15 5G India,Realme,Rear Main,2025.0,,https://helpix.ru/isensor/sony_imx882/,Helpix sensor-phone mapping,,High,PHONE:REALME155GINDIA,Not yet matched,,,,,,,,,,,,,,,,
Sony,IMX882,SONY:IMX882,IMX882,,,Canonical product name,50,,1/1.95,0.7,4-in-1,,PDAF,,RGGB,,,POCO F6; Nothing CMF Phone 1; Realme GT7 Pro,https://spinformation.info/all/smartphone-image-sensor/,Existing catalog / official + SP information,,,High,,61,Rear Main; Rear Telephoto; Rear Main + Rear Unknown,2025.0,2026.0,0,Realme Narzo 80 Pro 5G,Realme,Rear Main,2025.0,,https://helpix.ru/isensor/sony_imx882/,Helpix sensor-phone mapping,,High,PHONE:REALMENARZO80PRO5G,Not yet matched,,,,,,,,,,,,,,,,
Sony,IMX882,SONY:IMX882,IMX882,,,Canonical product name,50,,1/1.95,0.7,4-in-1,,PDAF,,RGGB,,,POCO F6; Nothing CMF Phone 1; Realme GT7 Pro,https://spinformation.info/all/smartphone-image-sensor/,Existing catalog / official + SP information,,,High,,61,Rear Main; Rear Telephoto; Rear Main + Rear Unknown,2025.0,2026.0,0,Realme Neo7 SE,Realme,Rear Main,2025.0,,https://helpix.ru/isensor/sony_imx882/,Helpix sensor-phone mapping,,High,PHONE:REALMENEO7SE,Not yet matched,,,,,,,,,,,,,,,,
Sony,IMX882,SONY:IMX882,IMX882,,,Canonical product name,50,,1/1.95,0.7,4-in-1,,PDAF,,RGGB,,,POCO F6; Nothing CMF Phone 1; Realme GT7 Pro,https://spinformation.info/all/smartphone-image-sensor/,Existing catalog / official + SP information,,,High,,61,Rear Main; Rear Telephoto; Rear Main + Rear Unknown,2025.0,2026.0,0,Realme Neo7 Turbo,Realme,Rear Main,2025.0,,https://helpix.ru/isensor/sony_imx882/,Helpix sensor-phone mapping,,High,PHONE:REALMENEO7TURBO,Not yet matched,,,,,,,,,,,,,,,,
Sony,IMX882,SONY:IMX882,IMX882,,,Canonical product name,50,,1/1.95,0.7,4-in-1,,PDAF,,RGGB,,,POCO F6; Nothing CMF Phone 1; Realme GT7 Pro,https://spinformation.info/all/smartphone-image-sensor/,Existing catalog / official + SP information,,,High,,61,Rear Main; Rear Telephoto; Rear Main + Rear Unknown,2025.0,2026.0,0,Samsung Galaxy A36 5G,Samsung,Rear Main,2025.0,,https://helpix.ru/isensor/sony_imx882/,Helpix sensor-phone mapping,,High,PHONE:GALAXYA365G,Not yet matched,,,,,,,,,,,,,,,,
Sony,IMX882,SONY:IMX882,IMX882,,,Canonical product name,50,,1/1.95,0.7,4-in-1,,PDAF,,RGGB,,,POCO F6; Nothing CMF Phone 1; Realme GT7 Pro,https://spinformation.info/all/smartphone-image-sensor/,Existing catalog / official + SP information,,,High,,61,Rear Main; Rear Telephoto; Rear Main + Rear Unknown,2025.0,2026.0,0,Vivo S30,vivo,Rear Telephoto,2025.0,,https://helpix.ru/isensor/sony_imx882/,Helpix sensor-phone mapping,,High,PHONE:S30,Not yet matched,,,,,,,,,,,,,,,,
Sony,IMX882,SONY:IMX882,IMX882,,,Canonical product name,50,,1/1.95,0.7,4-in-1,,PDAF,,RGGB,,,POCO F6; Nothing CMF Phone 1; Realme GT7 Pro,https://spinformation.info/all/smartphone-image-sensor/,Existing catalog / official + SP information,,,High,,61,Rear Main; Rear Telephoto; Rear Main + Rear Unknown,2025.0,2026.0,0,Vivo S30 Pro mini,vivo,Rear Telephoto,2025.0,,https://helpix.ru/isensor/sony_imx882/,Helpix sensor-phone mapping,,High,PHONE:S30PROMINI,Not yet matched,,,,,,,,,,,,,,,,
Sony,IMX882,SONY:IMX882,IMX882,,,Canonical product name,50,,1/1.95,0.7,4-in-1,,PDAF,,RGGB,,,POCO F6; Nothing CMF Phone 1; Realme GT7 Pro,https://spinformation.info/all/smartphone-image-sensor/,Existing catalog / official + SP information,,,High,,61,Rear Main; Rear Telephoto; Rear Main + Rear Unknown,2025.0,2026.0,0,Vivo S50,vivo,Rear Telephoto,2025.0,,https://helpix.ru/isensor/sony_imx882/,Helpix sensor-phone mapping,,High,PHONE:S50,Not yet matched,,,,,,,,,,,,,,,,
Sony,IMX882,SONY:IMX882,IMX882,,,Canonical product name,50,,1/1.95,0.7,4-in-1,,PDAF,,RGGB,,,POCO F6; Nothing CMF Phone 1; Realme GT7 Pro,https://spinformation.info/all/smartphone-image-sensor/,Existing catalog / official + SP information,,,High,,61,Rear Main; Rear Telephoto; Rear Main + Rear Unknown,2025.0,2026.0,0,Vivo S50 Pro Mini,vivo,Rear Telephoto,2025.0,,https://helpix.ru/isensor/sony_imx882/,Helpix sensor-phone mapping,,High,PHONE:S50PROMINI,Not yet matched,,,,,,,,,,,,,,,,
Sony,IMX882,SONY:IMX882,IMX882,,,Canonical product name,50,,1/1.95,0.7,4-in-1,,PDAF,,RGGB,,,POCO F6; Nothing CMF Phone 1; Realme GT7 Pro,https://spinformation.info/all/smartphone-image-sensor/,Existing catalog / official + SP information,,,High,,61,Rear Main; Rear Telephoto; Rear Main + Rear Unknown,2025.0,2026.0,0,Vivo T4 5G,vivo,Rear Main,2025.0,,https://helpix.ru/isensor/sony_imx882/,Helpix sensor-phone mapping,,High,PHONE:T45G,Not yet matched,,,,,,,,,,,,,,,,
Sony,IMX882,SONY:IMX882,IMX882,,,Canonical product name,50,,1/1.95,0.7,4-in-1,,PDAF,,RGGB,,,POCO F6; Nothing CMF Phone 1; Realme GT7 Pro,https://spinformation.info/all/smartphone-image-sensor/,Existing catalog / official + SP information,,,High,,61,Rear Main; Rear Telephoto; Rear Main + Rear Unknown,2025.0,2026.0,0,Vivo T4 Pro,vivo,Rear Main + Rear Unknown,2025.0,,https://helpix.ru/isensor/sony_imx882/,Helpix sensor-phone mapping,,High,PHONE:T4PRO,Not yet matched,,,,,,,,,,,,,,,,
Sony,IMX882,SONY:IMX882,IMX882,,,Canonical product name,50,,1/1.95,0.7,4-in-1,,PDAF,,RGGB,,,POCO F6; Nothing CMF Phone 1; Realme GT7 Pro,https://spinformation.info/all/smartphone-image-sensor/,Existing catalog / official + SP information,,,High,,61,Rear Main; Rear Telephoto; Rear Main + Rear Unknown,2025.0,2026.0,0,Vivo T4 Ultra,vivo,Rear Telephoto,2025.0,,https://helpix.ru/isensor/sony_imx882/,Helpix sensor-phone mapping,,High,PHONE:T4ULTRA,Not yet matched,,,,,,,,,,,,,,,,
Sony,IMX882,SONY:IMX882,IMX882,,,Canonical product name,50,,1/1.95,0.7,4-in-1,,PDAF,,RGGB,,,POCO F6; Nothing CMF Phone 1; Realme GT7 Pro,https://spinformation.info/all/smartphone-image-sensor/,Existing catalog / official + SP information,,,High,,61,Rear Main; Rear Telephoto; Rear Main + Rear Unknown,2025.0,2026.0,0,Vivo T4R 5G,vivo,Rear Main,2025.0,,https://helpix.ru/isensor/sony_imx882/,Helpix sensor-phone mapping,,High,PHONE:T4R5G,Not yet matched,,,,,,,,,,,,,,,,
Sony,IMX882,SONY:IMX882,IMX882,,,Canonical product name,50,,1/1.95,0.7,4-in-1,,PDAF,,RGGB,,,POCO F6; Nothing CMF Phone 1; Realme GT7 Pro,https://spinformation.info/all/smartphone-image-sensor/,Existing catalog / official + SP information,,,High,,61,Rear Main; Rear Telephoto; Rear Main + Rear Unknown,2025.0,2026.0,0,Vivo V50 Lite 4G,vivo,Rear Main,2025.0,,https://helpix.ru/isensor/sony_imx882/,Helpix sensor-phone mapping,,High,PHONE:V50LITE4G,Not yet matched,,,,,,,,,,,,,,,,
Sony,IMX882,SONY:IMX882,IMX882,,,Canonical product name,50,,1/1.95,0.7,4-in-1,,PDAF,,RGGB,,,POCO F6; Nothing CMF Phone 1; Realme GT7 Pro,https://spinformation.info/all/smartphone-image-sensor/,Existing catalog / official + SP information,,,High,,61,Rear Main; Rear Telephoto; Rear Main + Rear Unknown,2025.0,2026.0,0,Vivo V50 Lite 5G,vivo,Rear Main,2025.0,,https://helpix.ru/isensor/sony_imx882/,Helpix sensor-phone mapping,,High,PHONE:V50LITE5G,Not yet matched,,,,,,,,,,,,,,,,
Sony,IMX882,SONY:IMX882,IMX882,,,Canonical product name,50,,1/1.95,0.7,4-in-1,,PDAF,,RGGB,,,POCO F6; Nothing CMF Phone 1; Realme GT7 Pro,https://spinformation.info/all/smartphone-image-sensor/,Existing catalog / official + SP information,,,High,,61,Rear Main; Rear Telephoto; Rear Main + Rear Unknown,2025.0,2026.0,0,Vivo V50e,vivo,Rear Main,2025.0,,https://helpix.ru/isensor/sony_imx882/,Helpix sensor-phone mapping,,High,PHONE:V50E,Not yet matched,,,,,,,,,,,,,,,,
Sony,IMX882,SONY:IMX882,IMX882,,,Canonical product name,50,,1/1.95,0.7,4-in-1,,PDAF,,RGGB,,,POCO F6; Nothing CMF Phone 1; Realme GT7 Pro,https://spinformation.info/all/smartphone-image-sensor/,Existing catalog / official + SP information,,,High,,61,Rear Main; Rear Telephoto; Rear Main + Rear Unknown,2025.0,2026.0,0,Vivo V60,vivo,Rear Telephoto,2025.0,,https://helpix.ru/isensor/sony_imx882/,Helpix sensor-phone mapping,,High,PHONE:V60,Not yet matched,,,,,,,,,,,,,,,,
Sony,IMX882,SONY:IMX882,IMX882,,,Canonical product name,50,,1/1.95,0.7,4-in-1,,PDAF,,RGGB,,,POCO F6; Nothing CMF Phone 1; Realme GT7 Pro,https://spinformation.info/all/smartphone-image-sensor/,Existing catalog / official + SP information,,,High,,61,Rear Main; Rear Telephoto; Rear Main + Rear Unknown,2025.0,2026.0,0,Vivo V60 Lite 4G,vivo,Rear Main,2025.0,,https://helpix.ru/isensor/sony_imx882/,Helpix sensor-phone mapping,,High,PHONE:V60LITE4G,Not yet matched,,,,,,,,,,,,,,,,
Sony,IMX882,SONY:IMX882,IMX882,,,Canonical product name,50,,1/1.95,0.7,4-in-1,,PDAF,,RGGB,,,POCO F6; Nothing CMF Phone 1; Realme GT7 Pro,https://spinformation.info/all/smartphone-image-sensor/,Existing catalog / official + SP information,,,High,,61,Rear Main; Rear Telephoto; Rear Main + Rear Unknown,2025.0,2026.0,0,Vivo V60 Lite 5G,vivo,Rear Main,2025.0,,https://helpix.ru/isensor/sony_imx882/,Helpix sensor-phone mapping,,High,PHONE:V60LITE5G,Not yet matched,,,,,,,,,,,,,,,,
Sony,IMX882,SONY:IMX882,IMX882,,,Canonical product name,50,,1/1.95,0.7,4-in-1,,PDAF,,RGGB,,,POCO F6; Nothing CMF Phone 1; Realme GT7 Pro,https://spinformation.info/all/smartphone-image-sensor/,Existing catalog / official + SP information,,,High,,61,Rear Main; Rear Telephoto; Rear Main + Rear Unknown,2025.0,2026.0,0,Vivo X Fold5,vivo,Rear Telephoto,2025.0,,https://helpix.ru/isensor/sony_imx882/,Helpix sensor-phone mapping,,High,PHONE:XFOLD5,Not yet matched,,,,,,,,,,,,,,,,
Sony,IMX882,SONY:IMX882,IMX882,,,Canonical product name,50,,1/1.95,0.7,4-in-1,,PDAF,,RGGB,,,POCO F6; Nothing CMF Phone 1; Realme GT7 Pro,https://spinformation.info/all/smartphone-image-sensor/,Existing catalog / official + SP information,,,High,,61,Rear Main; Rear Telephoto; Rear Main + Rear Unknown,2025.0,2026.0,0,Vivo X200 FE,vivo,Rear Telephoto,2025.0,,https://helpix.ru/isensor/sony_imx882/,Helpix sensor-phone mapping,,High,PHONE:X200FE,Not yet matched,,,,,,,,,,,,,,,,
Sony,IMX882,SONY:IMX882,IMX882,,,Canonical product name,50,,1/1.95,0.7,4-in-1,,PDAF,,RGGB,,,POCO F6; Nothing CMF Phone 1; Realme GT7 Pro,https://spinformation.info/all/smartphone-image-sensor/,Existing catalog / official + SP information,,,High,,61,Rear Main; Rear Telephoto; Rear Main + Rear Unknown,2025.0,2026.0,0,Vivo X200s,vivo,Rear Telephoto,2025.0,,https://helpix.ru/isensor/sony_imx882/,Helpix sensor-phone mapping,,High,PHONE:X200S,Not yet matched,,,,,,,,,,,,,,,,
Sony,IMX882,SONY:IMX882,IMX882,,,Canonical product name,50,,1/1.95,0.7,4-in-1,,PDAF,,RGGB,,,POCO F6; Nothing CMF Phone 1; Realme GT7 Pro,https://spinformation.info/all/smartphone-image-sensor/,Existing catalog / official + SP information,,,High,,61,Rear Main; Rear Telephoto; Rear Main + Rear Unknown,2025.0,2026.0,0,Vivo Y400 Pro 5G,vivo,Rear Main,2025.0,,https://helpix.ru/isensor/sony_imx882/,Helpix sensor-phone mapping,,High,PHONE:Y400PRO5G,Not yet matched,,,,,,,,,,,,,,,,
Sony,IMX882,SONY:IMX882,IMX882,,,Canonical product name,50,,1/1.95,0.7,4-in-1,,PDAF,,RGGB,,,POCO F6; Nothing CMF Phone 1; Realme GT7 Pro,https://spinformation.info/all/smartphone-image-sensor/,Existing catalog / official + SP information,,,High,,61,Rear Main; Rear Telephoto; Rear Main + Rear Unknown,2025.0,2026.0,0,Vivo iQOO 15,vivo,Rear Telephoto,2025.0,,https://helpix.ru/isensor/sony_imx882/,Helpix sensor-phone mapping,,High,PHONE:IQOO15,Not yet matched,,,,,,,,,,,,,,,,
Sony,IMX882,SONY:IMX882,IMX882,,,Canonical product name,50,,1/1.95,0.7,4-in-1,,PDAF,,RGGB,,,POCO F6; Nothing CMF Phone 1; Realme GT7 Pro,https://spinformation.info/all/smartphone-image-sensor/,Existing catalog / official + SP information,,,High,,61,Rear Main; Rear Telephoto; Rear Main + Rear Unknown,2025.0,2026.0,0,Infinix Hot 70 Pro 5G+,Infinix,Rear Main,2026.0,,https://helpix.ru/isensor/sony_imx882/,Helpix sensor-phone mapping,,High,PHONE:INFINIXHOT70PRO5G,Not yet matched,,,,,,,,,,,,,,,,
Sony,IMX882,SONY:IMX882,IMX882,,,Canonical product name,50,,1/1.95,0.7,4-in-1,,PDAF,,RGGB,,,POCO F6; Nothing CMF Phone 1; Realme GT7 Pro,https://spinformation.info/all/smartphone-image-sensor/,Existing catalog / official + SP information,,,High,,61,Rear Main; Rear Telephoto; Rear Main + Rear Unknown,2025.0,2026.0,0,Motorola razr Fold,Motorola,Rear Telephoto,2026.0,,https://helpix.ru/isensor/sony_imx882/,Helpix sensor-phone mapping,,High,PHONE:RAZRFOLD,Exact normalized model match,Motorola Razr Fold,164,169,154,,,,,,,1999,2026-03-02,V6,https://www.dxomark.com/smartphones/Motorola/Razr-Fold,DXOMARK smartphone ranking,2026-09-27
Sony,IMX882,SONY:IMX882,IMX882,,,Canonical product name,50,,1/1.95,0.7,4-in-1,,PDAF,,RGGB,,,POCO F6; Nothing CMF Phone 1; Realme GT7 Pro,https://spinformation.info/all/smartphone-image-sensor/,Existing catalog / official + SP information,,,High,,61,Rear Main; Rear Telephoto; Rear Main + Rear Unknown,2025.0,2026.0,0,Realme Narzo Power 5G,Realme,Rear Main,2026.0,,https://helpix.ru/isensor/sony_imx882/,Helpix sensor-phone mapping,,High,PHONE:REALMENARZOPOWER5G,Not yet matched,,,,,,,,,,,,,,,,
Sony,IMX882,SONY:IMX882,IMX882,,,Canonical product name,50,,1/1.95,0.7,4-in-1,,PDAF,,RGGB,,,POCO F6; Nothing CMF Phone 1; Realme GT7 Pro,https://spinformation.info/all/smartphone-image-sensor/,Existing catalog / official + SP information,,,High,,61,Rear Main; Rear Telephoto; Rear Main + Rear Unknown,2025.0,2026.0,0,Realme P4 Power,Realme,Rear Main,2026.0,,https://helpix.ru/isensor/sony_imx882/,Helpix sensor-phone mapping,,High,PHONE:REALMEP4POWER,Not yet matched,,,,,,,,,,,,,,,,
Sony,IMX882,SONY:IMX882,IMX882,,,Canonical product name,50,,1/1.95,0.7,4-in-1,,PDAF,,RGGB,,,POCO F6; Nothing CMF Phone 1; Realme GT7 Pro,https://spinformation.info/all/smartphone-image-sensor/,Existing catalog / official + SP information,,,High,,61,Rear Main; Rear Telephoto; Rear Main + Rear Unknown,2025.0,2026.0,0,Vivo S50t,vivo,Rear Telephoto,2026.0,,https://helpix.ru/isensor/sony_imx882/,Helpix sensor-phone mapping,,High,PHONE:S50T,Not yet matched,,,,,,,,,,,,,,,,
Sony,IMX882,SONY:IMX882,IMX882,,,Canonical product name,50,,1/1.95,0.7,4-in-1,,PDAF,,RGGB,,,POCO F6; Nothing CMF Phone 1; Realme GT7 Pro,https://spinformation.info/all/smartphone-image-sensor/,Existing catalog / official + SP information,,,High,,61,Rear Main; Rear Telephoto; Rear Main + Rear Unknown,2025.0,2026.0,0,Vivo S50t Vitality Edition,vivo,Rear Telephoto,2026.0,,https://helpix.ru/isensor/sony_imx882/,Helpix sensor-phone mapping,,High,PHONE:S50TVITALITYEDITION,Not yet matched,,,,,,,,,,,,,,,,
Sony,IMX882,SONY:IMX882,IMX882,,,Canonical product name,50,,1/1.95,0.7,4-in-1,,PDAF,,RGGB,,,POCO F6; Nothing CMF Phone 1; Realme GT7 Pro,https://spinformation.info/all/smartphone-image-sensor/,Existing catalog / official + SP information,,,High,,61,Rear Main; Rear Telephoto; Rear Main + Rear Unknown,2025.0,2026.0,0,Vivo S60,vivo,Rear Telephoto,2026.0,,https://helpix.ru/isensor/sony_imx882/,Helpix sensor-phone mapping,,High,PHONE:S60,Not yet matched,,,,,,,,,,,,,,,,
Sony,IMX882,SONY:IMX882,IMX882,,,Canonical product name,50,,1/1.95,0.7,4-in-1,,PDAF,,RGGB,,,POCO F6; Nothing CMF Phone 1; Realme GT7 Pro,https://spinformation.info/all/smartphone-image-sensor/,Existing catalog / official + SP information,,,High,,61,Rear Main; Rear Telephoto; Rear Main + Rear Unknown,2025.0,2026.0,0,Vivo T5 5G,vivo,Rear Main,2026.0,,https://helpix.ru/isensor/sony_imx882/,Helpix sensor-phone mapping,,High,PHONE:T55G,Not yet matched,,,,,,,,,,,,,,,,
Sony,IMX882,SONY:IMX882,IMX882,,,Canonical product name,50,,1/1.95,0.7,4-in-1,,PDAF,,RGGB,,,POCO F6; Nothing CMF Phone 1; Realme GT7 Pro,https://spinformation.info/all/smartphone-image-sensor/,Existing catalog / official + SP information,,,High,,61,Rear Main; Rear Telephoto; Rear Main + Rear Unknown,2025.0,2026.0,0,Vivo T5 Pro 5G (Dimensity 7400),vivo,Rear Main,2026.0,,https://helpix.ru/isensor/sony_imx882/,Helpix sensor-phone mapping,,High,PHONE:T5PRO5GDIMENSITY7400,Not yet matched,,,,,,,,,,,,,,,,
Sony,IMX882,SONY:IMX882,IMX882,,,Canonical product name,50,,1/1.95,0.7,4-in-1,,PDAF,,RGGB,,,POCO F6; Nothing CMF Phone 1; Realme GT7 Pro,https://spinformation.info/all/smartphone-image-sensor/,Existing catalog / official + SP information,,,High,,61,Rear Main; Rear Telephoto; Rear Main + Rear Unknown,2025.0,2026.0,0,Vivo T5 Pro 5G (Snapdragon 7s Gen 4),vivo,Rear Main,2026.0,,https://helpix.ru/isensor/sony_imx882/,Helpix sensor-phone mapping,,High,PHONE:T5PRO5GSNAPDRAGON7SGEN4,Not yet matched,,,,,,,,,,,,,,,,
Sony,IMX882,SONY:IMX882,IMX882,,,Canonical product name,50,,1/1.95,0.7,4-in-1,,PDAF,,RGGB,,,POCO F6; Nothing CMF Phone 1; Realme GT7 Pro,https://spinformation.info/all/smartphone-image-sensor/,Existing catalog / official + SP information,,,High,,61,Rear Main; Rear Telephoto; Rear Main + Rear Unknown,2025.0,2026.0,0,Vivo V70,vivo,Rear Telephoto,2026.0,,https://helpix.ru/isensor/sony_imx882/,Helpix sensor-phone mapping,,High,PHONE:V70,Not yet matched,,,,,,,,,,,,,,,,
Sony,IMX882,SONY:IMX882,IMX882,,,Canonical product name,50,,1/1.95,0.7,4-in-1,,PDAF,,RGGB,,,POCO F6; Nothing CMF Phone 1; Realme GT7 Pro,https://spinformation.info/all/smartphone-image-sensor/,Existing catalog / official + SP information,,,High,,61,Rear Main; Rear Telephoto; Rear Main + Rear Unknown,2025.0,2026.0,0,Vivo V70 Elite,vivo,Rear Telephoto,2026.0,,https://helpix.ru/isensor/sony_imx882/,Helpix sensor-phone mapping,,High,PHONE:V70ELITE,Not yet matched,,,,,,,,,,,,,,,,
Sony,IMX882,SONY:IMX882,IMX882,,,Canonical product name,50,,1/1.95,0.7,4-in-1,,PDAF,,RGGB,,,POCO F6; Nothing CMF Phone 1; Realme GT7 Pro,https://spinformation.info/all/smartphone-image-sensor/,Existing catalog / official + SP information,,,High,,61,Rear Main; Rear Telephoto; Rear Main + Rear Unknown,2025.0,2026.0,0,Vivo V70 Lite 5G,vivo,Rear Main,2026.0,,https://helpix.ru/isensor/sony_imx882/,Helpix sensor-phone mapping,,High,PHONE:V70LITE5G,Not yet matched,,,,,,,,,,,,,,,,
Sony,IMX882,SONY:IMX882,IMX882,,,Canonical product name,50,,1/1.95,0.7,4-in-1,,PDAF,,RGGB,,,POCO F6; Nothing CMF Phone 1; Realme GT7 Pro,https://spinformation.info/all/smartphone-image-sensor/,Existing catalog / official + SP information,,,High,,61,Rear Main; Rear Telephoto; Rear Main + Rear Unknown,2025.0,2026.0,0,Vivo V80,vivo,Rear Telephoto,2026.0,,https://helpix.ru/isensor/sony_imx882/,Helpix sensor-phone mapping,,High,PHONE:V80,Not yet matched,,,,,,,,,,,,,,,,
Sony,IMX882,SONY:IMX882,IMX882,,,Canonical product name,50,,1/1.95,0.7,4-in-1,,PDAF,,RGGB,,,POCO F6; Nothing CMF Phone 1; Realme GT7 Pro,https://spinformation.info/all/smartphone-image-sensor/,Existing catalog / official + SP information,,,High,,61,Rear Main; Rear Telephoto; Rear Main + Rear Unknown,2025.0,2026.0,0,Vivo X200T,vivo,Rear Telephoto,2026.0,,https://helpix.ru/isensor/sony_imx882/,Helpix sensor-phone mapping,,High,PHONE:X200T,Not yet matched,,,,,,,,,,,,,,,,
Sony,IMX882,SONY:IMX882,IMX882,,,Canonical product name,50,,1/1.95,0.7,4-in-1,,PDAF,,RGGB,,,POCO F6; Nothing CMF Phone 1; Realme GT7 Pro,https://spinformation.info/all/smartphone-image-sensor/,Existing catalog / official + SP information,,,High,,61,Rear Main; Rear Telephoto; Rear Main + Rear Unknown,2025.0,2026.0,0,Vivo X300 E,vivo,Rear Telephoto,2026.0,,https://helpix.ru/isensor/sony_imx882/,Helpix sensor-phone mapping,,High,PHONE:X300E,Not yet matched,,,,,,,,,,,,,,,,
Sony,IMX882,SONY:IMX882,IMX882,,,Canonical product name,50,,1/1.95,0.7,4-in-1,,PDAF,,RGGB,,,POCO F6; Nothing CMF Phone 1; Realme GT7 Pro,https://spinformation.info/all/smartphone-image-sensor/,Existing catalog / official + SP information,,,High,,61,Rear Main; Rear Telephoto; Rear Main + Rear Unknown,2025.0,2026.0,0,Vivo X300 FE,vivo,Rear Telephoto,2026.0,,https://helpix.ru/isensor/sony_imx882/,Helpix sensor-phone mapping,,High,PHONE:X300FE,Not yet matched,,,,,,,,,,,,,,,,
Sony,IMX882,SONY:IMX882,IMX882,,,Canonical product name,50,,1/1.95,0.7,4-in-1,,PDAF,,RGGB,,,POCO F6; Nothing CMF Phone 1; Realme GT7 Pro,https://spinformation.info/all/smartphone-image-sensor/,Existing catalog / official + SP information,,,High,,61,Rear Main; Rear Telephoto; Rear Main + Rear Unknown,2025.0,2026.0,0,Vivo iQOO 15 Ultra,vivo,Rear Telephoto,2026.0,,https://helpix.ru/isensor/sony_imx882/,Helpix sensor-phone mapping,,High,PHONE:IQOO15ULTRA,Not yet matched,,,,,,,,,,,,,,,,
Sony,IMX882,SONY:IMX882,IMX882,,,Canonical product name,50,,1/1.95,0.7,4-in-1,,PDAF,,RGGB,,,POCO F6; Nothing CMF Phone 1; Realme GT7 Pro,https://spinformation.info/all/smartphone-image-sensor/,Existing catalog / official + SP information,,,High,,61,Rear Main; Rear Telephoto; Rear Main + Rear Unknown,2025.0,2026.0,0,Vivo iQOO Z11 Global,vivo,Rear Main,2026.0,,https://helpix.ru/isensor/sony_imx882/,Helpix sensor-phone mapping,,High,PHONE:IQOOZ11GLOBAL,Not yet matched,,,,,,,,,,,,,,,,
Sony,IMX882,SONY:IMX882,IMX882,,,Canonical product name,50,,1/1.95,0.7,4-in-1,,PDAF,,RGGB,,,POCO F6; Nothing CMF Phone 1; Realme GT7 Pro,https://spinformation.info/all/smartphone-image-sensor/,Existing catalog / official + SP information,,,High,,61,Rear Main; Rear Telephoto; Rear Main + Rear Unknown,2025.0,2026.0,0,Vivo iQOO Z11 India,vivo,Rear Main,2026.0,,https://helpix.ru/isensor/sony_imx882/,Helpix sensor-phone mapping,,High,PHONE:IQOOZ11INDIA,Not yet matched,,,,,,,,,,,,,,,,
Sony,IMX882,SONY:IMX882,IMX882,,,Canonical product name,50,,1/1.95,0.7,4-in-1,,PDAF,,RGGB,,,POCO F6; Nothing CMF Phone 1; Realme GT7 Pro,https://spinformation.info/all/smartphone-image-sensor/,Existing catalog / official + SP information,,,High,,61,Rear Main; Rear Telephoto; Rear Main + Rear Unknown,2025.0,2026.0,0,Xiaomi Poco X8 Pro,Xiaomi,Rear Main,2026.0,,https://helpix.ru/isensor/sony_imx882/,Helpix sensor-phone mapping,,High,PHONE:POCOX8PRO,Not yet matched,,,,,,,,,,,,,,,,
Sony,IMX882,SONY:IMX882,IMX882,,,Canonical product name,50,,1/1.95,0.7,4-in-1,,PDAF,,RGGB,,,POCO F6; Nothing CMF Phone 1; Realme GT7 Pro,https://spinformation.info/all/smartphone-image-sensor/,Existing catalog / official + SP information,,,High,,61,Rear Main; Rear Telephoto; Rear Main + Rear Unknown,2025.0,2026.0,0,Xiaomi Poco X8 Pro Iron Man Edition,Xiaomi,Rear Main,2026.0,,https://helpix.ru/isensor/sony_imx882/,Helpix sensor-phone mapping,,High,PHONE:POCOX8PROIRONMANEDITION,Not yet matched,,,,,,,,,,,,,,,,
Sony,IMX882,SONY:IMX882,IMX882,,,Canonical product name,50,,1/1.95,0.7,4-in-1,,PDAF,,RGGB,,,POCO F6; Nothing CMF Phone 1; Realme GT7 Pro,https://spinformation.info/all/smartphone-image-sensor/,Existing catalog / official + SP information,,,High,,61,Rear Main; Rear Telephoto; Rear Main + Rear Unknown,2025.0,2026.0,0,Xiaomi Redmi Turbo 5,Xiaomi,Rear Main,2026.0,,https://helpix.ru/isensor/sony_imx882/,Helpix sensor-phone mapping,,High,PHONE:REDMITURBO5,Not yet matched,,,,,,,,,,,,,,,,
Sony,IMX888,SONY:IMX888,IMX888,,,Canonical product name,52,,1/1.35,1.12,4-in-1,,All-pixel PDAF (OctaPD),,RGGB,,,Xperia 1 V; Xperia 5 V; Xperia 1 VII,https://spinformation.info/all/smartphone-image-sensor/,Existing catalog / official + SP information,2-layer transistor listed by SP information.,2023.0,High,https://helpix.ru/isensor/,3,,,,0,Xperia 1 V,Sony,Unknown,,,https://spinformation.info/all/smartphone-image-sensor/,Existing master Example_Phones,,High,PHONE:XPERIA1V,Not yet matched,,,,,,,,,,,,,,,,
Sony,IMX888,SONY:IMX888,IMX888,,,Canonical product name,52,,1/1.35,1.12,4-in-1,,All-pixel PDAF (OctaPD),,RGGB,,,Xperia 1 V; Xperia 5 V; Xperia 1 VII,https://spinformation.info/all/smartphone-image-sensor/,Existing catalog / official + SP information,2-layer transistor listed by SP information.,2023.0,High,https://helpix.ru/isensor/,3,,,,0,Xperia 1 VII,Sony,Unknown,,,https://spinformation.info/all/smartphone-image-sensor/,Existing master Example_Phones,,High,PHONE:XPERIA1VII,Not yet matched,,,,,,,,,,,,,,,,
Sony,IMX888,SONY:IMX888,IMX888,,,Canonical product name,52,,1/1.35,1.12,4-in-1,,All-pixel PDAF (OctaPD),,RGGB,,,Xperia 1 V; Xperia 5 V; Xperia 1 VII,https://spinformation.info/all/smartphone-image-sensor/,Existing catalog / official + SP information,2-layer transistor listed by SP information.,2023.0,High,https://helpix.ru/isensor/,3,,,,0,Xperia 5 V,Sony,Unknown,,,https://spinformation.info/all/smartphone-image-sensor/,Existing master Example_Phones,,High,PHONE:XPERIA5V,Exact normalized model match,Sony Xperia 5 V,118,124,118,,,,,127,,999,2023-09-29,V5,https://www.dxomark.com/smartphones/Sony/Xperia-5-V,DXOMARK smartphone ranking,2026-09-27
Sony,IMX890,SONY:IMX890,IMX890,,,Canonical product name,50.3,,1/1.56,1.0,4-in-1,,All-pixel PDAF (2x2 OCL),DOL-HDR,RGGB,,,OPPO Find X6 Pro; OnePlus 11; Nothing Phone (2),https://spinformation.info/all/smartphone-image-sensor/,Existing catalog / official + SP information,,,High,,42,Rear Main; Rear Telephoto; Rear Main + Rear Telephoto; Rear Telephoto + Rear Ultra-wide,2022.0,2025.0,2,OPPO Find N2,OPPO,Rear Main,2022.0,,https://helpix.ru/isensor/sony_imx890/,Helpix sensor-phone mapping,,High,PHONE:FINDN2,Exact normalized model match,Oppo Find N2,,,,,,,,128,,1212,2022-12-15,,https://www.dxomark.com/smartphones/Oppo/Find-N2,DXOMARK smartphone ranking,2026-09-27
Sony,IMX890,SONY:IMX890,IMX890,,,Canonical product name,50.3,,1/1.56,1.0,4-in-1,,All-pixel PDAF (2x2 OCL),DOL-HDR,RGGB,,,OPPO Find X6 Pro; OnePlus 11; Nothing Phone (2),https://spinformation.info/all/smartphone-image-sensor/,Existing catalog / official + SP information,,,High,,42,Rear Main; Rear Telephoto; Rear Main + Rear Telephoto; Rear Telephoto + Rear Ultra-wide,2022.0,2025.0,2,OPPO Find N2 Flip,OPPO,Rear Main,2022.0,,https://helpix.ru/isensor/sony_imx890/,Helpix sensor-phone mapping,,High,PHONE:FINDN2FLIP,Exact normalized model match,Oppo Find N2 Flip,114,121,119,,,,,142,108,1099,2022-12-23,V5,https://www.dxomark.com/smartphones/Oppo/Find-N2-Flip,DXOMARK smartphone ranking,2026-09-27
Sony,IMX890,SONY:IMX890,IMX890,,,Canonical product name,50.3,,1/1.56,1.0,4-in-1,,All-pixel PDAF (2x2 OCL),DOL-HDR,RGGB,,,OPPO Find X6 Pro; OnePlus 11; Nothing Phone (2),https://spinformation.info/all/smartphone-image-sensor/,Existing catalog / official + SP information,,,High,,42,Rear Main; Rear Telephoto; Rear Main + Rear Telephoto; Rear Telephoto + Rear Ultra-wide,2022.0,2025.0,2,NIO Phone,NIO,Rear Telephoto,2023.0,,https://helpix.ru/isensor/sony_imx890/,Helpix sensor-phone mapping,,High,PHONE:NIOPHONE,Not yet matched,,,,,,,,,,,,,,,,
Sony,IMX890,SONY:IMX890,IMX890,,,Canonical product name,50.3,,1/1.56,1.0,4-in-1,,All-pixel PDAF (2x2 OCL),DOL-HDR,RGGB,,,OPPO Find X6 Pro; OnePlus 11; Nothing Phone (2),https://spinformation.info/all/smartphone-image-sensor/,Existing catalog / official + SP information,,,High,,42,Rear Main; Rear Telephoto; Rear Main + Rear Telephoto; Rear Telephoto + Rear Ultra-wide,2022.0,2025.0,2,Nothing Phone (2),Nothing,Rear Main,2023.0,,https://helpix.ru/isensor/sony_imx890/,Helpix sensor-phone mapping,,High,PHONE:NOTHINGPHONE2,Exact normalized model match,Nothing Phone (2),,,,,,,,134,124,599,2023-07-11,,https://www.dxomark.com/smartphones/Nothing/Phone-(2),DXOMARK smartphone ranking,2026-09-27
Sony,IMX890,SONY:IMX890,IMX890,,,Canonical product name,50.3,,1/1.56,1.0,4-in-1,,All-pixel PDAF (2x2 OCL),DOL-HDR,RGGB,,,OPPO Find X6 Pro; OnePlus 11; Nothing Phone (2),https://spinformation.info/all/smartphone-image-sensor/,Existing catalog / official + SP information,,,High,,42,Rear Main; Rear Telephoto; Rear Main + Rear Telephoto; Rear Telephoto + Rear Ultra-wide,2022.0,2025.0,2,OPPO Find N3 Flip,OPPO,Rear Main,2023.0,,https://helpix.ru/isensor/sony_imx890/,Helpix sensor-phone mapping,,High,PHONE:FINDN3FLIP,Not yet matched,,,,,,,,,,,,,,,,
Sony,IMX890,SONY:IMX890,IMX890,,,Canonical product name,50.3,,1/1.56,1.0,4-in-1,,All-pixel PDAF (2x2 OCL),DOL-HDR,RGGB,,,OPPO Find X6 Pro; OnePlus 11; Nothing Phone (2),https://spinformation.info/all/smartphone-image-sensor/,Existing catalog / official + SP information,,,High,,42,Rear Main; Rear Telephoto; Rear Main + Rear Telephoto; Rear Telephoto + Rear Ultra-wide,2022.0,2025.0,2,OPPO Find X6,OPPO,Rear Main + Rear Telephoto,2023.0,,https://helpix.ru/isensor/sony_imx890/,Helpix sensor-phone mapping,,High,PHONE:FINDX6,Exact normalized model match,Oppo Find X6,150,152,143,,,,,126,,681,2023-03-21,V5,https://www.dxomark.com/smartphones/Oppo/Find-X6,DXOMARK smartphone ranking,2026-09-27
Sony,IMX890,SONY:IMX890,IMX890,,,Canonical product name,50.3,,1/1.56,1.0,4-in-1,,All-pixel PDAF (2x2 OCL),DOL-HDR,RGGB,,,OPPO Find X6 Pro; OnePlus 11; Nothing Phone (2),https://spinformation.info/all/smartphone-image-sensor/,Existing catalog / official + SP information,,,High,,42,Rear Main; Rear Telephoto; Rear Main + Rear Telephoto; Rear Telephoto + Rear Ultra-wide,2022.0,2025.0,2,OPPO Find X6 Pro,OPPO,Rear Telephoto + Rear Ultra-wide,2023.0,,https://helpix.ru/isensor/sony_imx890/,Helpix sensor-phone mapping,,High,PHONE:FINDX6PRO,Exact normalized model match,Oppo Find X6 Pro,153,153,148,,,,,138,151,908,2023-03-21,V5,https://www.dxomark.com/smartphones/Oppo/Find-X6-Pro,DXOMARK smartphone ranking,2026-09-27
Sony,IMX890,SONY:IMX890,IMX890,,,Canonical product name,50.3,,1/1.56,1.0,4-in-1,,All-pixel PDAF (2x2 OCL),DOL-HDR,RGGB,,,OPPO Find X6 Pro; OnePlus 11; Nothing Phone (2),https://spinformation.info/all/smartphone-image-sensor/,Existing catalog / official + SP information,,,High,,42,Rear Main; Rear Telephoto; Rear Main + Rear Telephoto; Rear Telephoto + Rear Ultra-wide,2022.0,2025.0,2,OPPO K11,OPPO,Rear Main,2023.0,,https://helpix.ru/isensor/sony_imx890/,Helpix sensor-phone mapping,,High,PHONE:K11,Not yet matched,,,,,,,,,,,,,,,,
Sony,IMX890,SONY:IMX890,IMX890,,,Canonical product name,50.3,,1/1.56,1.0,4-in-1,,All-pixel PDAF (2x2 OCL),DOL-HDR,RGGB,,,OPPO Find X6 Pro; OnePlus 11; Nothing Phone (2),https://spinformation.info/all/smartphone-image-sensor/,Existing catalog / official + SP information,,,High,,42,Rear Main; Rear Telephoto; Rear Main + Rear Telephoto; Rear Telephoto + Rear Ultra-wide,2022.0,2025.0,2,OPPO Reno10 Pro Global (Snapdragon),OPPO,Rear Main,2023.0,,https://helpix.ru/isensor/sony_imx890/,Helpix sensor-phone mapping,,High,PHONE:RENO10PROGLOBALSNAPDRAGON,Not yet matched,,,,,,,,,,,,,,,,
Sony,IMX890,SONY:IMX890,IMX890,,,Canonical product name,50.3,,1/1.56,1.0,4-in-1,,All-pixel PDAF (2x2 OCL),DOL-HDR,RGGB,,,OPPO Find X6 Pro; OnePlus 11; Nothing Phone (2),https://spinformation.info/all/smartphone-image-sensor/,Existing catalog / official + SP information,,,High,,42,Rear Main; Rear Telephoto; Rear Main + Rear Telephoto; Rear Telephoto + Rear Ultra-wide,2022.0,2025.0,2,OPPO Reno10 Pro+,OPPO,Rear Main,2023.0,,https://helpix.ru/isensor/sony_imx890/,Helpix sensor-phone mapping,,High,PHONE:RENO10PRO,Not yet matched,,,,,,,,,,,,,,,,
Sony,IMX890,SONY:IMX890,IMX890,,,Canonical product name,50.3,,1/1.56,1.0,4-in-1,,All-pixel PDAF (2x2 OCL),DOL-HDR,RGGB,,,OPPO Find X6 Pro; OnePlus 11; Nothing Phone (2),https://spinformation.info/all/smartphone-image-sensor/,Existing catalog / official + SP information,,,High,,42,Rear Main; Rear Telephoto; Rear Main + Rear Telephoto; Rear Telephoto + Rear Ultra-wide,2022.0,2025.0,2,OPPO Reno11 Pro China (Snapdragon),OPPO,Rear Main,2023.0,,https://helpix.ru/isensor/sony_imx890/,Helpix sensor-phone mapping,,High,PHONE:RENO11PROCHINASNAPDRAGON,Not yet matched,,,,,,,,,,,,,,,,
Sony,IMX890,SONY:IMX890,IMX890,,,Canonical product name,50.3,,1/1.56,1.0,4-in-1,,All-pixel PDAF (2x2 OCL),DOL-HDR,RGGB,,,OPPO Find X6 Pro; OnePlus 11; Nothing Phone (2),https://spinformation.info/all/smartphone-image-sensor/,Existing catalog / official + SP information,,,High,,42,Rear Main; Rear Telephoto; Rear Main + Rear Telephoto; Rear Telephoto + Rear Ultra-wide,2022.0,2025.0,2,OnePlus 11,OnePlus,Rear Main,2023.0,Snapdragon 8 Gen 2,https://helpix.ru/isensor/sony_imx890/,Helpix sensor-phone mapping,https://en.wikipedia.org/wiki/OnePlus_11,High,PHONE:ONEPLUS11,Exact normalized model match,OnePlus 11,127,134,121,,,,,124,125,699,2023-01-28,V5,https://www.dxomark.com/smartphones/OnePlus/11,DXOMARK smartphone ranking,2026-09-27
Sony,IMX890,SONY:IMX890,IMX890,,,Canonical product name,50.3,,1/1.56,1.0,4-in-1,,All-pixel PDAF (2x2 OCL),DOL-HDR,RGGB,,,OPPO Find X6 Pro; OnePlus 11; Nothing Phone (2),https://spinformation.info/all/smartphone-image-sensor/,Existing catalog / official + SP information,,,High,,42,Rear Main; Rear Telephoto; Rear Main + Rear Telephoto; Rear Telephoto + Rear Ultra-wide,2022.0,2025.0,2,OnePlus 11 Jupiter Rock Edition,OnePlus,Rear Main,2023.0,,https://helpix.ru/isensor/sony_imx890/,Helpix sensor-phone mapping,,High,PHONE:ONEPLUS11JUPITERROCKEDITION,Not yet matched,,,,,,,,,,,,,,,,
Sony,IMX890,SONY:IMX890,IMX890,,,Canonical product name,50.3,,1/1.56,1.0,4-in-1,,All-pixel PDAF (2x2 OCL),DOL-HDR,RGGB,,,OPPO Find X6 Pro; OnePlus 11; Nothing Phone (2),https://spinformation.info/all/smartphone-image-sensor/,Existing catalog / official + SP information,,,High,,42,Rear Main; Rear Telephoto; Rear Main + Rear Telephoto; Rear Telephoto + Rear Ultra-wide,2022.0,2025.0,2,OnePlus 11R,OnePlus,Rear Main,2023.0,,https://helpix.ru/isensor/sony_imx890/,Helpix sensor-phone mapping,,High,PHONE:ONEPLUS11R,Not yet matched,,,,,,,,,,,,,,,,
Sony,IMX890,SONY:IMX890,IMX890,,,Canonical product name,50.3,,1/1.56,1.0,4-in-1,,All-pixel PDAF (2x2 OCL),DOL-HDR,RGGB,,,OPPO Find X6 Pro; OnePlus 11; Nothing Phone (2),https://spinformation.info/all/smartphone-image-sensor/,Existing catalog / official + SP information,,,High,,42,Rear Main; Rear Telephoto; Rear Main + Rear Telephoto; Rear Telephoto + Rear Ultra-wide,2022.0,2025.0,2,OnePlus Ace 2,OnePlus,Rear Main,2023.0,,https://helpix.ru/isensor/sony_imx890/,Helpix sensor-phone mapping,,High,PHONE:ONEPLUSACE2,Not yet matched,,,,,,,,,,,,,,,,
Sony,IMX890,SONY:IMX890,IMX890,,,Canonical product name,50.3,,1/1.56,1.0,4-in-1,,All-pixel PDAF (2x2 OCL),DOL-HDR,RGGB,,,OPPO Find X6 Pro; OnePlus 11; Nothing Phone (2),https://spinformation.info/all/smartphone-image-sensor/,Existing catalog / official + SP information,,,High,,42,Rear Main; Rear Telephoto; Rear Main + Rear Telephoto; Rear Telephoto + Rear Ultra-wide,2022.0,2025.0,2,OnePlus Ace 2 Genshin Edition,OnePlus,Rear Main,2023.0,,https://helpix.ru/isensor/sony_imx890/,Helpix sensor-phone mapping,,High,PHONE:ONEPLUSACE2GENSHINEDITION,Not yet matched,,,,,,,,,,,,,,,,
Sony,IMX890,SONY:IMX890,IMX890,,,Canonical product name,50.3,,1/1.56,1.0,4-in-1,,All-pixel PDAF (2x2 OCL),DOL-HDR,RGGB,,,OPPO Find X6 Pro; OnePlus 11; Nothing Phone (2),https://spinformation.info/all/smartphone-image-sensor/,Existing catalog / official + SP information,,,High,,42,Rear Main; Rear Telephoto; Rear Main + Rear Telephoto; Rear Telephoto + Rear Ultra-wide,2022.0,2025.0,2,OnePlus Ace 2 Pro,OnePlus,Rear Main,2023.0,,https://helpix.ru/isensor/sony_imx890/,Helpix sensor-phone mapping,,High,PHONE:ONEPLUSACE2PRO,Not yet matched,,,,,,,,,,,,,,,,
Sony,IMX890,SONY:IMX890,IMX890,,,Canonical product name,50.3,,1/1.56,1.0,4-in-1,,All-pixel PDAF (2x2 OCL),DOL-HDR,RGGB,,,OPPO Find X6 Pro; OnePlus 11; Nothing Phone (2),https://spinformation.info/all/smartphone-image-sensor/,Existing catalog / official + SP information,,,High,,42,Rear Main; Rear Telephoto; Rear Main + Rear Telephoto; Rear Telephoto + Rear Ultra-wide,2022.0,2025.0,2,OnePlus Nord 3 5G,OnePlus,Rear Main,2023.0,,https://helpix.ru/isensor/sony_imx890/,Helpix sensor-phone mapping,,High,PHONE:ONEPLUSNORD35G,Not yet matched,,,,,,,,,,,,,,,,
Sony,IMX890,SONY:IMX890,IMX890,,,Canonical product name,50.3,,1/1.56,1.0,4-in-1,,All-pixel PDAF (2x2 OCL),DOL-HDR,RGGB,,,OPPO Find X6 Pro; OnePlus 11; Nothing Phone (2),https://spinformation.info/all/smartphone-image-sensor/,Existing catalog / official + SP information,,,High,,42,Rear Main; Rear Telephoto; Rear Main + Rear Telephoto; Rear Telephoto + Rear Ultra-wide,2022.0,2025.0,2,OnePlus Nord CE3 5G,OnePlus,Rear Main,2023.0,,https://helpix.ru/isensor/sony_imx890/,Helpix sensor-phone mapping,,High,PHONE:ONEPLUSNORDCE35G,Not yet matched,,,,,,,,,,,,,,,,
Sony,IMX890,SONY:IMX890,IMX890,,,Canonical product name,50.3,,1/1.56,1.0,4-in-1,,All-pixel PDAF (2x2 OCL),DOL-HDR,RGGB,,,OPPO Find X6 Pro; OnePlus 11; Nothing Phone (2),https://spinformation.info/all/smartphone-image-sensor/,Existing catalog / official + SP information,,,High,,42,Rear Main; Rear Telephoto; Rear Main + Rear Telephoto; Rear Telephoto + Rear Ultra-wide,2022.0,2025.0,2,Realme GT Neo 5,Realme,Rear Main,2023.0,,https://helpix.ru/isensor/sony_imx890/,Helpix sensor-phone mapping,,High,PHONE:REALMEGTNEO5,Not yet matched,,,,,,,,,,,,,,,,
Sony,IMX890,SONY:IMX890,IMX890,,,Canonical product name,50.3,,1/1.56,1.0,4-in-1,,All-pixel PDAF (2x2 OCL),DOL-HDR,RGGB,,,OPPO Find X6 Pro; OnePlus 11; Nothing Phone (2),https://spinformation.info/all/smartphone-image-sensor/,Existing catalog / official + SP information,,,High,,42,Rear Main; Rear Telephoto; Rear Main + Rear Telephoto; Rear Telephoto + Rear Ultra-wide,2022.0,2025.0,2,Realme GT3,Realme,Rear Main,2023.0,,https://helpix.ru/isensor/sony_imx890/,Helpix sensor-phone mapping,,High,PHONE:REALMEGT3,Not yet matched,,,,,,,,,,,,,,,,
Sony,IMX890,SONY:IMX890,IMX890,,,Canonical product name,50.3,,1/1.56,1.0,4-in-1,,All-pixel PDAF (2x2 OCL),DOL-HDR,RGGB,,,OPPO Find X6 Pro; OnePlus 11; Nothing Phone (2),https://spinformation.info/all/smartphone-image-sensor/,Existing catalog / official + SP information,,,High,,42,Rear Main; Rear Telephoto; Rear Main + Rear Telephoto; Rear Telephoto + Rear Ultra-wide,2022.0,2025.0,2,Realme GT5,Realme,Rear Main,2023.0,,https://helpix.ru/isensor/sony_imx890/,Helpix sensor-phone mapping,,High,PHONE:REALMEGT5,Not yet matched,,,,,,,,,,,,,,,,
Sony,IMX890,SONY:IMX890,IMX890,,,Canonical product name,50.3,,1/1.56,1.0,4-in-1,,All-pixel PDAF (2x2 OCL),DOL-HDR,RGGB,,,OPPO Find X6 Pro; OnePlus 11; Nothing Phone (2),https://spinformation.info/all/smartphone-image-sensor/,Existing catalog / official + SP information,,,High,,42,Rear Main; Rear Telephoto; Rear Main + Rear Telephoto; Rear Telephoto + Rear Ultra-wide,2022.0,2025.0,2,Realme GT5 Pro,Realme,Rear Telephoto,2023.0,,https://helpix.ru/isensor/sony_imx890/,Helpix sensor-phone mapping,,High,PHONE:REALMEGT5PRO,Not yet matched,,,,,,,,,,,,,,,,
Sony,IMX890,SONY:IMX890,IMX890,,,Canonical product name,50.3,,1/1.56,1.0,4-in-1,,All-pixel PDAF (2x2 OCL),DOL-HDR,RGGB,,,OPPO Find X6 Pro; OnePlus 11; Nothing Phone (2),https://spinformation.info/all/smartphone-image-sensor/,Existing catalog / official + SP information,,,High,,42,Rear Main; Rear Telephoto; Rear Main + Rear Telephoto; Rear Telephoto + Rear Ultra-wide,2022.0,2025.0,2,ASUS ROG Phone 8,ASUS,Rear Main,2024.0,,https://helpix.ru/isensor/sony_imx890/,Helpix sensor-phone mapping,,High,PHONE:ASUSROGPHONE8,Not yet matched,,,,,,,,,,,,,,,,
Sony,IMX890,SONY:IMX890,IMX890,,,Canonical product name,50.3,,1/1.56,1.0,4-in-1,,All-pixel PDAF (2x2 OCL),DOL-HDR,RGGB,,,OPPO Find X6 Pro; OnePlus 11; Nothing Phone (2),https://spinformation.info/all/smartphone-image-sensor/,Existing catalog / official + SP information,,,High,,42,Rear Main; Rear Telephoto; Rear Main + Rear Telephoto; Rear Telephoto + Rear Ultra-wide,2022.0,2025.0,2,ASUS ROG Phone 8 Pro,ASUS,Rear Main,2024.0,,https://helpix.ru/isensor/sony_imx890/,Helpix sensor-phone mapping,,High,PHONE:ASUSROGPHONE8PRO,Not yet matched,,,,,,,,,,,,,,,,
Sony,IMX890,SONY:IMX890,IMX890,,,Canonical product name,50.3,,1/1.56,1.0,4-in-1,,All-pixel PDAF (2x2 OCL),DOL-HDR,RGGB,,,OPPO Find X6 Pro; OnePlus 11; Nothing Phone (2),https://spinformation.info/all/smartphone-image-sensor/,Existing catalog / official + SP information,,,High,,42,Rear Main; Rear Telephoto; Rear Main + Rear Telephoto; Rear Telephoto + Rear Ultra-wide,2022.0,2025.0,2,ASUS Zenfone 11 Ultra,ASUS,Rear Main,2024.0,,https://helpix.ru/isensor/sony_imx890/,Helpix sensor-phone mapping,,High,PHONE:ASUSZENFONE11ULTRA,Exact normalized model match,Asus Zenfone 11 Ultra,125,131,115,,,,,143,,899,2024-03-14,V5,https://www.dxomark.com/smartphones/Asus/Zenfone-11-Ultra,DXOMARK smartphone ranking,2026-09-27
Sony,IMX890,SONY:IMX890,IMX890,,,Canonical product name,50.3,,1/1.56,1.0,4-in-1,,All-pixel PDAF (2x2 OCL),DOL-HDR,RGGB,,,OPPO Find X6 Pro; OnePlus 11; Nothing Phone (2),https://spinformation.info/all/smartphone-image-sensor/,Existing catalog / official + SP information,,,High,,42,Rear Main; Rear Telephoto; Rear Main + Rear Telephoto; Rear Telephoto + Rear Ultra-wide,2022.0,2025.0,2,NIO Phone 2,NIO,Rear Telephoto,2024.0,,https://helpix.ru/isensor/sony_imx890/,Helpix sensor-phone mapping,,High,PHONE:NIOPHONE2,Not yet matched,,,,,,,,,,,,,,,,
Sony,IMX890,SONY:IMX890,IMX890,,,Canonical product name,50.3,,1/1.56,1.0,4-in-1,,All-pixel PDAF (2x2 OCL),DOL-HDR,RGGB,,,OPPO Find X6 Pro; OnePlus 11; Nothing Phone (2),https://spinformation.info/all/smartphone-image-sensor/,Existing catalog / official + SP information,,,High,,42,Rear Main; Rear Telephoto; Rear Main + Rear Telephoto; Rear Telephoto + Rear Ultra-wide,2022.0,2025.0,2,OPPO Find X7 Ultra,OPPO,Rear Telephoto,2024.0,,https://helpix.ru/isensor/sony_imx890/,Helpix sensor-phone mapping,,High,PHONE:FINDX7ULTRA,Exact normalized model match,Oppo Find X7 Ultra,157,156,156,,,,,144,160,1060,2024-03-12,V5,https://www.dxomark.com/smartphones/Oppo/Find-X7-Ultra,DXOMARK smartphone ranking,2026-09-27
Sony,IMX890,SONY:IMX890,IMX890,,,Canonical product name,50.3,,1/1.56,1.0,4-in-1,,All-pixel PDAF (2x2 OCL),DOL-HDR,RGGB,,,OPPO Find X6 Pro; OnePlus 11; Nothing Phone (2),https://spinformation.info/all/smartphone-image-sensor/,Existing catalog / official + SP information,,,High,,42,Rear Main; Rear Telephoto; Rear Main + Rear Telephoto; Rear Telephoto + Rear Ultra-wide,2022.0,2025.0,2,OPPO Reno11 Pro Global (Dimensity),OPPO,Rear Main,2024.0,,https://helpix.ru/isensor/sony_imx890/,Helpix sensor-phone mapping,,High,PHONE:RENO11PROGLOBALDIMENSITY,Not yet matched,,,,,,,,,,,,,,,,
Sony,IMX890,SONY:IMX890,IMX890,,,Canonical product name,50.3,,1/1.56,1.0,4-in-1,,All-pixel PDAF (2x2 OCL),DOL-HDR,RGGB,,,OPPO Find X6 Pro; OnePlus 11; Nothing Phone (2),https://spinformation.info/all/smartphone-image-sensor/,Existing catalog / official + SP information,,,High,,42,Rear Main; Rear Telephoto; Rear Main + Rear Telephoto; Rear Telephoto + Rear Ultra-wide,2022.0,2025.0,2,OPPO Reno12 Pro China (Dimensity 9200+),OPPO,Rear Main,2024.0,,https://helpix.ru/isensor/sony_imx890/,Helpix sensor-phone mapping,,High,PHONE:RENO12PROCHINADIMENSITY9200,Not yet matched,,,,,,,,,,,,,,,,
Sony,IMX890,SONY:IMX890,IMX890,,,Canonical product name,50.3,,1/1.56,1.0,4-in-1,,All-pixel PDAF (2x2 OCL),DOL-HDR,RGGB,,,OPPO Find X6 Pro; OnePlus 11; Nothing Phone (2),https://spinformation.info/all/smartphone-image-sensor/,Existing catalog / official + SP information,,,High,,42,Rear Main; Rear Telephoto; Rear Main + Rear Telephoto; Rear Telephoto + Rear Ultra-wide,2022.0,2025.0,2,OPPO Reno13 Pro,OPPO,Rear Main,2024.0,,https://helpix.ru/isensor/sony_imx890/,Helpix sensor-phone mapping,,High,PHONE:RENO13PRO,Not yet matched,,,,,,,,,,,,,,,,
Sony,IMX890,SONY:IMX890,IMX890,,,Canonical product name,50.3,,1/1.56,1.0,4-in-1,,All-pixel PDAF (2x2 OCL),DOL-HDR,RGGB,,,OPPO Find X6 Pro; OnePlus 11; Nothing Phone (2),https://spinformation.info/all/smartphone-image-sensor/,Existing catalog / official + SP information,,,High,,42,Rear Main; Rear Telephoto; Rear Main + Rear Telephoto; Rear Telephoto + Rear Ultra-wide,2022.0,2025.0,2,OnePlus 12R,OnePlus,Rear Main,2024.0,Snapdragon 8 Gen 2,https://helpix.ru/isensor/sony_imx890/,Helpix sensor-phone mapping,https://www.oneplus.com/us/12r/specs,High,PHONE:ONEPLUS12R,Not yet matched,,,,,,,,,,,,,,,,
Sony,IMX890,SONY:IMX890,IMX890,,,Canonical product name,50.3,,1/1.56,1.0,4-in-1,,All-pixel PDAF (2x2 OCL),DOL-HDR,RGGB,,,OPPO Find X6 Pro; OnePlus 11; Nothing Phone (2),https://spinformation.info/all/smartphone-image-sensor/,Existing catalog / official + SP information,,,High,,42,Rear Main; Rear Telephoto; Rear Main + Rear Telephoto; Rear Telephoto + Rear Ultra-wide,2022.0,2025.0,2,OnePlus 12R Genshin Impact,OnePlus,Rear Main,2024.0,,https://helpix.ru/isensor/sony_imx890/,Helpix sensor-phone mapping,,High,PHONE:ONEPLUS12RGENSHINIMPACT,Not yet matched,,,,,,,,,,,,,,,,
Sony,IMX890,SONY:IMX890,IMX890,,,Canonical product name,50.3,,1/1.56,1.0,4-in-1,,All-pixel PDAF (2x2 OCL),DOL-HDR,RGGB,,,OPPO Find X6 Pro; OnePlus 11; Nothing Phone (2),https://spinformation.info/all/smartphone-image-sensor/,Existing catalog / official + SP information,,,High,,42,Rear Main; Rear Telephoto; Rear Main + Rear Telephoto; Rear Telephoto + Rear Ultra-wide,2022.0,2025.0,2,OnePlus Ace 3,OnePlus,Rear Main,2024.0,,https://helpix.ru/isensor/sony_imx890/,Helpix sensor-phone mapping,,High,PHONE:ONEPLUSACE3,Not yet matched,,,,,,,,,,,,,,,,
Sony,IMX890,SONY:IMX890,IMX890,,,Canonical product name,50.3,,1/1.56,1.0,4-in-1,,All-pixel PDAF (2x2 OCL),DOL-HDR,RGGB,,,OPPO Find X6 Pro; OnePlus 11; Nothing Phone (2),https://spinformation.info/all/smartphone-image-sensor/,Existing catalog / official + SP information,,,High,,42,Rear Main; Rear Telephoto; Rear Main + Rear Telephoto; Rear Telephoto + Rear Ultra-wide,2022.0,2025.0,2,OnePlus Ace 3 Genshin Impact,OnePlus,Rear Main,2024.0,,https://helpix.ru/isensor/sony_imx890/,Helpix sensor-phone mapping,,High,PHONE:ONEPLUSACE3GENSHINIMPACT,Not yet matched,,,,,,,,,,,,,,,,
Sony,IMX890,SONY:IMX890,IMX890,,,Canonical product name,50.3,,1/1.56,1.0,4-in-1,,All-pixel PDAF (2x2 OCL),DOL-HDR,RGGB,,,OPPO Find X6 Pro; OnePlus 11; Nothing Phone (2),https://spinformation.info/all/smartphone-image-sensor/,Existing catalog / official + SP information,,,High,,42,Rear Main; Rear Telephoto; Rear Main + Rear Telephoto; Rear Telephoto + Rear Ultra-wide,2022.0,2025.0,2,OnePlus Ace 3 Pro,OnePlus,Rear Main,2024.0,,https://helpix.ru/isensor/sony_imx890/,Helpix sensor-phone mapping,,High,PHONE:ONEPLUSACE3PRO,Not yet matched,,,,,,,,,,,,,,,,
Sony,IMX890,SONY:IMX890,IMX890,,,Canonical product name,50.3,,1/1.56,1.0,4-in-1,,All-pixel PDAF (2x2 OCL),DOL-HDR,RGGB,,,OPPO Find X6 Pro; OnePlus 11; Nothing Phone (2),https://spinformation.info/all/smartphone-image-sensor/,Existing catalog / official + SP information,,,High,,42,Rear Main; Rear Telephoto; Rear Main + Rear Telephoto; Rear Telephoto + Rear Ultra-wide,2022.0,2025.0,2,Realme 12 Pro+,Realme,Rear Main,2024.0,,https://helpix.ru/isensor/sony_imx890/,Helpix sensor-phone mapping,,High,PHONE:REALME12PRO,Not yet matched,,,,,,,,,,,,,,,,
Sony,IMX890,SONY:IMX890,IMX890,,,Canonical product name,50.3,,1/1.56,1.0,4-in-1,,All-pixel PDAF (2x2 OCL),DOL-HDR,RGGB,,,OPPO Find X6 Pro; OnePlus 11; Nothing Phone (2),https://spinformation.info/all/smartphone-image-sensor/,Existing catalog / official + SP information,,,High,,42,Rear Main; Rear Telephoto; Rear Main + Rear Telephoto; Rear Telephoto + Rear Ultra-wide,2022.0,2025.0,2,Realme GT6 China,Realme,Rear Main,2024.0,,https://helpix.ru/isensor/sony_imx890/,Helpix sensor-phone mapping,,High,PHONE:REALMEGT6CHINA,Not yet matched,,,,,,,,,,,,,,,,
Sony,IMX890,SONY:IMX890,IMX890,,,Canonical product name,50.3,,1/1.56,1.0,4-in-1,,All-pixel PDAF (2x2 OCL),DOL-HDR,RGGB,,,OPPO Find X6 Pro; OnePlus 11; Nothing Phone (2),https://spinformation.info/all/smartphone-image-sensor/,Existing catalog / official + SP information,,,High,,42,Rear Main; Rear Telephoto; Rear Main + Rear Telephoto; Rear Telephoto + Rear Ultra-wide,2022.0,2025.0,2,Realme Narzo 70 Pro 5G,Realme,Rear Main,2024.0,,https://helpix.ru/isensor/sony_imx890/,Helpix sensor-phone mapping,,High,PHONE:REALMENARZO70PRO5G,Not yet matched,,,,,,,,,,,,,,,,
Sony,IMX890,SONY:IMX890,IMX890,,,Canonical product name,50.3,,1/1.56,1.0,4-in-1,,All-pixel PDAF (2x2 OCL),DOL-HDR,RGGB,,,OPPO Find X6 Pro; OnePlus 11; Nothing Phone (2),https://spinformation.info/all/smartphone-image-sensor/,Existing catalog / official + SP information,,,High,,42,Rear Main; Rear Telephoto; Rear Main + Rear Telephoto; Rear Telephoto + Rear Ultra-wide,2022.0,2025.0,2,Tecno Camon 30 Premier 5G,Tecno,Rear Main,2024.0,,https://helpix.ru/isensor/sony_imx890/,Helpix sensor-phone mapping,,High,PHONE:TECNOCAMON30PREMIER5G,Not yet matched,,,,,,,,,,,,,,,,
Sony,IMX890,SONY:IMX890,IMX890,,,Canonical product name,50.3,,1/1.56,1.0,4-in-1,,All-pixel PDAF (2x2 OCL),DOL-HDR,RGGB,,,OPPO Find X6 Pro; OnePlus 11; Nothing Phone (2),https://spinformation.info/all/smartphone-image-sensor/,Existing catalog / official + SP information,,,High,,42,Rear Main; Rear Telephoto; Rear Main + Rear Telephoto; Rear Telephoto + Rear Ultra-wide,2022.0,2025.0,2,Tecno Camon 30 Pro 5G,Tecno,Rear Main,2024.0,,https://helpix.ru/isensor/sony_imx890/,Helpix sensor-phone mapping,,High,PHONE:TECNOCAMON30PRO5G,Not yet matched,,,,,,,,,,,,,,,,
Sony,IMX890,SONY:IMX890,IMX890,,,Canonical product name,50.3,,1/1.56,1.0,4-in-1,,All-pixel PDAF (2x2 OCL),DOL-HDR,RGGB,,,OPPO Find X6 Pro; OnePlus 11; Nothing Phone (2),https://spinformation.info/all/smartphone-image-sensor/,Existing catalog / official + SP information,,,High,,42,Rear Main; Rear Telephoto; Rear Main + Rear Telephoto; Rear Telephoto + Rear Ultra-wide,2022.0,2025.0,2,ASUS ROG Phone 9 FE,ASUS,Rear Main,2025.0,,https://helpix.ru/isensor/sony_imx890/,Helpix sensor-phone mapping,,High,PHONE:ASUSROGPHONE9FE,Not yet matched,,,,,,,,,,,,,,,,
Sony,IMX896,SONY:IMX896,IMX896,,,Canonical product name,50,,1/1.56,1.0,4-in-1,,All-pixel PDAF (2x2 OCL),,RGGB,,,Realme GT7; Realme 14 Pro+ 5G,https://spinformation.info/all/smartphone-image-sensor/,Existing catalog / official + SP information,,2024.0,High,https://helpix.ru/isensor/,2,,,,0,Realme 14 Pro+ 5G,Realme,Unknown,,,https://spinformation.info/all/smartphone-image-sensor/,Existing master Example_Phones,,High,PHONE:REALME14PRO5G,Not yet matched,,,,,,,,,,,,,,,,
Sony,IMX896,SONY:IMX896,IMX896,,,Canonical product name,50,,1/1.56,1.0,4-in-1,,All-pixel PDAF (2x2 OCL),,RGGB,,,Realme GT7; Realme 14 Pro+ 5G,https://spinformation.info/all/smartphone-image-sensor/,Existing catalog / official + SP information,,2024.0,High,https://helpix.ru/isensor/,2,,,,0,Realme GT7,Realme,Unknown,,,https://spinformation.info/all/smartphone-image-sensor/,Existing master Example_Phones,,High,PHONE:REALMEGT7,Not yet matched,,,,,,,,,,,,,,,,
Sony,IMX903,SONY:IMX903,IMX903,,,Canonical product name,48,,1/1.3,1.2,4-in-1,,All-pixel PDAF (Dual Pixel),,RGGB,,,iPhone 16 Pro; iPhone 17 Pro,https://spinformation.info/all/smartphone-image-sensor/,Existing catalog / official + SP information,,,High,https://helpix.ru/isensor/,2,,,,1,iPhone 16 Pro,Apple,Unknown,,A18 Pro,https://spinformation.info/all/smartphone-image-sensor/,Existing master Example_Phones,https://support.apple.com/ko-kr/121031,High,PHONE:IPHONE16PRO,Exact normalized model match,Apple iPhone 16 Pro,157,157,159,,,,,150,,999,2024-09-20,V5,https://www.dxomark.com/smartphones/Apple/iPhone-16-Pro,DXOMARK smartphone ranking,2026-09-27
Sony,IMX903,SONY:IMX903,IMX903,,,Canonical product name,48,,1/1.3,1.2,4-in-1,,All-pixel PDAF (Dual Pixel),,RGGB,,,iPhone 16 Pro; iPhone 17 Pro,https://spinformation.info/all/smartphone-image-sensor/,Existing catalog / official + SP information,,,High,https://helpix.ru/isensor/,2,,,,1,iPhone 17 Pro,Apple,Unknown,,,https://spinformation.info/all/smartphone-image-sensor/,Existing master Example_Phones,,High,PHONE:IPHONE17PRO,Exact normalized model match,Apple iPhone 17 Pro,168,166,172,,,,154,,,1099,2025-09-19,V6,https://www.dxomark.com/smartphones/Apple/iPhone-17-Pro,DXOMARK smartphone ranking,2026-09-27
Sony,IMX904,SONY:IMX904,IMX904,,,Canonical product name,48,,1/1.59,1.0,4-in-1,,All-pixel PDAF (OctaPD / Masked),,RGGB,,,iPhone 15; iPhone 16; iPhone 17,https://spinformation.info/all/smartphone-image-sensor/,Existing catalog / official + SP information,2-layer transistor listed by SP information.,,High,https://helpix.ru/isensor/,3,,,,0,iPhone 15,Apple,Unknown,,,https://spinformation.info/all/smartphone-image-sensor/,Existing master Example_Phones,,High,PHONE:IPHONE15,Exact normalized model match,Apple iPhone 15,145,147,153,,,,,140,113,799,2023-09-22,V5,https://www.dxomark.com/smartphones/Apple/iPhone-15,DXOMARK smartphone ranking,2026-09-27
Sony,IMX904,SONY:IMX904,IMX904,,,Canonical product name,48,,1/1.59,1.0,4-in-1,,All-pixel PDAF (OctaPD / Masked),,RGGB,,,iPhone 15; iPhone 16; iPhone 17,https://spinformation.info/all/smartphone-image-sensor/,Existing catalog / official + SP information,2-layer transistor listed by SP information.,,High,https://helpix.ru/isensor/,3,,,,0,iPhone 16,Apple,Unknown,,,https://spinformation.info/all/smartphone-image-sensor/,Existing master Example_Phones,,High,PHONE:IPHONE16,Exact normalized model match,Apple iPhone 16,147,149,154,,,,,142,,799,2024-09-20,V5,https://www.dxomark.com/smartphones/Apple/iPhone-16,DXOMARK smartphone ranking,2026-09-27
Sony,IMX904,SONY:IMX904,IMX904,,,Canonical product name,48,,1/1.59,1.0,4-in-1,,All-pixel PDAF (OctaPD / Masked),,RGGB,,,iPhone 15; iPhone 16; iPhone 17,https://spinformation.info/all/smartphone-image-sensor/,Existing catalog / official + SP information,2-layer transistor listed by SP information.,,High,https://helpix.ru/isensor/,3,,,,0,iPhone 17,Apple,Unknown,,,https://spinformation.info/all/smartphone-image-sensor/,Existing master Example_Phones,,High,PHONE:IPHONE17,Exact normalized model match,Apple iPhone 17,157,155,162,,,,,151,,799,2025-09-19,V6,https://www.dxomark.com/smartphones/Apple/iPhone-17,DXOMARK smartphone ranking,2026-09-27
Sony,IMX906,SONY:IMX906,IMX906,,,Canonical product name,50,,1/1.56,1.0,4-in-1,,All-pixel PDAF (2x2 OCL),DAG-HDR,RGGB,,,Xperia 1 VII; OnePlus 15; Realme GT8 Pro; HONOR Magic V5,https://spinformation.info/all/smartphone-image-sensor/,Existing catalog / official + SP information,,2023.0,High,https://helpix.ru/isensor/,4,,,,0,HONOR Magic V5,HONOR,Unknown,,,https://spinformation.info/all/smartphone-image-sensor/,Existing master Example_Phones,,High,PHONE:MAGICV5,Exact normalized model match,Honor Magic V5,150,164,124,,,,,,,1699,2025-07-02,V6,https://www.dxomark.com/smartphones/Honor/Magic-V5,DXOMARK smartphone ranking,2026-09-27
Sony,IMX906,SONY:IMX906,IMX906,,,Canonical product name,50,,1/1.56,1.0,4-in-1,,All-pixel PDAF (2x2 OCL),DAG-HDR,RGGB,,,Xperia 1 VII; OnePlus 15; Realme GT8 Pro; HONOR Magic V5,https://spinformation.info/all/smartphone-image-sensor/,Existing catalog / official + SP information,,2023.0,High,https://helpix.ru/isensor/,4,,,,0,OnePlus 15,OnePlus,Unknown,,,https://spinformation.info/all/smartphone-image-sensor/,Existing master Example_Phones,,High,PHONE:ONEPLUS15,Not yet matched,,,,,,,,,,,,,,,,
Sony,IMX906,SONY:IMX906,IMX906,,,Canonical product name,50,,1/1.56,1.0,4-in-1,,All-pixel PDAF (2x2 OCL),DAG-HDR,RGGB,,,Xperia 1 VII; OnePlus 15; Realme GT8 Pro; HONOR Magic V5,https://spinformation.info/all/smartphone-image-sensor/,Existing catalog / official + SP information,,2023.0,High,https://helpix.ru/isensor/,4,,,,0,Realme GT8 Pro,Realme,Unknown,,,https://spinformation.info/all/smartphone-image-sensor/,Existing master Example_Phones,,High,PHONE:REALMEGT8PRO,Not yet matched,,,,,,,,,,,,,,,,
Sony,IMX906,SONY:IMX906,IMX906,,,Canonical product name,50,,1/1.56,1.0,4-in-1,,All-pixel PDAF (2x2 OCL),DAG-HDR,RGGB,,,Xperia 1 VII; OnePlus 15; Realme GT8 Pro; HONOR Magic V5,https://spinformation.info/all/smartphone-image-sensor/,Existing catalog / official + SP information,,2023.0,High,https://helpix.ru/isensor/,4,,,,0,Xperia 1 VII,Sony,Unknown,,,https://spinformation.info/all/smartphone-image-sensor/,Existing master Example_Phones,,High,PHONE:XPERIA1VII,Not yet matched,,,,,,,,,,,,,,,,
Sony,IMX913,SONY:IMX913,IMX913,,,Canonical product name,12,,1/3.06,1.12,,,All-pixel PDAF (Dual Pixel),,,,,iPhone 15 Pro Max; iPhone 16 Pro; iPhone 16 Pro Max,https://spinformation.info/all/smartphone-image-sensor/,Existing catalog / official + SP information,,,High,,3,,,,3,iPhone 15 Pro Max,Apple,Unknown,,A17 Pro,https://spinformation.info/all/smartphone-image-sensor/,Existing master Example_Phones,https://www.apple.com/newsroom/2023/09/apple-unveils-iphone-15-pro-and-iphone-15-pro-max/,High,PHONE:IPHONE15PROMAX,Exact normalized model match,Apple iPhone 15 Pro Max,154,153,158,,,,149,151,134,1199,2023-09-22,V5,https://www.dxomark.com/smartphones/Apple/iPhone-15-Pro-Max,DXOMARK smartphone ranking,2026-09-27
Sony,IMX913,SONY:IMX913,IMX913,,,Canonical product name,12,,1/3.06,1.12,,,All-pixel PDAF (Dual Pixel),,,,,iPhone 15 Pro Max; iPhone 16 Pro; iPhone 16 Pro Max,https://spinformation.info/all/smartphone-image-sensor/,Existing catalog / official + SP information,,,High,,3,,,,3,iPhone 16 Pro,Apple,Unknown,,A18 Pro,https://spinformation.info/all/smartphone-image-sensor/,Existing master Example_Phones,https://support.apple.com/ko-kr/121031,High,PHONE:IPHONE16PRO,Exact normalized model match,Apple iPhone 16 Pro,157,157,159,,,,,150,,999,2024-09-20,V5,https://www.dxomark.com/smartphones/Apple/iPhone-16-Pro,DXOMARK smartphone ranking,2026-09-27
Sony,IMX913,SONY:IMX913,IMX913,,,Canonical product name,12,,1/3.06,1.12,,,All-pixel PDAF (Dual Pixel),,,,,iPhone 15 Pro Max; iPhone 16 Pro; iPhone 16 Pro Max,https://spinformation.info/all/smartphone-image-sensor/,Existing catalog / official + SP information,,,High,,3,,,,3,iPhone 16 Pro Max,Apple,Unknown,,A18 Pro,https://spinformation.info/all/smartphone-image-sensor/,Existing master Example_Phones,https://www.apple.com/kr/newsroom/2024/09/apple-debuts-iphone-16-pro-iphone-16-pro-max/,High,PHONE:IPHONE16PROMAX,Exact normalized model match,Apple iPhone 16 Pro Max,161,158,167,,,,151,150,,1199,2024-09-20,V6,https://www.dxomark.com/smartphones/Apple/iPhone-16-Pro-Max,DXOMARK smartphone ranking,2026-09-27
Sony,IMX914,SONY:IMX914,IMX914,,,Canonical product name,18,,,1.0,,,,,,,,,https://helpix.ru/isensor/,Helpix smartphone sensor index,Added in ultra expansion; mobile-camera sensor index listing.,2025.0,Medium,,0,,,,0,,,,,,,,,,,No phone mapping,,,,,,,,,,,,,,,,
Sony,IMX920,SONY:IMX920,IMX920,,,Canonical product name,50,,1/1.49,1.0,4-in-1,,All-pixel PDAF (2x2 OCL),,RGGB,,,vivo X100; iQOO Neo 9 Pro; vivo X Fold3,https://spinformation.info/all/smartphone-image-sensor/,Existing catalog / official + SP information,,2023.0,High,https://helpix.ru/isensor/,3,,,,0,iQOO Neo 9 Pro,iQOO,Unknown,,,https://spinformation.info/all/smartphone-image-sensor/,Existing master Example_Phones,,High,PHONE:IQOONEO9PRO,Not yet matched,,,,,,,,,,,,,,,,
Sony,IMX920,SONY:IMX920,IMX920,,,Canonical product name,50,,1/1.49,1.0,4-in-1,,All-pixel PDAF (2x2 OCL),,RGGB,,,vivo X100; iQOO Neo 9 Pro; vivo X Fold3,https://spinformation.info/all/smartphone-image-sensor/,Existing catalog / official + SP information,,2023.0,High,https://helpix.ru/isensor/,3,,,,0,vivo X Fold3,vivo,Unknown,,,https://spinformation.info/all/smartphone-image-sensor/,Existing master Example_Phones,,High,PHONE:XFOLD3,Not yet matched,,,,,,,,,,,,,,,,
Sony,IMX920,SONY:IMX920,IMX920,,,Canonical product name,50,,1/1.49,1.0,4-in-1,,All-pixel PDAF (2x2 OCL),,RGGB,,,vivo X100; iQOO Neo 9 Pro; vivo X Fold3,https://spinformation.info/all/smartphone-image-sensor/,Existing catalog / official + SP information,,2023.0,High,https://helpix.ru/isensor/,3,,,,0,vivo X100,vivo,Unknown,,,https://spinformation.info/all/smartphone-image-sensor/,Existing master Example_Phones,,High,PHONE:X100,Not yet matched,,,,,,,,,,,,,,,,
Sony,IMX921,SONY:IMX921,IMX921,,,Canonical product name,50,,1/1.56,1.0,4-in-1,,All-pixel PDAF (2x2 OCL),,RGGB,,,vivo X200; iQOO 13; vivo X Fold5,https://spinformation.info/all/smartphone-image-sensor/,Existing catalog / official + SP information,,2024.0,High,https://helpix.ru/isensor/,3,,,,0,iQOO 13,iQOO,Unknown,,,https://spinformation.info/all/smartphone-image-sensor/,Existing master Example_Phones,,High,PHONE:IQOO13,Not yet matched,,,,,,,,,,,,,,,,
Sony,IMX921,SONY:IMX921,IMX921,,,Canonical product name,50,,1/1.56,1.0,4-in-1,,All-pixel PDAF (2x2 OCL),,RGGB,,,vivo X200; iQOO 13; vivo X Fold5,https://spinformation.info/all/smartphone-image-sensor/,Existing catalog / official + SP information,,2024.0,High,https://helpix.ru/isensor/,3,,,,0,vivo X Fold5,vivo,Unknown,,,https://spinformation.info/all/smartphone-image-sensor/,Existing master Example_Phones,,High,PHONE:XFOLD5,Not yet matched,,,,,,,,,,,,,,,,
Sony,IMX921,SONY:IMX921,IMX921,,,Canonical product name,50,,1/1.56,1.0,4-in-1,,All-pixel PDAF (2x2 OCL),,RGGB,,,vivo X200; iQOO 13; vivo X Fold5,https://spinformation.info/all/smartphone-image-sensor/,Existing catalog / official + SP information,,2024.0,High,https://helpix.ru/isensor/,3,,,,0,vivo X200,vivo,Unknown,,,https://spinformation.info/all/smartphone-image-sensor/,Existing master Example_Phones,,High,PHONE:X200,Not yet matched,,,,,,,,,,,,,,,,
Sony,IMX972,SONY:IMX972,IMX972,,,Canonical product name,48,,1/2.55,0.7,4-in-1,,All-pixel PDAF,,RGGB,,,iPhone 16 Pro; iPhone 16 Pro Max,https://spinformation.info/all/smartphone-image-sensor/,Existing catalog / official + SP information,,,High,https://helpix.ru/isensor/,2,,,,2,iPhone 16 Pro,Apple,Unknown,,A18 Pro,https://spinformation.info/all/smartphone-image-sensor/,Existing master Example_Phones,https://support.apple.com/ko-kr/121031,High,PHONE:IPHONE16PRO,Exact normalized model match,Apple iPhone 16 Pro,157,157,159,,,,,150,,999,2024-09-20,V5,https://www.dxomark.com/smartphones/Apple/iPhone-16-Pro,DXOMARK smartphone ranking,2026-09-27
Sony,IMX972,SONY:IMX972,IMX972,,,Canonical product name,48,,1/2.55,0.7,4-in-1,,All-pixel PDAF,,RGGB,,,iPhone 16 Pro; iPhone 16 Pro Max,https://spinformation.info/all/smartphone-image-sensor/,Existing catalog / official + SP information,,,High,https://helpix.ru/isensor/,2,,,,2,iPhone 16 Pro Max,Apple,Unknown,,A18 Pro,https://spinformation.info/all/smartphone-image-sensor/,Existing master Example_Phones,https://www.apple.com/kr/newsroom/2024/09/apple-debuts-iphone-16-pro-iphone-16-pro-max/,High,PHONE:IPHONE16PROMAX,Exact normalized model match,Apple iPhone 16 Pro Max,161,158,167,,,,151,150,,1199,2024-09-20,V6,https://www.dxomark.com/smartphones/Apple/iPhone-16-Pro-Max,DXOMARK smartphone ranking,2026-09-27
Sony,IMX973,SONY:IMX973,IMX973,,,Canonical product name,48,,1/2.55,0.7,4-in-1,,All-pixel PDAF,,RGGB,,,iPhone 17; iPhone 17 Pro; iPhone 17 Pro Max,https://spinformation.info/all/smartphone-image-sensor/,Existing catalog / official + SP information,,,High,https://helpix.ru/isensor/,3,,,,0,iPhone 17,Apple,Unknown,,,https://spinformation.info/all/smartphone-image-sensor/,Existing master Example_Phones,,High,PHONE:IPHONE17,Exact normalized model match,Apple iPhone 17,157,155,162,,,,,151,,799,2025-09-19,V6,https://www.dxomark.com/smartphones/Apple/iPhone-17,DXOMARK smartphone ranking,2026-09-27
Sony,IMX973,SONY:IMX973,IMX973,,,Canonical product name,48,,1/2.55,0.7,4-in-1,,All-pixel PDAF,,RGGB,,,iPhone 17; iPhone 17 Pro; iPhone 17 Pro Max,https://spinformation.info/all/smartphone-image-sensor/,Existing catalog / official + SP information,,,High,https://helpix.ru/isensor/,3,,,,0,iPhone 17 Pro,Apple,Unknown,,,https://spinformation.info/all/smartphone-image-sensor/,Existing master Example_Phones,,High,PHONE:IPHONE17PRO,Exact normalized model match,Apple iPhone 17 Pro,168,166,172,,,,154,,,1099,2025-09-19,V6,https://www.dxomark.com/smartphones/Apple/iPhone-17-Pro,DXOMARK smartphone ranking,2026-09-27
Sony,IMX973,SONY:IMX973,IMX973,,,Canonical product name,48,,1/2.55,0.7,4-in-1,,All-pixel PDAF,,RGGB,,,iPhone 17; iPhone 17 Pro; iPhone 17 Pro Max,https://spinformation.info/all/smartphone-image-sensor/,Existing catalog / official + SP information,,,High,https://helpix.ru/isensor/,3,,,,0,iPhone 17 Pro Max,Apple,Unknown,,,https://spinformation.info/all/smartphone-image-sensor/,Existing master Example_Phones,,High,PHONE:IPHONE17PROMAX,Exact normalized model match,Apple iPhone 17 Pro Max,,,,,,,,151,,1199,2025-09-12,,https://www.dxomark.com/smartphones/Apple/iPhone-17-Pro-Max,DXOMARK smartphone ranking,2026-09-27
Sony,IMX978,SONY:IMX978,IMX978,,,Canonical product name,52,,1/1.022,1.55,4-in-1,,All-pixel PDAF (2x2 OCL),,RGGB,,,,https://spinformation.info/all/smartphone-image-sensor/,Existing catalog / official + SP information,,,High,,0,,,,0,,,,,,,,,,,No phone mapping,,,,,,,,,,,,,,,,
Sony,IMX982,SONY:IMX982,IMX982,,,Canonical product name,48,,1/2.55,0.7,4-in-1,,All-pixel PDAF,,RGGB,,,iPhone 16e,https://spinformation.info/all/smartphone-image-sensor/,Existing catalog / official + SP information,,,High,,1,,,,0,iPhone 16e,Apple,Unknown,,,https://spinformation.info/all/smartphone-image-sensor/,Existing master Example_Phones,,High,PHONE:IPHONE16E,Not yet matched,,,,,,,,,,,,,,,,
Sony,IMX989,SONY:IMX989,IMX989,,,Canonical product name,50.3,,1/0.98,1.6,4-in-1,,All-pixel PDAF (OctaPD),Clear HDR; QDOL-HDR4,RGGB,,,Xiaomi 13 Ultra; OPPO Find X6 Pro; vivo X100 Pro,https://spinformation.info/all/smartphone-image-sensor/,Existing catalog / official + SP information,,,High,,16,Rear Main,2022.0,2025.0,2,Leica Leitz Phone 2,Leica,Rear Main,2022.0,,https://helpix.ru/isensor/sony_imx989/,Helpix sensor-phone mapping,,High,PHONE:LEICALEITZPHONE2,Not yet matched,,,,,,,,,,,,,,,,
Sony,IMX989,SONY:IMX989,IMX989,,,Canonical product name,50.3,,1/0.98,1.6,4-in-1,,All-pixel PDAF (OctaPD),Clear HDR; QDOL-HDR4,RGGB,,,Xiaomi 13 Ultra; OPPO Find X6 Pro; vivo X100 Pro,https://spinformation.info/all/smartphone-image-sensor/,Existing catalog / official + SP information,,,High,,16,Rear Main,2022.0,2025.0,2,Sharp Aquos R7,Sharp,Rear Main,2022.0,,https://helpix.ru/isensor/sony_imx989/,Helpix sensor-phone mapping,,High,PHONE:SHARPAQUOSR7,Not yet matched,,,,,,,,,,,,,,,,
Sony,IMX989,SONY:IMX989,IMX989,,,Canonical product name,50.3,,1/0.98,1.6,4-in-1,,All-pixel PDAF (OctaPD),Clear HDR; QDOL-HDR4,RGGB,,,Xiaomi 13 Ultra; OPPO Find X6 Pro; vivo X100 Pro,https://spinformation.info/all/smartphone-image-sensor/,Existing catalog / official + SP information,,,High,,16,Rear Main,2022.0,2025.0,2,Vivo X90 Pro,vivo,Rear Main,2022.0,,https://helpix.ru/isensor/sony_imx989/,Helpix sensor-phone mapping,,High,PHONE:X90PRO,Exact normalized model match,Vivo X90 Pro,136,133,133,,,,,132,,757,2022-12-06,V5,https://www.dxomark.com/smartphones/Vivo/X90-Pro,DXOMARK smartphone ranking,2026-09-27
Sony,IMX989,SONY:IMX989,IMX989,,,Canonical product name,50.3,,1/0.98,1.6,4-in-1,,All-pixel PDAF (OctaPD),Clear HDR; QDOL-HDR4,RGGB,,,Xiaomi 13 Ultra; OPPO Find X6 Pro; vivo X100 Pro,https://spinformation.info/all/smartphone-image-sensor/,Existing catalog / official + SP information,,,High,,16,Rear Main,2022.0,2025.0,2,Vivo X90 Pro+,vivo,Rear Main,2022.0,,https://helpix.ru/isensor/sony_imx989/,Helpix sensor-phone mapping,,High,PHONE:X90PRO,Not yet matched,,,,,,,,,,,,,,,,
Sony,IMX989,SONY:IMX989,IMX989,,,Canonical product name,50.3,,1/0.98,1.6,4-in-1,,All-pixel PDAF (OctaPD),Clear HDR; QDOL-HDR4,RGGB,,,Xiaomi 13 Ultra; OPPO Find X6 Pro; vivo X100 Pro,https://spinformation.info/all/smartphone-image-sensor/,Existing catalog / official + SP information,,,High,,16,Rear Main,2022.0,2025.0,2,Xiaomi 12S Ultra,Xiaomi,Rear Main,2022.0,,https://helpix.ru/isensor/sony_imx989/,Helpix sensor-phone mapping,,High,PHONE:12SULTRA,Exact normalized model match,Xiaomi 12S Ultra,136,137,129,,,,114,125,,908,2022-07-04,V5,https://www.dxomark.com/smartphones/Xiaomi/12S-Ultra,DXOMARK smartphone ranking,2026-09-27
Sony,IMX989,SONY:IMX989,IMX989,,,Canonical product name,50.3,,1/0.98,1.6,4-in-1,,All-pixel PDAF (OctaPD),Clear HDR; QDOL-HDR4,RGGB,,,Xiaomi 13 Ultra; OPPO Find X6 Pro; vivo X100 Pro,https://spinformation.info/all/smartphone-image-sensor/,Existing catalog / official + SP information,,,High,,16,Rear Main,2022.0,2025.0,2,Xiaomi 13 Pro,Xiaomi,Rear Main,2022.0,,https://helpix.ru/isensor/sony_imx989/,Helpix sensor-phone mapping,,High,PHONE:13PRO,Exact normalized model match,Xiaomi 13 Pro,136,136,129,,,,,131,126,1299,2022-12-11,V5,https://www.dxomark.com/smartphones/Xiaomi/13-Pro,DXOMARK smartphone ranking,2026-09-27
Sony,IMX989,SONY:IMX989,IMX989,,,Canonical product name,50.3,,1/0.98,1.6,4-in-1,,All-pixel PDAF (OctaPD),Clear HDR; QDOL-HDR4,RGGB,,,Xiaomi 13 Ultra; OPPO Find X6 Pro; vivo X100 Pro,https://spinformation.info/all/smartphone-image-sensor/,Existing catalog / official + SP information,,,High,,16,Rear Main,2022.0,2025.0,2,OPPO Find X6 Pro,OPPO,Rear Main,2023.0,,https://helpix.ru/isensor/sony_imx989/,Helpix sensor-phone mapping,,High,PHONE:FINDX6PRO,Exact normalized model match,Oppo Find X6 Pro,153,153,148,,,,,138,151,908,2023-03-21,V5,https://www.dxomark.com/smartphones/Oppo/Find-X6-Pro,DXOMARK smartphone ranking,2026-09-27
Sony,IMX989,SONY:IMX989,IMX989,,,Canonical product name,50.3,,1/0.98,1.6,4-in-1,,All-pixel PDAF (OctaPD),Clear HDR; QDOL-HDR4,RGGB,,,Xiaomi 13 Ultra; OPPO Find X6 Pro; vivo X100 Pro,https://spinformation.info/all/smartphone-image-sensor/,Existing catalog / official + SP information,,,High,,16,Rear Main,2022.0,2025.0,2,Sharp Aquos R7s,Sharp,Rear Main,2023.0,,https://helpix.ru/isensor/sony_imx989/,Helpix sensor-phone mapping,,High,PHONE:SHARPAQUOSR7S,Not yet matched,,,,,,,,,,,,,,,,
Sony,IMX989,SONY:IMX989,IMX989,,,Canonical product name,50.3,,1/0.98,1.6,4-in-1,,All-pixel PDAF (OctaPD),Clear HDR; QDOL-HDR4,RGGB,,,Xiaomi 13 Ultra; OPPO Find X6 Pro; vivo X100 Pro,https://spinformation.info/all/smartphone-image-sensor/,Existing catalog / official + SP information,,,High,,16,Rear Main,2022.0,2025.0,2,Vivo X100 Pro,vivo,Rear Main,2023.0,Dimensity 9300,https://helpix.ru/isensor/sony_imx989/,Helpix sensor-phone mapping,https://www.vivo.com/en/products/param/x100pro,High,PHONE:X100PRO,Exact normalized model match,Vivo X100 Pro,150,149,145,,,,,153,,757,2023-11-21,V5,https://www.dxomark.com/smartphones/Vivo/X100-Pro,DXOMARK smartphone ranking,2026-09-27
Sony,IMX989,SONY:IMX989,IMX989,,,Canonical product name,50.3,,1/0.98,1.6,4-in-1,,All-pixel PDAF (OctaPD),Clear HDR; QDOL-HDR4,RGGB,,,Xiaomi 13 Ultra; OPPO Find X6 Pro; vivo X100 Pro,https://spinformation.info/all/smartphone-image-sensor/,Existing catalog / official + SP information,,,High,,16,Rear Main,2022.0,2025.0,2,Xiaomi 13 Ultra,Xiaomi,Rear Main,2023.0,Snapdragon 8 Gen 2,https://helpix.ru/isensor/sony_imx989/,Helpix sensor-phone mapping,https://www.mi.com/global/product/xiaomi-13-ultra/specs/,High,PHONE:13ULTRA,Exact normalized model match,Xiaomi 13 Ultra,140,138,137,,,,128,130,133,908,2023-04-18,V5,https://www.dxomark.com/smartphones/Xiaomi/13-Ultra,DXOMARK smartphone ranking,2026-09-27
Sony,IMX989,SONY:IMX989,IMX989,,,Canonical product name,50.3,,1/0.98,1.6,4-in-1,,All-pixel PDAF (OctaPD),Clear HDR; QDOL-HDR4,RGGB,,,Xiaomi 13 Ultra; OPPO Find X6 Pro; vivo X100 Pro,https://spinformation.info/all/smartphone-image-sensor/,Existing catalog / official + SP information,,,High,,16,Rear Main,2022.0,2025.0,2,Huawei Pura 70 Ultra,Huawei,Rear Main,2024.0,,https://helpix.ru/isensor/sony_imx989/,Helpix sensor-phone mapping,,High,PHONE:PURA70ULTRA,Exact normalized model match,Huawei Pura 70 Ultra,163,167,155,,,,,,,1499,2024-04-29,V6,https://www.dxomark.com/smartphones/Huawei/Pura-70-Ultra,DXOMARK smartphone ranking,2026-09-27
Sony,IMX989,SONY:IMX989,IMX989,,,Canonical product name,50.3,,1/0.98,1.6,4-in-1,,All-pixel PDAF (OctaPD),Clear HDR; QDOL-HDR4,RGGB,,,Xiaomi 13 Ultra; OPPO Find X6 Pro; vivo X100 Pro,https://spinformation.info/all/smartphone-image-sensor/,Existing catalog / official + SP information,,,High,,16,Rear Main,2022.0,2025.0,2,Vivo X100s Pro,vivo,Rear Main,2024.0,,https://helpix.ru/isensor/sony_imx989/,Helpix sensor-phone mapping,,High,PHONE:X100SPRO,Not yet matched,,,,,,,,,,,,,,,,
Sony,IMX989,SONY:IMX989,IMX989,,,Canonical product name,50.3,,1/0.98,1.6,4-in-1,,All-pixel PDAF (OctaPD),Clear HDR; QDOL-HDR4,RGGB,,,Xiaomi 13 Ultra; OPPO Find X6 Pro; vivo X100 Pro,https://spinformation.info/all/smartphone-image-sensor/,Existing catalog / official + SP information,,,High,,16,Rear Main,2022.0,2025.0,2,Ulefone Armor 28 Pro,Ulefone,Rear Main,2025.0,,https://helpix.ru/isensor/sony_imx989/,Helpix sensor-phone mapping,,High,PHONE:ULEFONEARMOR28PRO,Not yet matched,,,,,,,,,,,,,,,,
Sony,IMX989,SONY:IMX989,IMX989,,,Canonical product name,50.3,,1/0.98,1.6,4-in-1,,All-pixel PDAF (OctaPD),Clear HDR; QDOL-HDR4,RGGB,,,Xiaomi 13 Ultra; OPPO Find X6 Pro; vivo X100 Pro,https://spinformation.info/all/smartphone-image-sensor/,Existing catalog / official + SP information,,,High,,16,Rear Main,2022.0,2025.0,2,Ulefone Armor 28 Ultra,Ulefone,Rear Main,2025.0,,https://helpix.ru/isensor/sony_imx989/,Helpix sensor-phone mapping,,High,PHONE:ULEFONEARMOR28ULTRA,Not yet matched,,,,,,,,,,,,,,,,
Sony,IMX989,SONY:IMX989,IMX989,,,Canonical product name,50.3,,1/0.98,1.6,4-in-1,,All-pixel PDAF (OctaPD),Clear HDR; QDOL-HDR4,RGGB,,,Xiaomi 13 Ultra; OPPO Find X6 Pro; vivo X100 Pro,https://spinformation.info/all/smartphone-image-sensor/,Existing catalog / official + SP information,,,High,,16,Rear Main,2022.0,2025.0,2,Ulefone Armor 28 Ultra Thermal Version,Ulefone,Rear Main,2025.0,,https://helpix.ru/isensor/sony_imx989/,Helpix sensor-phone mapping,,High,PHONE:ULEFONEARMOR28ULTRATHERMALVERSION,Not yet matched,,,,,,,,,,,,,,,,
Sony,IMX989,SONY:IMX989,IMX989,,,Canonical product name,50.3,,1/0.98,1.6,4-in-1,,All-pixel PDAF (OctaPD),Clear HDR; QDOL-HDR4,RGGB,,,Xiaomi 13 Ultra; OPPO Find X6 Pro; vivo X100 Pro,https://spinformation.info/all/smartphone-image-sensor/,Existing catalog / official + SP information,,,High,,16,Rear Main,2022.0,2025.0,2,Ulefone Armor 29 Ultra,Ulefone,Rear Main,2025.0,,https://helpix.ru/isensor/sony_imx989/,Helpix sensor-phone mapping,,High,PHONE:ULEFONEARMOR29ULTRA,Not yet matched,,,,,,,,,,,,,,,,
Sony,LYT-506,SONY:LYT-506,LYT-506,,,Canonical product name,32,,1/2.74,0.8,,,,,,,,,https://helpix.ru/isensor/,Helpix smartphone sensor index,Added in ultra expansion; mobile-camera sensor index listing.,2024.0,Medium,,0,,,,0,,,,,,,,,,,No phone mapping,,,,,,,,,,,,,,,,
Sony,LYT-602,SONY:LYT-602,LYT-602,,,Canonical product name,50,,1/1.95,0.8,,,,,,,,,https://helpix.ru/isensor/,Helpix smartphone sensor index,Added in ultra expansion; mobile-camera sensor index listing.,2025.0,Medium,,0,,,,0,,,,,,,,,,,No phone mapping,,,,,,,,,,,,,,,,
Sony,LYT-700,SONY:LYT-700,LYT-700,,,Canonical product name,50,,1/1.56,1.0,,,,,,,,,https://helpix.ru/isensor/,Helpix smartphone sensor index,Added in ultra expansion; mobile-camera sensor index listing.,2024.0,Medium,,0,,,,0,,,,,,,,,,,No phone mapping,,,,,,,,,,,,,,,,
Sony,LYT-701,SONY:LYT-701,LYT-701,,,Canonical product name,50,,1/1.56,1.0,,,,,,,,,https://helpix.ru/isensor/,Helpix smartphone sensor index,Added in ultra expansion; mobile-camera sensor index listing.,2024.0,Medium,,0,,,,0,,,,,,,,,,,No phone mapping,,,,,,,,,,,,,,,,
Sony,LYT-818,SONY:LYT-818,LYT-818,,,Canonical product name,50,,1/1.28,1.22,,,,,,,,,https://helpix.ru/isensor/,Helpix smartphone sensor index,Added in ultra expansion; mobile-camera sensor index listing.,2024.0,Medium,,0,,,,0,,,,,,,,,,,No phone mapping,,,,,,,,,,,,,,,,
Sony,LYT-828,SONY:LYT-828,LYT-828,,,Canonical product name,50,,1/1.28,1.22,,,,,,,,,https://helpix.ru/isensor/,Helpix smartphone sensor index,Added in ultra expansion; mobile-camera sensor index listing.,2025.0,Medium,,0,,,,0,,,,,,,,,,,No phone mapping,,,,,,,,,,,,,,,,
Sony,LYT-T808,SONY:LYT-T808,LYT-T808,,,Canonical product name,48,,1/1.43,1.12,,,,,,,,,https://helpix.ru/isensor/,Helpix smartphone sensor index,Added in ultra expansion; mobile-camera sensor index listing.,2023.0,Medium,,0,,,,0,,,,,,,,,,,No phone mapping,,,,,,,,,,,,,,,,
Sony,LYTIA 500,SONY:LYTIA 500,LYTIA 500,,,Canonical product name,50,,1/2.93,0.6,4-in-1,,Partial PD,LBMF,,,,,https://www.sony-semicon.com/en/products/is/mobile/lineup.html,Existing catalog / official + SP information,Always-on supported in official Sony lineup.,2026.0,High,https://helpix.ru/isensor/,0,,,,0,,,,,,,,,,,No phone mapping,,,,,,,,,,,,,,,,
Sony,LYTIA 501,SONY:LYTIA 501,LYTIA 501,,,Canonical product name,12.5,,1/2.93,0.6,,,Partial PD,LBMF,,,,,https://www.sony-semicon.com/en/products/is/mobile/lineup.html,Existing catalog / official + SP information,,,High,,0,,,,0,,,,,,,,,,,No phone mapping,,,,,,,,,,,,,,,,
Sony,LYTIA 505,SONY:LYTIA 505,LYTIA 505,,,Canonical product name,50,,1/2.93,0.6,,,Partial PD,LBMF,,,,,https://www.sony-semicon.com/en/products/is/mobile/lineup.html,Existing catalog / official + SP information,,,High,,0,,,,0,,,,,,,,,,,No phone mapping,,,,,,,,,,,,,,,,
Sony,LYTIA 506,SONY:LYTIA 506,LYTIA 506,,,Canonical product name,32,,1/2.74,0.8,,,PDAF,,RGGB,,,OPPO Find X8 Pro,https://spinformation.info/all/smartphone-image-sensor/,Existing catalog / official + SP information,,,High,,1,,,,0,OPPO Find X8 Pro,OPPO,Unknown,,,https://spinformation.info/all/smartphone-image-sensor/,Existing master Example_Phones,,High,PHONE:FINDX8PRO,Exact normalized model match,Oppo Find X8 Pro,157,160,151,,,,,152,155,1199,2024-10-30,V5,https://www.dxomark.com/smartphones/Oppo/Find-X8-Pro,DXOMARK smartphone ranking,2026-09-27
Sony,LYTIA 600 / IMX882,SONY:LYTIA 600 / IMX882,LYTIA 600 / IMX882,,,Canonical product name,50,,1/1.95,0.8,4-in-1,,All-pixel AF,LBMF,,,,OPPO Reno 14; OnePlus Nord 4; POCO F7,https://www.sony-semicon.com/en/products/is/mobile/lineup.html,Existing catalog / official + SP information,SP information also lists an IMX882 variant at 1/1.95 and another at 1/1.95 with 0.7um.,,High,,3,,,,0,OPPO Reno 14,OPPO,Unknown,,,https://www.sony-semicon.com/en/products/is/mobile/lineup.html,Existing master Example_Phones,,High,PHONE:RENO14,Not yet matched,,,,,,,,,,,,,,,,
Sony,LYTIA 600 / IMX882,SONY:LYTIA 600 / IMX882,LYTIA 600 / IMX882,,,Canonical product name,50,,1/1.95,0.8,4-in-1,,All-pixel AF,LBMF,,,,OPPO Reno 14; OnePlus Nord 4; POCO F7,https://www.sony-semicon.com/en/products/is/mobile/lineup.html,Existing catalog / official + SP information,SP information also lists an IMX882 variant at 1/1.95 and another at 1/1.95 with 0.7um.,,High,,3,,,,0,OnePlus Nord 4,OnePlus,Unknown,,,https://www.sony-semicon.com/en/products/is/mobile/lineup.html,Existing master Example_Phones,,High,PHONE:ONEPLUSNORD4,Not yet matched,,,,,,,,,,,,,,,,
Sony,LYTIA 600 / IMX882,SONY:LYTIA 600 / IMX882,LYTIA 600 / IMX882,,,Canonical product name,50,,1/1.95,0.8,4-in-1,,All-pixel AF,LBMF,,,,OPPO Reno 14; OnePlus Nord 4; POCO F7,https://www.sony-semicon.com/en/products/is/mobile/lineup.html,Existing catalog / official + SP information,SP information also lists an IMX882 variant at 1/1.95 and another at 1/1.95 with 0.7um.,,High,,3,,,,0,POCO F7,Xiaomi,Unknown,,,https://www.sony-semicon.com/en/products/is/mobile/lineup.html,Existing master Example_Phones,,High,PHONE:POCOF7,Not yet matched,,,,,,,,,,,,,,,,
Sony,LYTIA 602,SONY:LYTIA 602,LYTIA 602,,,Canonical product name,50,,1/1.953,0.8,4-in-1,,All-pixel AF (2x2 OCL),,RGGB,,,vivo X300,https://spinformation.info/all/smartphone-image-sensor/,Existing catalog / official + SP information,,,High,,1,,,,0,vivo X300,vivo,Unknown,,,https://spinformation.info/all/smartphone-image-sensor/,Existing master Example_Phones,,High,PHONE:X300,Not yet matched,,,,,,,,,,,,,,,,
Sony,LYTIA 700,SONY:LYTIA 700,LYTIA 700,,,Canonical product name,50,,1/1.56,1.0,4-in-1,,All-pixel AF,DAG-HDR; LBMF,,,,ASUS ROG Phone 9; ROG Phone 9 Pro,https://www.sony-semicon.com/en/products/is/mobile/lineup.html,Existing catalog / official + SP information,,,High,,2,,,,0,ASUS ROG Phone 9,ASUS,Unknown,,,https://www.sony-semicon.com/en/products/is/mobile/lineup.html,Existing master Example_Phones,,High,PHONE:ASUSROGPHONE9,Not yet matched,,,,,,,,,,,,,,,,
Sony,LYTIA 700,SONY:LYTIA 700,LYTIA 700,,,Canonical product name,50,,1/1.56,1.0,4-in-1,,All-pixel AF,DAG-HDR; LBMF,,,,ASUS ROG Phone 9; ROG Phone 9 Pro,https://www.sony-semicon.com/en/products/is/mobile/lineup.html,Existing catalog / official + SP information,,,High,,2,,,,0,ROG Phone 9 Pro,ASUS,Unknown,,,https://www.sony-semicon.com/en/products/is/mobile/lineup.html,Existing master Example_Phones,,High,PHONE:ROGPHONE9PRO,Not yet matched,,,,,,,,,,,,,,,,
Sony,LYTIA 700C,SONY:LYTIA 700C,LYTIA 700C,,,Canonical product name,50,,1/1.56,1.0,4-in-1,,All-pixel AF,DAG-HDR; LBMF,,,,OnePlus 13R; OPPO Find N5; Motorola Edge 60 Pro,https://www.sony-semicon.com/en/products/is/mobile/lineup.html,Existing catalog / official + SP information,,,High,,3,,,,0,Motorola Edge 60 Pro,Motorola,Unknown,,,https://www.sony-semicon.com/en/products/is/mobile/lineup.html,Existing master Example_Phones,,High,PHONE:EDGE60PRO,Exact normalized model match,Motorola Edge 60 Pro,,,,,,,,,164,599,2025-04-24,,https://www.dxomark.com/smartphones/Motorola/Edge-60-Pro,DXOMARK smartphone ranking,2026-09-27
Sony,LYTIA 700C,SONY:LYTIA 700C,LYTIA 700C,,,Canonical product name,50,,1/1.56,1.0,4-in-1,,All-pixel AF,DAG-HDR; LBMF,,,,OnePlus 13R; OPPO Find N5; Motorola Edge 60 Pro,https://www.sony-semicon.com/en/products/is/mobile/lineup.html,Existing catalog / official + SP information,,,High,,3,,,,0,OPPO Find N5,OPPO,Unknown,,,https://www.sony-semicon.com/en/products/is/mobile/lineup.html,Existing master Example_Phones,,High,PHONE:FINDN5,Exact normalized model match,Oppo Find N5,,,,,,,,144,,1799,2025-02-28,,https://www.dxomark.com/smartphones/Oppo/Find-N5,DXOMARK smartphone ranking,2026-09-27
Sony,LYTIA 700C,SONY:LYTIA 700C,LYTIA 700C,,,Canonical product name,50,,1/1.56,1.0,4-in-1,,All-pixel AF,DAG-HDR; LBMF,,,,OnePlus 13R; OPPO Find N5; Motorola Edge 60 Pro,https://www.sony-semicon.com/en/products/is/mobile/lineup.html,Existing catalog / official + SP information,,,High,,3,,,,0,OnePlus 13R,OnePlus,Unknown,,,https://www.sony-semicon.com/en/products/is/mobile/lineup.html,Existing master Example_Phones,,High,PHONE:ONEPLUS13R,Not yet matched,,,,,,,,,,,,,,,,
Sony,LYTIA 701,SONY:LYTIA 701,LYTIA 701,,,Canonical product name,50,,1/1.56,1.0,4-in-1,,All-pixel AF (2x2 OCL),,RGGB,,,Realme 13 Pro+; Tecno Camon 40 Premier,https://spinformation.info/all/smartphone-image-sensor/,Existing catalog / official + SP information,,,High,,2,,,,0,Realme 13 Pro+,Realme,Unknown,,,https://spinformation.info/all/smartphone-image-sensor/,Existing master Example_Phones,,High,PHONE:REALME13PRO,Not yet matched,,,,,,,,,,,,,,,,
Sony,LYTIA 701,SONY:LYTIA 701,LYTIA 701,,,Canonical product name,50,,1/1.56,1.0,4-in-1,,All-pixel AF (2x2 OCL),,RGGB,,,Realme 13 Pro+; Tecno Camon 40 Premier,https://spinformation.info/all/smartphone-image-sensor/,Existing catalog / official + SP information,,,High,,2,,,,0,Tecno Camon 40 Premier,Tecno,Unknown,,,https://spinformation.info/all/smartphone-image-sensor/,Existing master Example_Phones,,High,PHONE:TECNOCAMON40PREMIER,Not yet matched,,,,,,,,,,,,,,,,
Sony,LYTIA 710 (IMX917),SONY:LYTIA 710 (IMX917),LYTIA 710 (IMX917),,,Canonical product name,50,,1/1.56,1.0,,,,,,,,,https://helpix.ru/isensor/,Helpix smartphone sensor index,Added in ultra expansion; mobile-camera sensor index listing.,2026.0,Medium,,0,,,,0,,,,,,,,,,,No phone mapping,,,,,,,,,,,,,,,,
Sony,LYTIA 800,SONY:LYTIA 800,LYTIA 800,,,Canonical product name,53,,1/1.43,1.12,4-in-1,,All-pixel AF,,RGGB,,,,https://spinformation.info/all/smartphone-image-sensor/,Existing catalog / official + SP information,Older LYTIA naming in third-party table.,,High,,0,,,,0,,,,,,,,,,,No phone mapping,,,,,,,,,,,,,,,,
Sony,LYTIA 808 / IMX966,SONY:LYTIA 808 / IMX966,LYTIA 808 / IMX966,,,Canonical product name,50,,1/1.4,1.12,4-in-1,,All-pixel AF (OctaPD),DCG-HDR; LBMF,RGGB,,,OnePlus 13; OnePlus 12; OPPO Find X8 Pro,https://www.sony-semicon.com/en/products/is/mobile/lineup.html,Existing catalog / official + SP information,,,High,,3,,,,0,OPPO Find X8 Pro,OPPO,Unknown,,,https://www.sony-semicon.com/en/products/is/mobile/lineup.html,Existing master Example_Phones,,High,PHONE:FINDX8PRO,Exact normalized model match,Oppo Find X8 Pro,157,160,151,,,,,152,155,1199,2024-10-30,V5,https://www.dxomark.com/smartphones/Oppo/Find-X8-Pro,DXOMARK smartphone ranking,2026-09-27
Sony,LYTIA 808 / IMX966,SONY:LYTIA 808 / IMX966,LYTIA 808 / IMX966,,,Canonical product name,50,,1/1.4,1.12,4-in-1,,All-pixel AF (OctaPD),DCG-HDR; LBMF,RGGB,,,OnePlus 13; OnePlus 12; OPPO Find X8 Pro,https://www.sony-semicon.com/en/products/is/mobile/lineup.html,Existing catalog / official + SP information,,,High,,3,,,,0,OnePlus 12,OnePlus,Unknown,,,https://www.sony-semicon.com/en/products/is/mobile/lineup.html,Existing master Example_Phones,,High,PHONE:ONEPLUS12,Not yet matched,,,,,,,,,,,,,,,,
Sony,LYTIA 808 / IMX966,SONY:LYTIA 808 / IMX966,LYTIA 808 / IMX966,,,Canonical product name,50,,1/1.4,1.12,4-in-1,,All-pixel AF (OctaPD),DCG-HDR; LBMF,RGGB,,,OnePlus 13; OnePlus 12; OPPO Find X8 Pro,https://www.sony-semicon.com/en/products/is/mobile/lineup.html,Existing catalog / official + SP information,,,High,,3,,,,0,OnePlus 13,OnePlus,Unknown,,,https://www.sony-semicon.com/en/products/is/mobile/lineup.html,Existing master Example_Phones,,High,PHONE:ONEPLUS13,Exact normalized model match,OnePlus 13,,,,,,,,143,,899,2024-10-31,,https://www.dxomark.com/smartphones/OnePlus/13,DXOMARK smartphone ranking,2026-09-27
Sony,LYTIA 818 / IMX06C,SONY:LYTIA 818 / IMX06C,LYTIA 818 / IMX06C,,,Canonical product name,50,,1/1.28,1.22,4-in-1,,All-pixel AF,DCG-HDR; LBMF,RGGB,,,vivo X300 Ultra; vivo X200 Ultra; vivo X200 Pro,https://www.sony-semicon.com/en/products/is/mobile/lineup.html,Existing catalog / official + SP information,IMX06C alias listed by SP information.,,High,,3,,,,0,vivo X200 Pro,vivo,Unknown,,,https://www.sony-semicon.com/en/products/is/mobile/lineup.html,Existing master Example_Phones,,High,PHONE:X200PRO,Not yet matched,,,,,,,,,,,,,,,,
Sony,LYTIA 818 / IMX06C,SONY:LYTIA 818 / IMX06C,LYTIA 818 / IMX06C,,,Canonical product name,50,,1/1.28,1.22,4-in-1,,All-pixel AF,DCG-HDR; LBMF,RGGB,,,vivo X300 Ultra; vivo X200 Ultra; vivo X200 Pro,https://www.sony-semicon.com/en/products/is/mobile/lineup.html,Existing catalog / official + SP information,IMX06C alias listed by SP information.,,High,,3,,,,0,vivo X200 Ultra,vivo,Unknown,,,https://www.sony-semicon.com/en/products/is/mobile/lineup.html,Existing master Example_Phones,,High,PHONE:X200ULTRA,Exact normalized model match,Vivo X200 Ultra,167,173,156,,,,,149,,1100,2025-04-21,V6,https://www.dxomark.com/smartphones/Vivo/X200-Ultra,DXOMARK smartphone ranking,2026-09-27
Sony,LYTIA 818 / IMX06C,SONY:LYTIA 818 / IMX06C,LYTIA 818 / IMX06C,,,Canonical product name,50,,1/1.28,1.22,4-in-1,,All-pixel AF,DCG-HDR; LBMF,RGGB,,,vivo X300 Ultra; vivo X200 Ultra; vivo X200 Pro,https://www.sony-semicon.com/en/products/is/mobile/lineup.html,Existing catalog / official + SP information,IMX06C alias listed by SP information.,,High,,3,,,,0,vivo X300 Ultra,vivo,Unknown,,,https://www.sony-semicon.com/en/products/is/mobile/lineup.html,Existing master Example_Phones,,High,PHONE:X300ULTRA,Exact normalized model match,Vivo X300 Ultra,170,174,162,,,,,,,1499,2026-04-08,V6,https://www.dxomark.com/smartphones/Vivo/X300-Ultra,DXOMARK smartphone ranking,2026-09-27
Sony,LYTIA 828,SONY:LYTIA 828,LYTIA 828,,,Canonical product name,50,,1/1.28,1.22,4-in-1,,All-pixel AF,HF-HDR; DCG-HDR; LBMF,RGGB,,,OPPO Find X9 Pro; vivo X300 Pro,https://www.sony-semicon.com/en/products/is/mobile/lineup.html,Existing catalog / official + SP information,,,High,,2,,,,0,OPPO Find X9 Pro,OPPO,Unknown,,,https://www.sony-semicon.com/en/products/is/mobile/lineup.html,Existing master Example_Phones,,High,PHONE:FINDX9PRO,Exact normalized model match,Oppo Find X9 Pro,166,169,159,,,,,,,1299,2025-11-06,V6,https://www.dxomark.com/smartphones/Oppo/Find-X9-Pro,DXOMARK smartphone ranking,2026-09-27
Sony,LYTIA 828,SONY:LYTIA 828,LYTIA 828,,,Canonical product name,50,,1/1.28,1.22,4-in-1,,All-pixel AF,HF-HDR; DCG-HDR; LBMF,RGGB,,,OPPO Find X9 Pro; vivo X300 Pro,https://www.sony-semicon.com/en/products/is/mobile/lineup.html,Existing catalog / official + SP information,,,High,,2,,,,0,vivo X300 Pro,vivo,Unknown,,,https://www.sony-semicon.com/en/products/is/mobile/lineup.html,Existing master Example_Phones,,High,PHONE:X300PRO,Exact normalized model match,Vivo X300 Pro,171,171,169,,,,,,,1299,2025-10-17,V6,https://www.dxomark.com/smartphones/Vivo/X300-Pro,DXOMARK smartphone ranking,2026-09-27
Sony,LYTIA 900 / LYT-900 / IMX06A,SONY:LYTIA 900 / LYT-900 / IMX06A,LYTIA 900 / LYT-900 / IMX06A,,,Canonical product name,50.3,,1/0.98,1.6,4-in-1,,All-pixel AF (OctaPD),DCG-HDR; LBMF,RGGB,,,Xiaomi 14 Ultra; OPPO Find X8 Ultra; vivo X100 Ultra,https://www.sony-semicon.com/en/products/is/mobile/lineup.html,Existing catalog / official + SP information,Alias naming varies by source.,,High,,3,,,,0,OPPO Find X8 Ultra,OPPO,Unknown,,,https://www.sony-semicon.com/en/products/is/mobile/lineup.html,Existing master Example_Phones,,High,PHONE:FINDX8ULTRA,Exact normalized model match,Oppo Find X8 Ultra,168,170,166,,,,,,,899,2025-04-10,V6,https://www.dxomark.com/smartphones/Oppo/Find-X8-Ultra,DXOMARK smartphone ranking,2026-09-27
Sony,LYTIA 900 / LYT-900 / IMX06A,SONY:LYTIA 900 / LYT-900 / IMX06A,LYTIA 900 / LYT-900 / IMX06A,,,Canonical product name,50.3,,1/0.98,1.6,4-in-1,,All-pixel AF (OctaPD),DCG-HDR; LBMF,RGGB,,,Xiaomi 14 Ultra; OPPO Find X8 Ultra; vivo X100 Ultra,https://www.sony-semicon.com/en/products/is/mobile/lineup.html,Existing catalog / official + SP information,Alias naming varies by source.,,High,,3,,,,0,Xiaomi 14 Ultra,Xiaomi,Unknown,,,https://www.sony-semicon.com/en/products/is/mobile/lineup.html,Existing master Example_Phones,,High,PHONE:14ULTRA,Exact normalized model match,Xiaomi 14 Ultra,149,144,150,,,,,140,123,1499,2024-02-26,V5,https://www.dxomark.com/smartphones/Xiaomi/14-Ultra,DXOMARK smartphone ranking,2026-09-27
Sony,LYTIA 900 / LYT-900 / IMX06A,SONY:LYTIA 900 / LYT-900 / IMX06A,LYTIA 900 / LYT-900 / IMX06A,,,Canonical product name,50.3,,1/0.98,1.6,4-in-1,,All-pixel AF (OctaPD),DCG-HDR; LBMF,RGGB,,,Xiaomi 14 Ultra; OPPO Find X8 Ultra; vivo X100 Ultra,https://www.sony-semicon.com/en/products/is/mobile/lineup.html,Existing catalog / official + SP information,Alias naming varies by source.,,High,,3,,,,0,vivo X100 Ultra,vivo,Unknown,,,https://www.sony-semicon.com/en/products/is/mobile/lineup.html,Existing master Example_Phones,,High,PHONE:X100ULTRA,Not yet matched,,,,,,,,,,,,,,,,
Sony,LYTIA 901,SONY:LYTIA 901,LYTIA 901,,,Canonical product name,200,,1/1.12,0.7,16-in-1,,All-pixel AF,HF-HDR; DCG-HDR; LBMF,,,,OPPO Find X9 Ultra; vivo X300 Ultra,https://www.sony-semicon.com/en/products/is/mobile/lineup.html,Existing catalog / official + SP information,Official LYTIA lineup; SP information lists device examples.,2025.0,High,https://helpix.ru/isensor/,2,,,,0,OPPO Find X9 Ultra,OPPO,Unknown,,,https://www.sony-semicon.com/en/products/is/mobile/lineup.html,Existing master Example_Phones,,High,PHONE:FINDX9ULTRA,Exact normalized model match,Oppo Find X9 Ultra,170,175,161,,,,,,,1699,2026-05-08,V6,https://www.dxomark.com/smartphones/Oppo/Find-X9-Ultra,DXOMARK smartphone ranking,2026-09-27
Sony,LYTIA 901,SONY:LYTIA 901,LYTIA 901,,,Canonical product name,200,,1/1.12,0.7,16-in-1,,All-pixel AF,HF-HDR; DCG-HDR; LBMF,,,,OPPO Find X9 Ultra; vivo X300 Ultra,https://www.sony-semicon.com/en/products/is/mobile/lineup.html,Existing catalog / official + SP information,Official LYTIA lineup; SP information lists device examples.,2025.0,High,https://helpix.ru/isensor/,2,,,,0,vivo X300 Ultra,vivo,Unknown,,,https://www.sony-semicon.com/en/products/is/mobile/lineup.html,Existing master Example_Phones,,High,PHONE:X300ULTRA,Exact normalized model match,Vivo X300 Ultra,170,174,162,,,,,,,1499,2026-04-08,V6,https://www.dxomark.com/smartphones/Vivo/X300-Ultra,DXOMARK smartphone ranking,2026-09-27
Sony,LYTIA T808,SONY:LYTIA T808,LYTIA T808,,,Canonical product name,52,,1/1.43,1.12,4-in-1,,All-pixel AF (OctaPD),DCG-HDR; LBMF,RGGB,,,OPPO Find N3; OnePlus Open,https://www.sony-semicon.com/en/products/is/mobile/lineup.html,Existing catalog / official + SP information,2-Layer Pixel.,,High,,2,,,,0,OPPO Find N3,OPPO,Unknown,,,https://www.sony-semicon.com/en/products/is/mobile/lineup.html,Existing master Example_Phones,,High,PHONE:FINDN3,Not yet matched,,,,,,,,,,,,,,,,
Sony,LYTIA T808,SONY:LYTIA T808,LYTIA T808,,,Canonical product name,52,,1/1.43,1.12,4-in-1,,All-pixel AF (OctaPD),DCG-HDR; LBMF,RGGB,,,OPPO Find N3; OnePlus Open,https://www.sony-semicon.com/en/products/is/mobile/lineup.html,Existing catalog / official + SP information,2-Layer Pixel.,,High,,2,,,,0,OnePlus Open,OnePlus,Unknown,,,https://www.sony-semicon.com/en/products/is/mobile/lineup.html,Existing master Example_Phones,,High,PHONE:ONEPLUSOPEN,Exact normalized model match,OnePlus Open,,,,,,,,137,,1699,2023-10-26,,https://www.dxomark.com/smartphones/OnePlus/Open,DXOMARK smartphone ranking,2026-09-27
SuperPix,SP2509,SUPERPIX:SP2509,SP2509,,,Canonical product name,2,,1/5.00,1.75,,,,,,,,,https://helpix.ru/isensor/,Helpix smartphone sensor index,Added in ultra expansion; mobile-camera sensor index listing.,2016.0,Medium,,0,,,,0,,,,,,,,,,,No phone mapping,,,,,,,,,,,,,,,,
SuperPix,SP5506,SUPERPIX:SP5506,SP5506,,,Canonical product name,5,,1/5.00,1.12,,,,,,,,,https://helpix.ru/isensor/,Helpix smartphone sensor index,Added in ultra expansion; mobile-camera sensor index listing.,2017.0,Medium,,0,,,,0,,,,,,,,,,,No phone mapping,,,,,,,,,,,,,,,,
SuperPix,SP5507,SUPERPIX:SP5507,SP5507,,,Canonical product name,5,,1/5.00,1.12,,,,,,,,,https://helpix.ru/isensor/,Helpix smartphone sensor index,Added in ultra expansion; mobile-camera sensor index listing.,2016.0,Medium,,0,,,,0,,,,,,,,,,,No phone mapping,,,,,,,,,,,,,,,,
SuperPix,SP8407,SUPERPIX:SP8407,SP8407,,,Canonical product name,8,,1/4.00,1.12,,,,,,,,,https://helpix.ru/isensor/,Helpix smartphone sensor index,Added in ultra expansion; mobile-camera sensor index listing.,2017.0,Medium,,0,,,,0,,,,,,,,,,,No phone mapping,,,,,,,,,,,,,,,,
onsemi,AR1335,ONSEMI:AR1335,AR1335,,,Canonical product name,13,,1/3.20,1.1,,,,,,,,,https://helpix.ru/isensor/,Helpix smartphone sensor index,Added in ultra expansion; mobile-camera sensor index listing.,2015.0,Medium,,0,,,,0,,,,,,,,,,,No phone mapping,,,,,,,,,,,,,,,,
